/* Generated by tools/mk_icon_assets.py - do not edit by hand.
 * Tabler Icons (MIT), baked as A8 alpha masks: the colour comes from the theme
 * at runtime (see qz_icon_image in theme.c), so light and dark share one asset.
 */
#include "icon_assets.h"

/* activity 16px */
static const uint8_t icon_activity_16_map[] = {
    0x00, 0x00, 0x00, 0x00, 0x00, 0x00, 0x00, 0x00, 0x00, 0x00, 0x01, 0x00, 0x00, 0x00, 0x00, 0x00,
    0x00, 0x00, 0x00, 0x00, 0x00, 0x00, 0x00, 0x00, 0x05, 0x15, 0x00, 0x00, 0x00, 0x00, 0x00, 0x00,
    0x00, 0x00, 0x00, 0x00, 0x00, 0x00, 0x04, 0x00, 0x65, 0xed, 0x1e, 0x00, 0x02, 0x00, 0x00, 0x00,
    0x00, 0x00, 0x00, 0x00, 0x00, 0x00, 0x03, 0x00, 0xa9, 0xff, 0x78, 0x00, 0x04, 0x00, 0x00, 0x00,
    0x00, 0x00, 0x00, 0x00, 0x00, 0x01, 0x00, 0x08, 0xdf, 0xff, 0xd2, 0x04, 0x01, 0x01, 0x00, 0x00,
    0x00, 0x02, 0x01, 0x01, 0x01, 0x04, 0x00, 0x33, 0xfd, 0xd8, 0xff, 0x3c, 0x01, 0x04, 0x02, 0x00,
    0x00, 0x00, 0x00, 0x00, 0x00, 0x00, 0x00, 0x6f, 0xff, 0x46, 0xf7, 0x9f, 0x00, 0x00, 0x00, 0x00,
    0x00, 0x8b, 0xd5, 0xd2, 0xc8, 0x3c, 0x00, 0xb6, 0xf3, 0x00, 0xb1, 0xff, 0xce, 0xd5, 0x8a, 0x00,
    0x00, 0x87, 0xd6, 0xcf, 0xff, 0xb0, 0x00, 0xf3, 0xb6, 0x00, 0x39, 0xc5, 0xd2, 0xd5, 0x86, 0x00,
    0x00, 0x00, 0x00, 0x00, 0x9f, 0xf7, 0x47, 0xff, 0x6e, 0x00, 0x00, 0x00, 0x00, 0x00, 0x00, 0x00,
    0x00, 0x02, 0x04, 0x01, 0x3c, 0xff, 0xd8, 0xfd, 0x32, 0x00, 0x04, 0x01, 0x01, 0x01, 0x02, 0x00,
    0x00, 0x00, 0x01, 0x01, 0x04, 0xd3, 0xff, 0xdf, 0x08, 0x00, 0x01, 0x00, 0x00, 0x00, 0x00, 0x00,
    0x00, 0x00, 0x00, 0x04, 0x00, 0x79, 0xff, 0xaa, 0x00, 0x03, 0x00, 0x00, 0x00, 0x00, 0x00, 0x00,
    0x00, 0x00, 0x00, 0x02, 0x00, 0x1f, 0xf0, 0x60, 0x00, 0x04, 0x00, 0x00, 0x00, 0x00, 0x00, 0x00,
    0x00, 0x00, 0x00, 0x00, 0x00, 0x00, 0x18, 0x02, 0x00, 0x00, 0x00, 0x00, 0x00, 0x00, 0x00, 0x00,
    0x00, 0x00, 0x00, 0x00, 0x00, 0x01, 0x00, 0x00, 0x00, 0x00, 0x00, 0x00, 0x00, 0x00, 0x00, 0x00,
};

/* activity 20px */
static const uint8_t icon_activity_20_map[] = {
    0x00, 0x00, 0x00, 0x00, 0x00, 0x00, 0x00, 0x00, 0x00, 0x00, 0x00, 0x04, 0x02, 0x00, 0x00, 0x00,
    0x00, 0x00, 0x00, 0x00, 0x00, 0x00, 0x00, 0x00, 0x00, 0x00, 0x00, 0x00, 0x00, 0x00, 0x00, 0x00,
    0x00, 0x00, 0x00, 0x00, 0x00, 0x00, 0x00, 0x00, 0x00, 0x00, 0x00, 0x00, 0x00, 0x00, 0x00, 0x00,
    0x00, 0x00, 0x03, 0x6b, 0x22, 0x01, 0x01, 0x00, 0x00, 0x00, 0x00, 0x00, 0x00, 0x00, 0x00, 0x00,
    0x00, 0x00, 0x00, 0x00, 0x03, 0x00, 0x39, 0xff, 0x9c, 0x00, 0x03, 0x00, 0x00, 0x00, 0x00, 0x00,
    0x00, 0x00, 0x00, 0x00, 0x00, 0x00, 0x00, 0x00, 0x04, 0x00, 0x7b, 0xfa, 0xe6, 0x10, 0x00, 0x01,
    0x00, 0x00, 0x00, 0x00, 0x00, 0x00, 0x00, 0x00, 0x00, 0x00, 0x00, 0x00, 0x02, 0x00, 0xb9, 0xff,
    0xff, 0x5c, 0x00, 0x04, 0x00, 0x00, 0x00, 0x00, 0x00, 0x00, 0x00, 0x00, 0x00, 0x00, 0x00, 0x01,
    0x00, 0x0e, 0xf1, 0xd6, 0xf0, 0xc2, 0x00, 0x02, 0x01, 0x00, 0x00, 0x00, 0x00, 0x01, 0x01, 0x01,
    0x01, 0x01, 0x02, 0x03, 0x00, 0x3c, 0xff, 0x6b, 0x98, 0xff, 0x22, 0x01, 0x03, 0x01, 0x01, 0x00,
    0x00, 0x00, 0x00, 0x00, 0x00, 0x00, 0x00, 0x04, 0x00, 0x7b, 0xff, 0x2c, 0x3a, 0xff, 0x7c, 0x00,
    0x00, 0x00, 0x00, 0x00, 0x00, 0x32, 0xd0, 0xd4, 0xd3, 0xcb, 0x64, 0x00, 0x00, 0xc0, 0xf7, 0x0b,
    0x05, 0xe9, 0xff, 0xd1, 0xd5, 0xd0, 0x30, 0x00, 0x00, 0x33, 0xd0, 0xd5, 0xd1, 0xff, 0xe9, 0x04,
    0x0b, 0xf7, 0xbf, 0x00, 0x00, 0x64, 0xcb, 0xd3, 0xd4, 0xd0, 0x32, 0x00, 0x00, 0x00, 0x00, 0x00,
    0x00, 0x7c, 0xff, 0x3a, 0x2d, 0xff, 0x7a, 0x00, 0x04, 0x00, 0x00, 0x00, 0x00, 0x00, 0x00, 0x00,
    0x00, 0x01, 0x01, 0x03, 0x01, 0x22, 0xff, 0x98, 0x6b, 0xff, 0x3b, 0x00, 0x03, 0x02, 0x01, 0x01,
    0x01, 0x01, 0x01, 0x00, 0x00, 0x00, 0x00, 0x01, 0x02, 0x00, 0xc3, 0xf0, 0xd6, 0xf0, 0x0e, 0x00,
    0x01, 0x00, 0x00, 0x00, 0x00, 0x00, 0x00, 0x00, 0x00, 0x00, 0x00, 0x00, 0x04, 0x00, 0x5d, 0xff,
    0xff, 0xb8, 0x00, 0x02, 0x00, 0x00, 0x00, 0x00, 0x00, 0x00, 0x00, 0x00, 0x00, 0x00, 0x00, 0x00,
    0x01, 0x00, 0x10, 0xe6, 0xfa, 0x7a, 0x00, 0x04, 0x00, 0x00, 0x00, 0x00, 0x00, 0x00, 0x00, 0x00,
    0x00, 0x00, 0x00, 0x00, 0x00, 0x03, 0x00, 0x9b, 0xff, 0x39, 0x00, 0x03, 0x00, 0x00, 0x00, 0x00,
    0x00, 0x00, 0x00, 0x00, 0x00, 0x00, 0x00, 0x00, 0x00, 0x01, 0x01, 0x21, 0x6b, 0x04, 0x00, 0x00,
    0x00, 0x00, 0x00, 0x00, 0x00, 0x00, 0x00, 0x00, 0x00, 0x00, 0x00, 0x00, 0x00, 0x00, 0x00, 0x00,
    0x00, 0x00, 0x00, 0x00, 0x00, 0x00, 0x00, 0x00, 0x00, 0x00, 0x00, 0x00, 0x00, 0x00, 0x00, 0x00,
    0x00, 0x00, 0x00, 0x02, 0x04, 0x00, 0x00, 0x00, 0x00, 0x00, 0x00, 0x00, 0x00, 0x00, 0x00, 0x00,
};

/* alert-triangle 16px */
static const uint8_t icon_alert_triangle_16_map[] = {
    0x00, 0x00, 0x00, 0x00, 0x00, 0x01, 0x00, 0x06, 0x06, 0x00, 0x01, 0x00, 0x00, 0x00, 0x00, 0x00,
    0x00, 0x00, 0x00, 0x00, 0x02, 0x00, 0x54, 0xe4, 0xe3, 0x53, 0x00, 0x02, 0x00, 0x00, 0x00, 0x00,
    0x00, 0x00, 0x00, 0x02, 0x01, 0x1c, 0xf6, 0xd9, 0xd9, 0xf6, 0x1c, 0x01, 0x02, 0x00, 0x00, 0x00,
    0x00, 0x00, 0x00, 0x03, 0x00, 0xaa, 0xff, 0x22, 0x22, 0xff, 0xaa, 0x00, 0x03, 0x00, 0x00, 0x00,
    0x00, 0x00, 0x03, 0x00, 0x41, 0xff, 0x8f, 0x00, 0x00, 0x90, 0xff, 0x41, 0x00, 0x03, 0x00, 0x00,
    0x00, 0x01, 0x02, 0x05, 0xd7, 0xea, 0x08, 0x8d, 0x8c, 0x08, 0xeb, 0xd7, 0x05, 0x02, 0x01, 0x00,
    0x00, 0x03, 0x00, 0x74, 0xff, 0x5b, 0x00, 0xe0, 0xdf, 0x00, 0x5d, 0xff, 0x75, 0x00, 0x03, 0x00,
    0x02, 0x01, 0x1b, 0xf6, 0xc2, 0x00, 0x01, 0xce, 0xce, 0x01, 0x00, 0xc3, 0xf6, 0x1c, 0x01, 0x02,
    0x03, 0x00, 0xab, 0xff, 0x2c, 0x00, 0x00, 0xd6, 0xd5, 0x00, 0x00, 0x2e, 0xff, 0xac, 0x00, 0x03,
    0x00, 0x41, 0xff, 0x8f, 0x00, 0x05, 0x00, 0x59, 0x59, 0x00, 0x05, 0x00, 0x91, 0xff, 0x41, 0x00,
    0x08, 0xd7, 0xec, 0x11, 0x06, 0x08, 0x04, 0xc0, 0xc0, 0x04, 0x08, 0x06, 0x13, 0xed, 0xd7, 0x08,
    0x62, 0xff, 0x4c, 0x00, 0x00, 0x00, 0x00, 0x3e, 0x3e, 0x00, 0x00, 0x00, 0x00, 0x4e, 0xff, 0x62,
    0x69, 0xff, 0x8b, 0x71, 0x72, 0x71, 0x71, 0x64, 0x64, 0x71, 0x71, 0x73, 0x71, 0x8c, 0xff, 0x68,
    0x0c, 0xb2, 0xff, 0xff, 0xff, 0xff, 0xff, 0xff, 0xff, 0xff, 0xff, 0xff, 0xff, 0xff, 0xb1, 0x0c,
    0x00, 0x00, 0x21, 0x25, 0x24, 0x25, 0x25, 0x25, 0x25, 0x25, 0x25, 0x24, 0x25, 0x20, 0x00, 0x00,
    0x01, 0x01, 0x00, 0x00, 0x00, 0x00, 0x00, 0x00, 0x00, 0x00, 0x00, 0x00, 0x00, 0x00, 0x01, 0x01,
};

/* alert-triangle 20px */
static const uint8_t icon_alert_triangle_20_map[] = {
    0x00, 0x00, 0x00, 0x00, 0x00, 0x00, 0x00, 0x01, 0x00, 0x00, 0x00, 0x00, 0x01, 0x00, 0x00, 0x00,
    0x00, 0x00, 0x00, 0x00, 0x00, 0x00, 0x00, 0x00, 0x00, 0x00, 0x02, 0x00, 0x24, 0x8c, 0x8c, 0x24,
    0x00, 0x02, 0x00, 0x00, 0x00, 0x00, 0x00, 0x00, 0x00, 0x00, 0x00, 0x00, 0x00, 0x02, 0x02, 0x19,
    0xe6, 0xff, 0xff, 0xe5, 0x19, 0x02, 0x02, 0x00, 0x00, 0x00, 0x00, 0x00, 0x00, 0x00, 0x00, 0x00,
    0x00, 0x03, 0x00, 0xa2, 0xff, 0x52, 0x53, 0xff, 0xa2, 0x00, 0x03, 0x00, 0x00, 0x00, 0x00, 0x00,
    0x00, 0x00, 0x00, 0x00, 0x03, 0x00, 0x3c, 0xff, 0xb3, 0x00, 0x00, 0xb4, 0xff, 0x3b, 0x00, 0x03,
    0x00, 0x00, 0x00, 0x00, 0x00, 0x00, 0x00, 0x01, 0x03, 0x04, 0xd0, 0xf8, 0x23, 0x00, 0x00, 0x24,
    0xf9, 0xcf, 0x03, 0x03, 0x01, 0x00, 0x00, 0x00, 0x00, 0x00, 0x00, 0x04, 0x00, 0x6e, 0xff, 0x81,
    0x00, 0x32, 0x32, 0x00, 0x82, 0xff, 0x6b, 0x00, 0x04, 0x00, 0x00, 0x00, 0x00, 0x00, 0x02, 0x01,
    0x19, 0xf0, 0xdd, 0x0a, 0x01, 0xdb, 0xda, 0x01, 0x0a, 0xde, 0xef, 0x17, 0x02, 0x02, 0x00, 0x00,
    0x00, 0x00, 0x03, 0x00, 0xa2, 0xff, 0x4c, 0x00, 0x00, 0xd9, 0xd8, 0x00, 0x00, 0x4e, 0xff, 0x9e,
    0x00, 0x03, 0x00, 0x00, 0x00, 0x03, 0x00, 0x3d, 0xff, 0xb2, 0x00, 0x03, 0x00, 0xd6, 0xd5, 0x00,
    0x03, 0x00, 0xb5, 0xff, 0x39, 0x00, 0x03, 0x00, 0x01, 0x03, 0x04, 0xd1, 0xf8, 0x23, 0x01, 0x03,
    0x00, 0xe9, 0xe8, 0x00, 0x03, 0x01, 0x24, 0xf9, 0xcd, 0x02, 0x03, 0x01, 0x04, 0x00, 0x6f, 0xff,
    0x7f, 0x00, 0x04, 0x01, 0x00, 0x62, 0x62, 0x00, 0x01, 0x04, 0x00, 0x81, 0xff, 0x68, 0x00, 0x04,
    0x01, 0x19, 0xf2, 0xdc, 0x09, 0x02, 0x01, 0x01, 0x00, 0x4a, 0x4b, 0x00, 0x01, 0x01, 0x02, 0x09,
    0xde, 0xef, 0x15, 0x01, 0x00, 0xa0, 0xff, 0x4e, 0x01, 0x06, 0x02, 0x04, 0x03, 0xda, 0xda, 0x03,
    0x04, 0x02, 0x06, 0x01, 0x50, 0xff, 0x97, 0x00, 0x24, 0xfe, 0xaf, 0x00, 0x00, 0x00, 0x00, 0x00,
    0x00, 0x08, 0x08, 0x00, 0x00, 0x00, 0x00, 0x00, 0x00, 0xb2, 0xfc, 0x1f, 0x28, 0xff, 0xae, 0x33,
    0x33, 0x31, 0x31, 0x31, 0x31, 0x2c, 0x2c, 0x31, 0x31, 0x31, 0x31, 0x33, 0x33, 0xaf, 0xff, 0x27,
    0x01, 0x9b, 0xff, 0xff, 0xff, 0xff, 0xff, 0xff, 0xff, 0xff, 0xff, 0xff, 0xff, 0xff, 0xff, 0xff,
    0xff, 0xff, 0x9a, 0x01, 0x00, 0x03, 0x55, 0x7f, 0x7f, 0x7f, 0x7f, 0x7f, 0x7f, 0x7f, 0x7f, 0x7f,
    0x7f, 0x7f, 0x7f, 0x7f, 0x7f, 0x55, 0x02, 0x00, 0x00, 0x00, 0x00, 0x00, 0x00, 0x00, 0x00, 0x00,
    0x00, 0x00, 0x00, 0x00, 0x00, 0x00, 0x00, 0x00, 0x00, 0x00, 0x00, 0x00, 0x00, 0x01, 0x04, 0x05,
    0x05, 0x05, 0x05, 0x05, 0x05, 0x05, 0x05, 0x05, 0x05, 0x05, 0x05, 0x05, 0x05, 0x04, 0x01, 0x00,
};

/* arrow-down 14px */
static const uint8_t icon_arrow_down_14_map[] = {
    0x00, 0x00, 0x00, 0x00, 0x00, 0x00, 0x02, 0x02, 0x00, 0x00, 0x00, 0x00, 0x00, 0x00, 0x00, 0x00,
    0x00, 0x00, 0x00, 0x00, 0x00, 0x00, 0x00, 0x00, 0x00, 0x00, 0x00, 0x00, 0x00, 0x00, 0x00, 0x00,
    0x02, 0x00, 0x5e, 0x5d, 0x00, 0x02, 0x00, 0x00, 0x00, 0x00, 0x00, 0x00, 0x00, 0x00, 0x04, 0x00,
    0xb0, 0xb0, 0x00, 0x04, 0x00, 0x00, 0x00, 0x00, 0x00, 0x00, 0x00, 0x01, 0x04, 0x00, 0xa4, 0xa4,
    0x00, 0x04, 0x01, 0x00, 0x00, 0x00, 0x00, 0x00, 0x00, 0x00, 0x06, 0x00, 0xa6, 0xa6, 0x00, 0x06,
    0x00, 0x00, 0x00, 0x00, 0x00, 0x00, 0x00, 0x06, 0x00, 0x02, 0xa6, 0xa6, 0x02, 0x00, 0x06, 0x01,
    0x00, 0x00, 0x01, 0x00, 0x10, 0xdf, 0x4e, 0x00, 0xaa, 0xa9, 0x00, 0x4e, 0xdf, 0x10, 0x00, 0x01,
    0x00, 0x02, 0x02, 0x76, 0xff, 0x35, 0x99, 0x99, 0x35, 0xff, 0x76, 0x01, 0x02, 0x00, 0x00, 0x00,
    0x02, 0x00, 0x73, 0xf6, 0xcd, 0xcd, 0xf6, 0x73, 0x00, 0x02, 0x00, 0x00, 0x00, 0x00, 0x00, 0x04,
    0x00, 0x6e, 0xff, 0xff, 0x6e, 0x00, 0x04, 0x00, 0x00, 0x00, 0x00, 0x00, 0x00, 0x00, 0x04, 0x00,
    0x74, 0x73, 0x00, 0x04, 0x00, 0x00, 0x00, 0x00, 0x00, 0x00, 0x00, 0x00, 0x00, 0x02, 0x00, 0x00,
    0x02, 0x00, 0x00, 0x00, 0x00, 0x00, 0x00, 0x00, 0x00, 0x00, 0x00, 0x00, 0x03, 0x03, 0x00, 0x00,
    0x00, 0x00, 0x00, 0x00,
};

/* arrow-down 20px */
static const uint8_t icon_arrow_down_20_map[] = {
    0x00, 0x00, 0x00, 0x00, 0x00, 0x00, 0x00, 0x00, 0x00, 0x00, 0x00, 0x00, 0x00, 0x00, 0x00, 0x00,
    0x00, 0x00, 0x00, 0x00, 0x00, 0x00, 0x00, 0x00, 0x00, 0x00, 0x00, 0x00, 0x00, 0x03, 0x03, 0x00,
    0x00, 0x00, 0x00, 0x00, 0x00, 0x00, 0x00, 0x00, 0x00, 0x00, 0x00, 0x00, 0x00, 0x00, 0x00, 0x00,
    0x00, 0x00, 0x00, 0x00, 0x00, 0x00, 0x00, 0x00, 0x00, 0x00, 0x00, 0x00, 0x00, 0x00, 0x00, 0x00,
    0x00, 0x00, 0x00, 0x01, 0x00, 0x7a, 0x7a, 0x00, 0x01, 0x00, 0x00, 0x00, 0x00, 0x00, 0x00, 0x00,
    0x00, 0x00, 0x00, 0x00, 0x00, 0x00, 0x00, 0x00, 0x00, 0xe6, 0xe5, 0x00, 0x00, 0x00, 0x00, 0x00,
    0x00, 0x00, 0x00, 0x00, 0x00, 0x00, 0x00, 0x00, 0x00, 0x00, 0x00, 0x00, 0x00, 0xd6, 0xd5, 0x00,
    0x00, 0x00, 0x00, 0x00, 0x00, 0x00, 0x00, 0x00, 0x00, 0x00, 0x00, 0x00, 0x00, 0x00, 0x00, 0x00,
    0x00, 0xd9, 0xd8, 0x00, 0x00, 0x00, 0x00, 0x00, 0x00, 0x00, 0x00, 0x00, 0x00, 0x00, 0x00, 0x00,
    0x01, 0x01, 0x00, 0x00, 0x00, 0xd9, 0xd8, 0x00, 0x00, 0x00, 0x01, 0x01, 0x00, 0x00, 0x00, 0x00,
    0x00, 0x00, 0x00, 0x00, 0x00, 0x00, 0x01, 0x00, 0x00, 0xd9, 0xd8, 0x00, 0x00, 0x01, 0x00, 0x00,
    0x00, 0x00, 0x00, 0x00, 0x00, 0x00, 0x01, 0x00, 0x04, 0x03, 0x00, 0x02, 0x00, 0xd9, 0xd8, 0x00,
    0x02, 0x00, 0x03, 0x05, 0x00, 0x01, 0x00, 0x00, 0x00, 0x00, 0x02, 0x00, 0xba, 0xc4, 0x0d, 0x00,
    0x01, 0xd9, 0xd8, 0x01, 0x00, 0x0d, 0xc4, 0xb9, 0x00, 0x02, 0x00, 0x00, 0x00, 0x00, 0x02, 0x00,
    0x83, 0xff, 0xbf, 0x0e, 0x00, 0xdb, 0xdb, 0x00, 0x0e, 0xbf, 0xff, 0x82, 0x00, 0x02, 0x00, 0x00,
    0x00, 0x00, 0x00, 0x02, 0x00, 0x82, 0xff, 0xbf, 0x0c, 0xd4, 0xd4, 0x0c, 0xbf, 0xff, 0x82, 0x00,
    0x02, 0x00, 0x00, 0x00, 0x00, 0x00, 0x00, 0x00, 0x03, 0x00, 0x82, 0xff, 0xbb, 0xdd, 0xdd, 0xbb,
    0xff, 0x82, 0x00, 0x03, 0x00, 0x00, 0x00, 0x00, 0x00, 0x00, 0x00, 0x00, 0x01, 0x04, 0x00, 0x84,
    0xff, 0xfc, 0xfc, 0xff, 0x84, 0x00, 0x04, 0x01, 0x00, 0x00, 0x00, 0x00, 0x00, 0x00, 0x00, 0x00,
    0x00, 0x01, 0x04, 0x00, 0x84, 0xff, 0xff, 0x84, 0x00, 0x04, 0x01, 0x00, 0x00, 0x00, 0x00, 0x00,
    0x00, 0x00, 0x00, 0x00, 0x00, 0x00, 0x01, 0x03, 0x00, 0x8d, 0x8d, 0x00, 0x03, 0x01, 0x00, 0x00,
    0x00, 0x00, 0x00, 0x00, 0x00, 0x00, 0x00, 0x00, 0x00, 0x00, 0x00, 0x00, 0x01, 0x00, 0x00, 0x01,
    0x00, 0x00, 0x00, 0x00, 0x00, 0x00, 0x00, 0x00, 0x00, 0x00, 0x00, 0x00, 0x00, 0x00, 0x00, 0x00,
    0x00, 0x03, 0x03, 0x00, 0x00, 0x00, 0x00, 0x00, 0x00, 0x00, 0x00, 0x00, 0x00, 0x00, 0x00, 0x00,
    0x00, 0x00, 0x00, 0x00, 0x00, 0x00, 0x00, 0x00, 0x00, 0x00, 0x00, 0x00, 0x00, 0x00, 0x00, 0x00,
};

/* arrow-up 14px */
static const uint8_t icon_arrow_up_14_map[] = {
    0x00, 0x00, 0x00, 0x00, 0x00, 0x00, 0x03, 0x03, 0x00, 0x00, 0x00, 0x00, 0x00, 0x00, 0x00, 0x00,
    0x00, 0x00, 0x00, 0x02, 0x00, 0x00, 0x02, 0x00, 0x00, 0x00, 0x00, 0x00, 0x00, 0x00, 0x00, 0x00,
    0x04, 0x00, 0x76, 0x76, 0x00, 0x04, 0x00, 0x00, 0x00, 0x00, 0x00, 0x00, 0x00, 0x04, 0x00, 0x6e,
    0xff, 0xff, 0x6e, 0x00, 0x04, 0x00, 0x00, 0x00, 0x00, 0x00, 0x02, 0x00, 0x73, 0xf6, 0xcd, 0xcd,
    0xf6, 0x73, 0x00, 0x02, 0x00, 0x00, 0x00, 0x02, 0x01, 0x76, 0xff, 0x35, 0x99, 0x99, 0x35, 0xff,
    0x76, 0x01, 0x02, 0x00, 0x01, 0x00, 0x10, 0xdb, 0x4d, 0x00, 0xaa, 0xa9, 0x00, 0x4e, 0xdb, 0x0f,
    0x00, 0x01, 0x00, 0x00, 0x01, 0x03, 0x00, 0x02, 0xa6, 0xa6, 0x02, 0x00, 0x03, 0x00, 0x00, 0x00,
    0x00, 0x00, 0x00, 0x00, 0x06, 0x00, 0xa6, 0xa6, 0x00, 0x06, 0x00, 0x00, 0x00, 0x00, 0x00, 0x00,
    0x00, 0x01, 0x04, 0x00, 0xa4, 0xa4, 0x00, 0x04, 0x01, 0x00, 0x00, 0x00, 0x00, 0x00, 0x00, 0x00,
    0x04, 0x00, 0xb1, 0xb1, 0x00, 0x04, 0x00, 0x00, 0x00, 0x00, 0x00, 0x00, 0x00, 0x00, 0x02, 0x00,
    0x59, 0x59, 0x00, 0x02, 0x00, 0x00, 0x00, 0x00, 0x00, 0x00, 0x00, 0x00, 0x00, 0x00, 0x00, 0x00,
    0x00, 0x00, 0x00, 0x00, 0x00, 0x00, 0x00, 0x00, 0x00, 0x00, 0x00, 0x00, 0x02, 0x02, 0x00, 0x00,
    0x00, 0x00, 0x00, 0x00,
};

/* arrow-up 20px */
static const uint8_t icon_arrow_up_20_map[] = {
    0x00, 0x00, 0x00, 0x00, 0x00, 0x00, 0x00, 0x00, 0x00, 0x00, 0x00, 0x00, 0x00, 0x00, 0x00, 0x00,
    0x00, 0x00, 0x00, 0x00, 0x00, 0x00, 0x00, 0x00, 0x00, 0x00, 0x00, 0x00, 0x00, 0x03, 0x03, 0x00,
    0x00, 0x00, 0x00, 0x00, 0x00, 0x00, 0x00, 0x00, 0x00, 0x00, 0x00, 0x00, 0x00, 0x00, 0x00, 0x00,
    0x01, 0x00, 0x00, 0x01, 0x00, 0x00, 0x00, 0x00, 0x00, 0x00, 0x00, 0x00, 0x00, 0x00, 0x00, 0x00,
    0x00, 0x00, 0x01, 0x03, 0x00, 0x8d, 0x8d, 0x00, 0x03, 0x01, 0x00, 0x00, 0x00, 0x00, 0x00, 0x00,
    0x00, 0x00, 0x00, 0x00, 0x00, 0x01, 0x04, 0x00, 0x84, 0xff, 0xff, 0x84, 0x00, 0x04, 0x01, 0x00,
    0x00, 0x00, 0x00, 0x00, 0x00, 0x00, 0x00, 0x00, 0x01, 0x04, 0x00, 0x84, 0xff, 0xfc, 0xfc, 0xff,
    0x84, 0x00, 0x04, 0x01, 0x00, 0x00, 0x00, 0x00, 0x00, 0x00, 0x00, 0x00, 0x03, 0x00, 0x82, 0xff,
    0xbb, 0xdd, 0xdd, 0xbb, 0xff, 0x82, 0x00, 0x03, 0x00, 0x00, 0x00, 0x00, 0x00, 0x00, 0x00, 0x02,
    0x00, 0x82, 0xff, 0xbf, 0x0c, 0xd4, 0xd4, 0x0c, 0xbf, 0xff, 0x82, 0x00, 0x02, 0x00, 0x00, 0x00,
    0x00, 0x00, 0x02, 0x00, 0x83, 0xff, 0xbf, 0x0e, 0x00, 0xdb, 0xdb, 0x00, 0x0e, 0xbf, 0xff, 0x82,
    0x00, 0x02, 0x00, 0x00, 0x00, 0x00, 0x02, 0x00, 0xba, 0xc5, 0x0d, 0x00, 0x01, 0xd9, 0xd8, 0x01,
    0x00, 0x0d, 0xc5, 0xb9, 0x00, 0x02, 0x00, 0x00, 0x00, 0x00, 0x01, 0x00, 0x04, 0x04, 0x00, 0x02,
    0x00, 0xd9, 0xd8, 0x00, 0x02, 0x00, 0x03, 0x05, 0x00, 0x00, 0x00, 0x00, 0x00, 0x00, 0x00, 0x00,
    0x00, 0x00, 0x01, 0x00, 0x00, 0xd9, 0xd8, 0x00, 0x00, 0x01, 0x00, 0x00, 0x00, 0x00, 0x00, 0x00,
    0x00, 0x00, 0x00, 0x00, 0x01, 0x01, 0x00, 0x00, 0x00, 0xd9, 0xd8, 0x00, 0x00, 0x00, 0x01, 0x01,
    0x00, 0x00, 0x00, 0x00, 0x00, 0x00, 0x00, 0x00, 0x00, 0x00, 0x00, 0x00, 0x00, 0xd9, 0xd8, 0x00,
    0x00, 0x00, 0x00, 0x00, 0x00, 0x00, 0x00, 0x00, 0x00, 0x00, 0x00, 0x00, 0x00, 0x00, 0x00, 0x00,
    0x00, 0xd6, 0xd5, 0x00, 0x00, 0x00, 0x00, 0x00, 0x00, 0x00, 0x00, 0x00, 0x00, 0x00, 0x00, 0x00,
    0x00, 0x00, 0x00, 0x00, 0x00, 0xe6, 0xe5, 0x00, 0x00, 0x00, 0x00, 0x00, 0x00, 0x00, 0x00, 0x00,
    0x00, 0x00, 0x00, 0x00, 0x00, 0x00, 0x00, 0x01, 0x00, 0x71, 0x71, 0x00, 0x01, 0x00, 0x00, 0x00,
    0x00, 0x00, 0x00, 0x00, 0x00, 0x00, 0x00, 0x00, 0x00, 0x00, 0x00, 0x00, 0x00, 0x00, 0x00, 0x00,
    0x00, 0x00, 0x00, 0x00, 0x00, 0x00, 0x00, 0x00, 0x00, 0x00, 0x00, 0x00, 0x00, 0x00, 0x00, 0x00,
    0x00, 0x03, 0x03, 0x00, 0x00, 0x00, 0x00, 0x00, 0x00, 0x00, 0x00, 0x00, 0x00, 0x00, 0x00, 0x00,
    0x00, 0x00, 0x00, 0x00, 0x00, 0x00, 0x00, 0x00, 0x00, 0x00, 0x00, 0x00, 0x00, 0x00, 0x00, 0x00,
};

/* battery-1 16px */
static const uint8_t icon_battery_1_16_map[] = {
    0x00, 0x00, 0x00, 0x00, 0x00, 0x00, 0x00, 0x00, 0x00, 0x00, 0x00, 0x00, 0x00, 0x00, 0x00, 0x00,
    0x00, 0x00, 0x00, 0x01, 0x02, 0x02, 0x02, 0x02, 0x02, 0x02, 0x02, 0x02, 0x00, 0x00, 0x00, 0x00,
    0x00, 0x00, 0x02, 0x00, 0x00, 0x00, 0x00, 0x00, 0x00, 0x00, 0x00, 0x00, 0x01, 0x01, 0x00, 0x00,
    0x00, 0x00, 0x00, 0x16, 0x28, 0x25, 0x25, 0x25, 0x25, 0x25, 0x26, 0x1f, 0x00, 0x00, 0x00, 0x00,
    0x03, 0x00, 0x6e, 0xfa, 0xff, 0xff, 0xff, 0xff, 0xff, 0xff, 0xff, 0xff, 0xae, 0x0a, 0x02, 0x01,
    0x00, 0x15, 0xfd, 0xc5, 0x85, 0x79, 0x71, 0x71, 0x71, 0x73, 0x70, 0x96, 0xff, 0x5b, 0x00, 0x04,
    0x00, 0x26, 0xff, 0x84, 0xd5, 0x56, 0x00, 0x00, 0x00, 0x00, 0x00, 0x0c, 0xf8, 0xdf, 0x0f, 0x01,
    0x00, 0x25, 0xfe, 0x9b, 0xff, 0x7e, 0x04, 0x08, 0x04, 0x04, 0x07, 0x03, 0x87, 0xff, 0x24, 0x00,
    0x00, 0x25, 0xfe, 0x9c, 0xff, 0x7f, 0x04, 0x08, 0x04, 0x04, 0x07, 0x03, 0x86, 0xff, 0x25, 0x00,
    0x00, 0x26, 0xff, 0x83, 0xd3, 0x54, 0x00, 0x00, 0x00, 0x00, 0x00, 0x0c, 0xf7, 0xe0, 0x10, 0x01,
    0x00, 0x12, 0xfb, 0xc6, 0x84, 0x78, 0x71, 0x71, 0x71, 0x73, 0x70, 0x96, 0xff, 0x57, 0x00, 0x04,
    0x02, 0x00, 0x68, 0xf5, 0xff, 0xff, 0xff, 0xff, 0xff, 0xff, 0xff, 0xff, 0xa8, 0x08, 0x02, 0x01,
    0x00, 0x00, 0x00, 0x11, 0x27, 0x25, 0x25, 0x25, 0x25, 0x25, 0x27, 0x1c, 0x00, 0x00, 0x00, 0x00,
    0x00, 0x00, 0x02, 0x00, 0x00, 0x00, 0x00, 0x00, 0x00, 0x00, 0x00, 0x00, 0x01, 0x00, 0x00, 0x00,
    0x00, 0x00, 0x00, 0x01, 0x02, 0x02, 0x02, 0x02, 0x02, 0x02, 0x02, 0x02, 0x00, 0x00, 0x00, 0x00,
    0x00, 0x00, 0x00, 0x00, 0x00, 0x00, 0x00, 0x00, 0x00, 0x00, 0x00, 0x00, 0x00, 0x00, 0x00, 0x00,
};

/* battery-1 20px */
static const uint8_t icon_battery_1_20_map[] = {
    0x00, 0x00, 0x00, 0x00, 0x00, 0x00, 0x00, 0x00, 0x00, 0x00, 0x00, 0x00, 0x00, 0x00, 0x00, 0x00,
    0x00, 0x00, 0x00, 0x00, 0x00, 0x00, 0x00, 0x00, 0x00, 0x00, 0x00, 0x00, 0x00, 0x00, 0x00, 0x00,
    0x00, 0x00, 0x00, 0x00, 0x00, 0x00, 0x00, 0x00, 0x00, 0x00, 0x00, 0x00, 0x01, 0x01, 0x01, 0x01,
    0x01, 0x01, 0x01, 0x01, 0x01, 0x01, 0x01, 0x00, 0x00, 0x00, 0x00, 0x00, 0x00, 0x00, 0x00, 0x03,
    0x00, 0x00, 0x00, 0x00, 0x00, 0x00, 0x00, 0x00, 0x00, 0x00, 0x00, 0x03, 0x00, 0x00, 0x00, 0x00,
    0x00, 0x00, 0x01, 0x00, 0x03, 0x0d, 0x0d, 0x0d, 0x0d, 0x0d, 0x0d, 0x0d, 0x0d, 0x0d, 0x06, 0x00,
    0x00, 0x00, 0x00, 0x00, 0x00, 0x01, 0x00, 0x6b, 0xe3, 0xff, 0xff, 0xfe, 0xfe, 0xfe, 0xfe, 0xfe,
    0xfd, 0xfc, 0xec, 0x86, 0x04, 0x02, 0x00, 0x00, 0x03, 0x00, 0x3b, 0xff, 0xdb, 0xa2, 0xa9, 0xb3,
    0xb2, 0xb3, 0xb3, 0xb3, 0xb4, 0xb2, 0xcc, 0xff, 0x5d, 0x00, 0x04, 0x00, 0x05, 0x00, 0x7d, 0xfe,
    0x29, 0x52, 0x33, 0x00, 0x00, 0x00, 0x00, 0x00, 0x00, 0x00, 0x0b, 0xfe, 0xc6, 0x0a, 0x02, 0x01,
    0x05, 0x00, 0x82, 0xff, 0x38, 0xff, 0xba, 0x03, 0x06, 0x03, 0x03, 0x03, 0x03, 0x04, 0x06, 0xba,
    0xff, 0x6b, 0x00, 0x04, 0x05, 0x00, 0x81, 0xff, 0x3b, 0xf0, 0xad, 0x00, 0x03, 0x00, 0x00, 0x00,
    0x00, 0x02, 0x00, 0x2c, 0xfe, 0x82, 0x00, 0x05, 0x05, 0x00, 0x81, 0xff, 0x3b, 0xf0, 0xad, 0x00,
    0x03, 0x00, 0x00, 0x00, 0x00, 0x03, 0x00, 0x30, 0xfe, 0x82, 0x00, 0x05, 0x05, 0x00, 0x81, 0xff,
    0x38, 0xff, 0xba, 0x03, 0x06, 0x03, 0x03, 0x03, 0x03, 0x04, 0x06, 0xbd, 0xff, 0x6b, 0x00, 0x04,
    0x05, 0x00, 0x7e, 0xfd, 0x28, 0x58, 0x37, 0x00, 0x00, 0x00, 0x00, 0x00, 0x00, 0x00, 0x0a, 0xfd,
    0xc3, 0x0a, 0x02, 0x01, 0x03, 0x00, 0x40, 0xff, 0xdb, 0xa2, 0xa9, 0xb3, 0xb2, 0xb3, 0xb3, 0xb3,
    0xb4, 0xb2, 0xcd, 0xff, 0x63, 0x00, 0x04, 0x00, 0x00, 0x01, 0x00, 0x6a, 0xe0, 0xff, 0xff, 0xfe,
    0xfe, 0xfe, 0xfe, 0xfe, 0xfd, 0xfc, 0xe8, 0x84, 0x04, 0x02, 0x00, 0x00, 0x00, 0x00, 0x01, 0x00,
    0x01, 0x0d, 0x0d, 0x0d, 0x0d, 0x0d, 0x0d, 0x0d, 0x0d, 0x0d, 0x04, 0x00, 0x00, 0x00, 0x00, 0x00,
    0x00, 0x00, 0x00, 0x03, 0x00, 0x00, 0x00, 0x00, 0x00, 0x00, 0x00, 0x00, 0x00, 0x00, 0x00, 0x03,
    0x00, 0x00, 0x00, 0x00, 0x00, 0x00, 0x00, 0x00, 0x01, 0x01, 0x01, 0x01, 0x01, 0x01, 0x01, 0x01,
    0x01, 0x01, 0x01, 0x00, 0x00, 0x00, 0x00, 0x00, 0x00, 0x00, 0x00, 0x00, 0x00, 0x00, 0x00, 0x00,
    0x00, 0x00, 0x00, 0x00, 0x00, 0x00, 0x00, 0x00, 0x00, 0x00, 0x00, 0x00, 0x00, 0x00, 0x00, 0x00,
    0x00, 0x00, 0x00, 0x00, 0x00, 0x00, 0x00, 0x00, 0x00, 0x00, 0x00, 0x00, 0x00, 0x00, 0x00, 0x00,
};

/* battery-2 16px */
static const uint8_t icon_battery_2_16_map[] = {
    0x00, 0x00, 0x00, 0x00, 0x00, 0x00, 0x00, 0x00, 0x00, 0x00, 0x00, 0x00, 0x00, 0x00, 0x00, 0x00,
    0x00, 0x00, 0x00, 0x01, 0x02, 0x02, 0x02, 0x02, 0x02, 0x02, 0x02, 0x02, 0x00, 0x00, 0x00, 0x00,
    0x00, 0x00, 0x02, 0x00, 0x00, 0x00, 0x00, 0x00, 0x00, 0x00, 0x00, 0x00, 0x01, 0x01, 0x00, 0x00,
    0x00, 0x00, 0x00, 0x16, 0x28, 0x25, 0x27, 0x26, 0x25, 0x25, 0x26, 0x1f, 0x00, 0x00, 0x00, 0x00,
    0x03, 0x00, 0x6e, 0xfa, 0xff, 0xff, 0xff, 0xff, 0xff, 0xff, 0xff, 0xff, 0xae, 0x0a, 0x02, 0x01,
    0x00, 0x15, 0xfd, 0xc5, 0x86, 0x77, 0x8a, 0x77, 0x71, 0x73, 0x70, 0x96, 0xff, 0x5b, 0x00, 0x04,
    0x00, 0x26, 0xff, 0x86, 0xcf, 0x6f, 0xd8, 0x55, 0x00, 0x00, 0x00, 0x0c, 0xf8, 0xdf, 0x0f, 0x01,
    0x00, 0x25, 0xfe, 0x9d, 0xf9, 0xa4, 0xff, 0x7e, 0x04, 0x08, 0x07, 0x03, 0x87, 0xff, 0x24, 0x00,
    0x00, 0x25, 0xfe, 0x9e, 0xf9, 0xa4, 0xff, 0x7f, 0x04, 0x08, 0x07, 0x03, 0x86, 0xff, 0x25, 0x00,
    0x00, 0x26, 0xff, 0x84, 0xcd, 0x6c, 0xd6, 0x53, 0x00, 0x00, 0x00, 0x0c, 0xf7, 0xe0, 0x10, 0x01,
    0x00, 0x12, 0xfb, 0xc6, 0x84, 0x76, 0x88, 0x76, 0x71, 0x73, 0x70, 0x96, 0xff, 0x57, 0x00, 0x04,
    0x02, 0x00, 0x68, 0xf5, 0xff, 0xff, 0xff, 0xff, 0xff, 0xff, 0xff, 0xff, 0xa8, 0x08, 0x02, 0x01,
    0x00, 0x00, 0x00, 0x11, 0x27, 0x25, 0x27, 0x26, 0x25, 0x25, 0x27, 0x1c, 0x00, 0x00, 0x00, 0x00,
    0x00, 0x00, 0x02, 0x00, 0x00, 0x00, 0x00, 0x00, 0x00, 0x00, 0x00, 0x00, 0x01, 0x00, 0x00, 0x00,
    0x00, 0x00, 0x00, 0x01, 0x02, 0x02, 0x02, 0x02, 0x02, 0x02, 0x02, 0x02, 0x00, 0x00, 0x00, 0x00,
    0x00, 0x00, 0x00, 0x00, 0x00, 0x00, 0x00, 0x00, 0x00, 0x00, 0x00, 0x00, 0x00, 0x00, 0x00, 0x00,
};

/* battery-2 20px */
static const uint8_t icon_battery_2_20_map[] = {
    0x00, 0x00, 0x00, 0x00, 0x00, 0x00, 0x00, 0x00, 0x00, 0x00, 0x00, 0x00, 0x00, 0x00, 0x00, 0x00,
    0x00, 0x00, 0x00, 0x00, 0x00, 0x00, 0x00, 0x00, 0x00, 0x00, 0x00, 0x00, 0x00, 0x00, 0x00, 0x00,
    0x00, 0x00, 0x00, 0x00, 0x00, 0x00, 0x00, 0x00, 0x00, 0x00, 0x00, 0x00, 0x01, 0x01, 0x01, 0x01,
    0x01, 0x01, 0x01, 0x01, 0x01, 0x01, 0x01, 0x00, 0x00, 0x00, 0x00, 0x00, 0x00, 0x00, 0x00, 0x03,
    0x00, 0x00, 0x00, 0x00, 0x00, 0x00, 0x00, 0x00, 0x00, 0x00, 0x00, 0x03, 0x00, 0x00, 0x00, 0x00,
    0x00, 0x00, 0x01, 0x00, 0x03, 0x0d, 0x0d, 0x0d, 0x0d, 0x0d, 0x0d, 0x0d, 0x0d, 0x0d, 0x06, 0x00,
    0x00, 0x00, 0x00, 0x00, 0x00, 0x01, 0x00, 0x6b, 0xe3, 0xff, 0xff, 0xff, 0xff, 0xfe, 0xfe, 0xfe,
    0xfd, 0xfc, 0xec, 0x86, 0x04, 0x02, 0x00, 0x00, 0x03, 0x00, 0x3b, 0xff, 0xdb, 0xa2, 0xab, 0xad,
    0xa1, 0xb1, 0xb3, 0xb3, 0xb4, 0xb2, 0xcc, 0xff, 0x5d, 0x00, 0x04, 0x00, 0x05, 0x00, 0x7d, 0xfe,
    0x29, 0x54, 0x2b, 0x12, 0x61, 0x00, 0x00, 0x00, 0x00, 0x00, 0x0b, 0xfe, 0xc6, 0x0a, 0x02, 0x01,
    0x05, 0x00, 0x82, 0xff, 0x38, 0xff, 0xa6, 0x75, 0xff, 0x2f, 0x03, 0x05, 0x03, 0x04, 0x06, 0xba,
    0xff, 0x6b, 0x00, 0x04, 0x05, 0x00, 0x81, 0xff, 0x3b, 0xf5, 0x9b, 0x6f, 0xfb, 0x2d, 0x00, 0x02,
    0x00, 0x02, 0x00, 0x2c, 0xfe, 0x82, 0x00, 0x05, 0x05, 0x00, 0x81, 0xff, 0x3b, 0xf5, 0x9a, 0x6f,
    0xfb, 0x2d, 0x00, 0x02, 0x00, 0x03, 0x00, 0x30, 0xfe, 0x82, 0x00, 0x05, 0x05, 0x00, 0x81, 0xff,
    0x38, 0xff, 0xa5, 0x75, 0xff, 0x2f, 0x03, 0x05, 0x03, 0x04, 0x06, 0xbd, 0xff, 0x6b, 0x00, 0x04,
    0x05, 0x00, 0x7e, 0xfd, 0x28, 0x5a, 0x2e, 0x14, 0x68, 0x00, 0x00, 0x00, 0x00, 0x00, 0x0a, 0xfd,
    0xc3, 0x0a, 0x02, 0x01, 0x03, 0x00, 0x40, 0xff, 0xdb, 0xa1, 0xaa, 0xad, 0xa0, 0xb1, 0xb3, 0xb2,
    0xb4, 0xb2, 0xcd, 0xff, 0x63, 0x00, 0x04, 0x00, 0x00, 0x01, 0x00, 0x6a, 0xe0, 0xff, 0xff, 0xff,
    0xff, 0xfe, 0xfe, 0xfe, 0xfd, 0xfc, 0xe8, 0x84, 0x04, 0x02, 0x00, 0x00, 0x00, 0x00, 0x01, 0x00,
    0x01, 0x0d, 0x0d, 0x0d, 0x0d, 0x0d, 0x0d, 0x0d, 0x0d, 0x0d, 0x04, 0x00, 0x00, 0x00, 0x00, 0x00,
    0x00, 0x00, 0x00, 0x03, 0x00, 0x00, 0x00, 0x00, 0x00, 0x00, 0x00, 0x00, 0x00, 0x00, 0x00, 0x03,
    0x00, 0x00, 0x00, 0x00, 0x00, 0x00, 0x00, 0x00, 0x01, 0x01, 0x01, 0x01, 0x01, 0x01, 0x01, 0x01,
    0x01, 0x01, 0x01, 0x00, 0x00, 0x00, 0x00, 0x00, 0x00, 0x00, 0x00, 0x00, 0x00, 0x00, 0x00, 0x00,
    0x00, 0x00, 0x00, 0x00, 0x00, 0x00, 0x00, 0x00, 0x00, 0x00, 0x00, 0x00, 0x00, 0x00, 0x00, 0x00,
    0x00, 0x00, 0x00, 0x00, 0x00, 0x00, 0x00, 0x00, 0x00, 0x00, 0x00, 0x00, 0x00, 0x00, 0x00, 0x00,
};

/* battery-3 16px */
static const uint8_t icon_battery_3_16_map[] = {
    0x00, 0x00, 0x00, 0x00, 0x00, 0x00, 0x00, 0x00, 0x00, 0x00, 0x00, 0x00, 0x00, 0x00, 0x00, 0x00,
    0x00, 0x00, 0x00, 0x01, 0x02, 0x02, 0x02, 0x02, 0x02, 0x02, 0x02, 0x02, 0x00, 0x00, 0x00, 0x00,
    0x00, 0x00, 0x02, 0x00, 0x00, 0x00, 0x00, 0x00, 0x00, 0x00, 0x00, 0x00, 0x01, 0x01, 0x00, 0x00,
    0x00, 0x00, 0x00, 0x16, 0x28, 0x25, 0x27, 0x26, 0x27, 0x25, 0x26, 0x1f, 0x00, 0x00, 0x00, 0x00,
    0x03, 0x00, 0x6e, 0xfa, 0xff, 0xff, 0xff, 0xff, 0xff, 0xff, 0xff, 0xff, 0xae, 0x0a, 0x02, 0x01,
    0x00, 0x15, 0xfd, 0xc5, 0x86, 0x77, 0x8a, 0x76, 0x8a, 0x79, 0x70, 0x96, 0xff, 0x5b, 0x00, 0x04,
    0x00, 0x26, 0xff, 0x86, 0xcf, 0x71, 0xd1, 0x6e, 0xd8, 0x57, 0x00, 0x0f, 0xf8, 0xdf, 0x0f, 0x01,
    0x00, 0x25, 0xfe, 0x9d, 0xf9, 0xa6, 0xf8, 0xa4, 0xff, 0x7e, 0x04, 0x03, 0x87, 0xff, 0x24, 0x00,
    0x00, 0x25, 0xfe, 0x9e, 0xf9, 0xa7, 0xf9, 0xa5, 0xff, 0x7f, 0x04, 0x03, 0x86, 0xff, 0x25, 0x00,
    0x00, 0x26, 0xff, 0x84, 0xcd, 0x6e, 0xcf, 0x6c, 0xd6, 0x55, 0x00, 0x0f, 0xf7, 0xe0, 0x10, 0x01,
    0x00, 0x12, 0xfb, 0xc6, 0x84, 0x76, 0x89, 0x74, 0x88, 0x78, 0x70, 0x97, 0xff, 0x57, 0x00, 0x04,
    0x02, 0x00, 0x68, 0xf5, 0xff, 0xff, 0xff, 0xff, 0xff, 0xff, 0xff, 0xff, 0xa8, 0x08, 0x02, 0x01,
    0x00, 0x00, 0x00, 0x11, 0x27, 0x25, 0x27, 0x26, 0x27, 0x25, 0x27, 0x1c, 0x00, 0x00, 0x00, 0x00,
    0x00, 0x00, 0x02, 0x00, 0x00, 0x00, 0x00, 0x00, 0x00, 0x00, 0x00, 0x00, 0x01, 0x00, 0x00, 0x00,
    0x00, 0x00, 0x00, 0x01, 0x02, 0x02, 0x02, 0x02, 0x02, 0x02, 0x02, 0x02, 0x00, 0x00, 0x00, 0x00,
    0x00, 0x00, 0x00, 0x00, 0x00, 0x00, 0x00, 0x00, 0x00, 0x00, 0x00, 0x00, 0x00, 0x00, 0x00, 0x00,
};

/* battery-3 20px */
static const uint8_t icon_battery_3_20_map[] = {
    0x00, 0x00, 0x00, 0x00, 0x00, 0x00, 0x00, 0x00, 0x00, 0x00, 0x00, 0x00, 0x00, 0x00, 0x00, 0x00,
    0x00, 0x00, 0x00, 0x00, 0x00, 0x00, 0x00, 0x00, 0x00, 0x00, 0x00, 0x00, 0x00, 0x00, 0x00, 0x00,
    0x00, 0x00, 0x00, 0x00, 0x00, 0x00, 0x00, 0x00, 0x00, 0x00, 0x00, 0x00, 0x01, 0x01, 0x01, 0x01,
    0x01, 0x01, 0x01, 0x01, 0x01, 0x01, 0x01, 0x00, 0x00, 0x00, 0x00, 0x00, 0x00, 0x00, 0x00, 0x03,
    0x00, 0x00, 0x00, 0x00, 0x00, 0x00, 0x00, 0x00, 0x00, 0x00, 0x00, 0x03, 0x00, 0x00, 0x00, 0x00,
    0x00, 0x00, 0x01, 0x00, 0x03, 0x0d, 0x0d, 0x0d, 0x0d, 0x0d, 0x0d, 0x0d, 0x0d, 0x0d, 0x06, 0x00,
    0x00, 0x00, 0x00, 0x00, 0x00, 0x01, 0x00, 0x6b, 0xe3, 0xff, 0xff, 0xff, 0xff, 0xfe, 0xff, 0xff,
    0xfd, 0xfc, 0xec, 0x86, 0x04, 0x02, 0x00, 0x00, 0x03, 0x00, 0x3b, 0xff, 0xdb, 0xa2, 0xab, 0xad,
    0xa1, 0xb1, 0xa2, 0xa8, 0xb4, 0xb2, 0xcc, 0xff, 0x5d, 0x00, 0x04, 0x00, 0x05, 0x00, 0x7d, 0xfe,
    0x29, 0x54, 0x2b, 0x13, 0x62, 0x00, 0x55, 0x31, 0x00, 0x00, 0x0b, 0xfe, 0xc6, 0x0a, 0x02, 0x01,
    0x05, 0x00, 0x82, 0xff, 0x38, 0xff, 0xa6, 0x76, 0xff, 0x3b, 0xff, 0xba, 0x03, 0x06, 0x06, 0xba,
    0xff, 0x6b, 0x00, 0x04, 0x05, 0x00, 0x81, 0xff, 0x3b, 0xf5, 0x9b, 0x70, 0xfb, 0x3a, 0xf0, 0xad,
    0x00, 0x06, 0x00, 0x2c, 0xfe, 0x82, 0x00, 0x05, 0x05, 0x00, 0x81, 0xff, 0x3b, 0xf5, 0x9a, 0x70,
    0xfb, 0x3a, 0xf0, 0xad, 0x00, 0x06, 0x00, 0x30, 0xfe, 0x82, 0x00, 0x05, 0x05, 0x00, 0x81, 0xff,
    0x38, 0xff, 0xa5, 0x76, 0xff, 0x3b, 0xff, 0xba, 0x03, 0x06, 0x06, 0xbd, 0xff, 0x6b, 0x00, 0x04,
    0x05, 0x00, 0x7e, 0xfd, 0x28, 0x5a, 0x2e, 0x14, 0x69, 0x00, 0x5b, 0x34, 0x00, 0x00, 0x0a, 0xfd,
    0xc3, 0x0a, 0x02, 0x01, 0x03, 0x00, 0x40, 0xff, 0xdb, 0xa1, 0xaa, 0xad, 0xa0, 0xb1, 0xa2, 0xa8,
    0xb4, 0xb2, 0xcd, 0xff, 0x63, 0x00, 0x04, 0x00, 0x00, 0x01, 0x00, 0x6a, 0xe0, 0xff, 0xff, 0xff,
    0xff, 0xfe, 0xff, 0xff, 0xfd, 0xfc, 0xe8, 0x84, 0x04, 0x02, 0x00, 0x00, 0x00, 0x00, 0x01, 0x00,
    0x01, 0x0d, 0x0d, 0x0d, 0x0d, 0x0d, 0x0d, 0x0d, 0x0d, 0x0d, 0x04, 0x00, 0x00, 0x00, 0x00, 0x00,
    0x00, 0x00, 0x00, 0x03, 0x00, 0x00, 0x00, 0x00, 0x00, 0x00, 0x00, 0x00, 0x00, 0x00, 0x00, 0x03,
    0x00, 0x00, 0x00, 0x00, 0x00, 0x00, 0x00, 0x00, 0x01, 0x01, 0x01, 0x01, 0x01, 0x01, 0x01, 0x01,
    0x01, 0x01, 0x01, 0x00, 0x00, 0x00, 0x00, 0x00, 0x00, 0x00, 0x00, 0x00, 0x00, 0x00, 0x00, 0x00,
    0x00, 0x00, 0x00, 0x00, 0x00, 0x00, 0x00, 0x00, 0x00, 0x00, 0x00, 0x00, 0x00, 0x00, 0x00, 0x00,
    0x00, 0x00, 0x00, 0x00, 0x00, 0x00, 0x00, 0x00, 0x00, 0x00, 0x00, 0x00, 0x00, 0x00, 0x00, 0x00,
};

/* battery-4 16px */
static const uint8_t icon_battery_4_16_map[] = {
    0x00, 0x00, 0x00, 0x00, 0x00, 0x00, 0x00, 0x00, 0x00, 0x00, 0x00, 0x00, 0x00, 0x00, 0x00, 0x00,
    0x00, 0x00, 0x00, 0x01, 0x02, 0x02, 0x02, 0x02, 0x02, 0x02, 0x02, 0x02, 0x00, 0x00, 0x00, 0x00,
    0x00, 0x00, 0x02, 0x00, 0x00, 0x00, 0x00, 0x00, 0x00, 0x00, 0x00, 0x00, 0x01, 0x01, 0x00, 0x00,
    0x00, 0x00, 0x00, 0x16, 0x28, 0x25, 0x27, 0x26, 0x27, 0x26, 0x27, 0x1f, 0x00, 0x00, 0x00, 0x00,
    0x03, 0x00, 0x6e, 0xfa, 0xff, 0xff, 0xff, 0xff, 0xff, 0xff, 0xff, 0xff, 0xae, 0x0a, 0x02, 0x01,
    0x00, 0x15, 0xfd, 0xc5, 0x86, 0x77, 0x8a, 0x76, 0x8a, 0x77, 0x86, 0x9c, 0xff, 0x5c, 0x00, 0x04,
    0x00, 0x26, 0xff, 0x86, 0xcf, 0x71, 0xd1, 0x70, 0xd1, 0x70, 0xd0, 0x74, 0xea, 0xe2, 0x0f, 0x01,
    0x00, 0x25, 0xfe, 0x9d, 0xf9, 0xa6, 0xf8, 0xa6, 0xf8, 0xa4, 0xff, 0x6d, 0x74, 0xff, 0x24, 0x00,
    0x00, 0x25, 0xfe, 0x9e, 0xf9, 0xa7, 0xf9, 0xa7, 0xf9, 0xa5, 0xff, 0x6d, 0x73, 0xff, 0x25, 0x00,
    0x00, 0x26, 0xff, 0x84, 0xcd, 0x6e, 0xcf, 0x6d, 0xcf, 0x6d, 0xce, 0x71, 0xe9, 0xe2, 0x10, 0x01,
    0x00, 0x12, 0xfb, 0xc6, 0x84, 0x76, 0x89, 0x74, 0x89, 0x76, 0x84, 0x9b, 0xff, 0x57, 0x00, 0x04,
    0x02, 0x00, 0x68, 0xf5, 0xff, 0xff, 0xff, 0xff, 0xff, 0xff, 0xff, 0xff, 0xa7, 0x08, 0x02, 0x01,
    0x00, 0x00, 0x00, 0x11, 0x27, 0x25, 0x27, 0x26, 0x27, 0x25, 0x28, 0x1c, 0x00, 0x00, 0x00, 0x00,
    0x00, 0x00, 0x02, 0x00, 0x00, 0x00, 0x00, 0x00, 0x00, 0x00, 0x00, 0x00, 0x01, 0x00, 0x00, 0x00,
    0x00, 0x00, 0x00, 0x01, 0x02, 0x02, 0x02, 0x02, 0x02, 0x02, 0x02, 0x02, 0x00, 0x00, 0x00, 0x00,
    0x00, 0x00, 0x00, 0x00, 0x00, 0x00, 0x00, 0x00, 0x00, 0x00, 0x00, 0x00, 0x00, 0x00, 0x00, 0x00,
};

/* battery-4 20px */
static const uint8_t icon_battery_4_20_map[] = {
    0x00, 0x00, 0x00, 0x00, 0x00, 0x00, 0x00, 0x00, 0x00, 0x00, 0x00, 0x00, 0x00, 0x00, 0x00, 0x00,
    0x00, 0x00, 0x00, 0x00, 0x00, 0x00, 0x00, 0x00, 0x00, 0x00, 0x00, 0x00, 0x00, 0x00, 0x00, 0x00,
    0x00, 0x00, 0x00, 0x00, 0x00, 0x00, 0x00, 0x00, 0x00, 0x00, 0x00, 0x00, 0x01, 0x01, 0x01, 0x01,
    0x01, 0x01, 0x01, 0x01, 0x01, 0x01, 0x01, 0x00, 0x00, 0x00, 0x00, 0x00, 0x00, 0x00, 0x00, 0x03,
    0x00, 0x00, 0x00, 0x00, 0x00, 0x00, 0x00, 0x00, 0x00, 0x00, 0x00, 0x03, 0x00, 0x00, 0x00, 0x00,
    0x00, 0x00, 0x01, 0x00, 0x03, 0x0d, 0x0d, 0x0d, 0x0d, 0x0d, 0x0d, 0x0d, 0x0d, 0x0d, 0x06, 0x00,
    0x00, 0x00, 0x00, 0x00, 0x00, 0x01, 0x00, 0x6b, 0xe3, 0xff, 0xff, 0xff, 0xff, 0xfe, 0xff, 0xff,
    0xfe, 0xff, 0xec, 0x86, 0x04, 0x02, 0x00, 0x00, 0x03, 0x00, 0x3b, 0xff, 0xdb, 0xa2, 0xab, 0xad,
    0xa1, 0xb1, 0xa2, 0xa9, 0xae, 0xa0, 0xca, 0xff, 0x5d, 0x00, 0x04, 0x00, 0x05, 0x00, 0x7d, 0xfe,
    0x29, 0x54, 0x2b, 0x13, 0x62, 0x00, 0x57, 0x29, 0x14, 0x60, 0x13, 0xfb, 0xc6, 0x0a, 0x02, 0x01,
    0x05, 0x00, 0x82, 0xff, 0x38, 0xff, 0xa6, 0x76, 0xff, 0x3b, 0xff, 0xa6, 0x76, 0xff, 0x2c, 0xb0,
    0xff, 0x6b, 0x00, 0x04, 0x05, 0x00, 0x81, 0xff, 0x3b, 0xf5, 0x9b, 0x70, 0xfb, 0x3a, 0xf5, 0x9b,
    0x6f, 0xfb, 0x21, 0x21, 0xfe, 0x82, 0x00, 0x05, 0x05, 0x00, 0x81, 0xff, 0x3b, 0xf5, 0x9a, 0x70,
    0xfb, 0x3a, 0xf5, 0x9a, 0x6f, 0xfb, 0x20, 0x25, 0xfe, 0x82, 0x00, 0x05, 0x05, 0x00, 0x81, 0xff,
    0x38, 0xff, 0xa5, 0x76, 0xff, 0x3b, 0xff, 0xa6, 0x76, 0xff, 0x2c, 0xb2, 0xff, 0x6b, 0x00, 0x04,
    0x05, 0x00, 0x7e, 0xfd, 0x28, 0x5a, 0x2e, 0x14, 0x69, 0x00, 0x5d, 0x2c, 0x16, 0x67, 0x13, 0xfb,
    0xc3, 0x0a, 0x02, 0x01, 0x03, 0x00, 0x40, 0xff, 0xdb, 0xa1, 0xaa, 0xad, 0xa0, 0xb1, 0xa2, 0xa9,
    0xae, 0x9f, 0xcb, 0xff, 0x63, 0x00, 0x04, 0x00, 0x00, 0x01, 0x00, 0x6a, 0xe0, 0xff, 0xff, 0xff,
    0xff, 0xfe, 0xff, 0xff, 0xfe, 0xff, 0xe9, 0x84, 0x04, 0x02, 0x00, 0x00, 0x00, 0x00, 0x01, 0x00,
    0x01, 0x0d, 0x0d, 0x0d, 0x0d, 0x0d, 0x0d, 0x0d, 0x0d, 0x0d, 0x04, 0x00, 0x00, 0x00, 0x00, 0x00,
    0x00, 0x00, 0x00, 0x03, 0x00, 0x00, 0x00, 0x00, 0x00, 0x00, 0x00, 0x00, 0x00, 0x00, 0x00, 0x03,
    0x00, 0x00, 0x00, 0x00, 0x00, 0x00, 0x00, 0x00, 0x01, 0x01, 0x01, 0x01, 0x01, 0x01, 0x01, 0x01,
    0x01, 0x01, 0x01, 0x00, 0x00, 0x00, 0x00, 0x00, 0x00, 0x00, 0x00, 0x00, 0x00, 0x00, 0x00, 0x00,
    0x00, 0x00, 0x00, 0x00, 0x00, 0x00, 0x00, 0x00, 0x00, 0x00, 0x00, 0x00, 0x00, 0x00, 0x00, 0x00,
    0x00, 0x00, 0x00, 0x00, 0x00, 0x00, 0x00, 0x00, 0x00, 0x00, 0x00, 0x00, 0x00, 0x00, 0x00, 0x00,
};

/* battery-off 16px */
static const uint8_t icon_battery_off_16_map[] = {
    0x00, 0x00, 0x00, 0x01, 0x01, 0x00, 0x00, 0x00, 0x00, 0x00, 0x00, 0x00, 0x00, 0x00, 0x00, 0x00,
    0x00, 0x8a, 0x8f, 0x00, 0x02, 0x01, 0x00, 0x02, 0x02, 0x02, 0x02, 0x02, 0x00, 0x00, 0x00, 0x00,
    0x00, 0x93, 0xff, 0x94, 0x00, 0x02, 0x00, 0x00, 0x00, 0x00, 0x00, 0x00, 0x01, 0x01, 0x00, 0x00,
    0x02, 0x00, 0x87, 0xff, 0x91, 0x00, 0x03, 0x23, 0x26, 0x25, 0x26, 0x1f, 0x00, 0x00, 0x00, 0x00,
    0x03, 0x00, 0x69, 0xff, 0xff, 0x89, 0x55, 0xff, 0xff, 0xff, 0xff, 0xff, 0xae, 0x0a, 0x02, 0x01,
    0x00, 0x16, 0xfe, 0xbb, 0x9a, 0xff, 0xb6, 0x69, 0x73, 0x74, 0x70, 0x96, 0xff, 0x5b, 0x00, 0x04,
    0x00, 0x24, 0xff, 0x6b, 0x00, 0x96, 0xff, 0x80, 0x00, 0x00, 0x00, 0x0c, 0xf8, 0xdf, 0x0f, 0x01,
    0x00, 0x23, 0xfe, 0x77, 0x02, 0x00, 0x93, 0xff, 0x96, 0x00, 0x09, 0x03, 0x87, 0xff, 0x24, 0x00,
    0x00, 0x23, 0xfe, 0x76, 0x04, 0x0a, 0x01, 0x96, 0xff, 0x95, 0x00, 0x00, 0x85, 0xff, 0x25, 0x00,
    0x00, 0x24, 0xff, 0x6b, 0x00, 0x00, 0x00, 0x00, 0x7f, 0xff, 0x8e, 0x0f, 0xff, 0xe5, 0x10, 0x01,
    0x00, 0x12, 0xfb, 0xc8, 0x70, 0x73, 0x72, 0x72, 0x6d, 0xdf, 0xff, 0xa5, 0xb0, 0x45, 0x00, 0x03,
    0x02, 0x00, 0x69, 0xf4, 0xff, 0xff, 0xff, 0xff, 0xff, 0xfd, 0xf9, 0xff, 0x8a, 0x00, 0x03, 0x00,
    0x00, 0x01, 0x00, 0x11, 0x26, 0x25, 0x25, 0x25, 0x26, 0x2b, 0x2a, 0x94, 0xff, 0x93, 0x00, 0x02,
    0x00, 0x00, 0x02, 0x00, 0x00, 0x00, 0x00, 0x00, 0x00, 0x00, 0x00, 0x00, 0x92, 0xff, 0x92, 0x00,
    0x00, 0x00, 0x00, 0x01, 0x02, 0x02, 0x02, 0x02, 0x02, 0x02, 0x03, 0x02, 0x00, 0x8f, 0x88, 0x00,
    0x00, 0x00, 0x00, 0x00, 0x00, 0x00, 0x00, 0x00, 0x00, 0x00, 0x00, 0x01, 0x01, 0x00, 0x00, 0x00,
};

/* battery-off 20px */
static const uint8_t icon_battery_off_20_map[] = {
    0x00, 0x00, 0x00, 0x00, 0x01, 0x00, 0x00, 0x00, 0x00, 0x00, 0x00, 0x00, 0x00, 0x00, 0x00, 0x00,
    0x00, 0x00, 0x00, 0x00, 0x00, 0x09, 0x46, 0x00, 0x00, 0x01, 0x00, 0x00, 0x00, 0x00, 0x00, 0x00,
    0x00, 0x00, 0x00, 0x00, 0x00, 0x00, 0x00, 0x00, 0x00, 0x47, 0xff, 0x9b, 0x00, 0x02, 0x01, 0x00,
    0x00, 0x01, 0x01, 0x01, 0x01, 0x01, 0x01, 0x00, 0x00, 0x00, 0x00, 0x00, 0x02, 0x09, 0x9b, 0xff,
    0x9d, 0x00, 0x01, 0x01, 0x00, 0x00, 0x00, 0x00, 0x00, 0x00, 0x00, 0x03, 0x00, 0x00, 0x00, 0x00,
    0x01, 0x00, 0x00, 0x8e, 0xff, 0x9a, 0x02, 0x03, 0x00, 0x0d, 0x0d, 0x0d, 0x0d, 0x0d, 0x06, 0x00,
    0x00, 0x00, 0x00, 0x00, 0x00, 0x03, 0x00, 0x6a, 0xff, 0xff, 0xa8, 0x00, 0x8e, 0xfe, 0xfa, 0xfe,
    0xfd, 0xfc, 0xec, 0x86, 0x04, 0x02, 0x00, 0x00, 0x03, 0x00, 0x3c, 0xff, 0xcf, 0xbd, 0xff, 0x92,
    0x4a, 0xb2, 0xb2, 0xb2, 0xb4, 0xb2, 0xcc, 0xff, 0x5d, 0x00, 0x04, 0x00, 0x05, 0x00, 0x7c, 0xfe,
    0x2d, 0x00, 0x9d, 0xff, 0x8f, 0x00, 0x00, 0x00, 0x00, 0x00, 0x0b, 0xfe, 0xc6, 0x0a, 0x02, 0x01,
    0x05, 0x00, 0x81, 0xff, 0x2e, 0x01, 0x00, 0x9a, 0xff, 0x9d, 0x02, 0x05, 0x05, 0x04, 0x06, 0xba,
    0xff, 0x6b, 0x00, 0x04, 0x05, 0x00, 0x80, 0xff, 0x2d, 0x00, 0x04, 0x00, 0x9b, 0xff, 0x9b, 0x00,
    0x02, 0x04, 0x00, 0x2c, 0xfe, 0x82, 0x00, 0x05, 0x05, 0x00, 0x80, 0xff, 0x2d, 0x00, 0x04, 0x02,
    0x00, 0x9b, 0xff, 0x9b, 0x00, 0x04, 0x00, 0x30, 0xfe, 0x82, 0x00, 0x05, 0x05, 0x00, 0x80, 0xff,
    0x2d, 0x03, 0x05, 0x04, 0x05, 0x02, 0x9d, 0xff, 0x9d, 0x00, 0x04, 0xbe, 0xff, 0x6b, 0x00, 0x04,
    0x05, 0x00, 0x7d, 0xfd, 0x2a, 0x00, 0x00, 0x00, 0x00, 0x00, 0x00, 0x8c, 0xff, 0x98, 0x01, 0xff,
    0xc5, 0x0a, 0x02, 0x01, 0x03, 0x00, 0x40, 0xff, 0xdb, 0xb2, 0xb4, 0xb3, 0xb2, 0xb4, 0xb3, 0xb1,
    0xf9, 0xff, 0xa5, 0x33, 0x1f, 0x00, 0x01, 0x00, 0x00, 0x01, 0x00, 0x6a, 0xe0, 0xfc, 0xfd, 0xfe,
    0xfe, 0xfd, 0xfe, 0xfe, 0xef, 0xed, 0xff, 0x92, 0x00, 0x03, 0x01, 0x00, 0x00, 0x00, 0x01, 0x00,
    0x01, 0x0d, 0x0d, 0x0d, 0x0d, 0x0d, 0x0d, 0x0e, 0x12, 0x15, 0x9a, 0xff, 0x9c, 0x00, 0x00, 0x01,
    0x00, 0x00, 0x00, 0x03, 0x00, 0x00, 0x00, 0x00, 0x00, 0x00, 0x00, 0x00, 0x00, 0x00, 0x00, 0x9a,
    0xff, 0x9b, 0x08, 0x02, 0x00, 0x00, 0x00, 0x00, 0x01, 0x01, 0x01, 0x01, 0x01, 0x01, 0x01, 0x01,
    0x01, 0x02, 0x02, 0x00, 0x9c, 0xff, 0x46, 0x00, 0x00, 0x00, 0x00, 0x00, 0x00, 0x00, 0x00, 0x00,
    0x00, 0x00, 0x00, 0x00, 0x00, 0x00, 0x01, 0x00, 0x00, 0x46, 0x0a, 0x00, 0x00, 0x00, 0x00, 0x00,
    0x00, 0x00, 0x00, 0x00, 0x00, 0x00, 0x00, 0x00, 0x00, 0x00, 0x00, 0x01, 0x00, 0x00, 0x00, 0x00,
};

/* bell 16px */
static const uint8_t icon_bell_16_map[] = {
    0x00, 0x00, 0x00, 0x00, 0x00, 0x01, 0x00, 0x00, 0x00, 0x00, 0x01, 0x00, 0x00, 0x00, 0x00, 0x00,
    0x00, 0x00, 0x00, 0x00, 0x04, 0x00, 0x31, 0xb8, 0xb8, 0x30, 0x00, 0x04, 0x00, 0x00, 0x00, 0x00,
    0x00, 0x00, 0x00, 0x02, 0x00, 0x09, 0xe2, 0xfd, 0xfd, 0xe1, 0x08, 0x00, 0x02, 0x00, 0x00, 0x00,
    0x00, 0x00, 0x02, 0x00, 0x1d, 0xca, 0xff, 0x55, 0x4e, 0xff, 0xca, 0x1d, 0x00, 0x02, 0x00, 0x00,
    0x00, 0x01, 0x02, 0x05, 0xcc, 0xfe, 0x5e, 0x01, 0x00, 0x5f, 0xfe, 0xcc, 0x05, 0x02, 0x00, 0x00,
    0x00, 0x03, 0x00, 0x58, 0xff, 0x58, 0x00, 0x03, 0x03, 0x00, 0x58, 0xff, 0x57, 0x00, 0x03, 0x00,
    0x00, 0x03, 0x00, 0xab, 0xf0, 0x02, 0x03, 0x01, 0x01, 0x03, 0x03, 0xf1, 0xaa, 0x00, 0x04, 0x00,
    0x00, 0x01, 0x00, 0xcf, 0xd2, 0x00, 0x01, 0x00, 0x00, 0x01, 0x00, 0xd2, 0xcf, 0x00, 0x01, 0x00,
    0x00, 0x01, 0x02, 0xcf, 0xd5, 0x04, 0x06, 0x04, 0x04, 0x05, 0x04, 0xd5, 0xcf, 0x02, 0x01, 0x00,
    0x01, 0x00, 0x00, 0xe0, 0xbc, 0x00, 0x00, 0x00, 0x00, 0x00, 0x00, 0xbc, 0xe0, 0x00, 0x00, 0x01,
    0x02, 0x06, 0x89, 0xff, 0xbe, 0x74, 0x78, 0x71, 0x71, 0x78, 0x74, 0xbf, 0xff, 0x8c, 0x09, 0x02,
    0x00, 0x17, 0xf6, 0xfd, 0xff, 0xff, 0xff, 0xff, 0xff, 0xff, 0xff, 0xff, 0xfd, 0xfa, 0x1c, 0x00,
    0x00, 0x00, 0x1a, 0x2d, 0x26, 0xc4, 0xee, 0x2f, 0x30, 0xee, 0xc3, 0x26, 0x2d, 0x1a, 0x00, 0x00,
    0x00, 0x00, 0x00, 0x00, 0x00, 0x50, 0xff, 0xe4, 0xe4, 0xff, 0x4f, 0x00, 0x00, 0x00, 0x00, 0x00,
    0x00, 0x00, 0x02, 0x02, 0x04, 0x00, 0x4c, 0xb9, 0xb8, 0x4c, 0x00, 0x04, 0x02, 0x02, 0x00, 0x00,
    0x00, 0x00, 0x00, 0x00, 0x00, 0x01, 0x00, 0x00, 0x00, 0x00, 0x01, 0x00, 0x00, 0x00, 0x00, 0x00,
};

/* bell 20px */
static const uint8_t icon_bell_20_map[] = {
    0x00, 0x00, 0x00, 0x00, 0x00, 0x00, 0x00, 0x01, 0x00, 0x00, 0x00, 0x00, 0x01, 0x00, 0x00, 0x00,
    0x00, 0x00, 0x00, 0x00, 0x00, 0x00, 0x00, 0x00, 0x00, 0x00, 0x01, 0x00, 0x00, 0x38, 0x38, 0x00,
    0x00, 0x01, 0x00, 0x00, 0x00, 0x00, 0x00, 0x00, 0x00, 0x00, 0x00, 0x00, 0x00, 0x01, 0x03, 0x07,
    0xb8, 0xff, 0xff, 0xb7, 0x06, 0x03, 0x01, 0x00, 0x00, 0x00, 0x00, 0x00, 0x00, 0x00, 0x00, 0x00,
    0x00, 0x03, 0x00, 0x79, 0xff, 0x83, 0x84, 0xff, 0x77, 0x00, 0x03, 0x00, 0x00, 0x00, 0x00, 0x00,
    0x00, 0x00, 0x00, 0x01, 0x03, 0x00, 0x91, 0xff, 0xec, 0x0c, 0x07, 0xe6, 0xff, 0x90, 0x00, 0x03,
    0x01, 0x00, 0x00, 0x00, 0x00, 0x00, 0x00, 0x03, 0x00, 0x81, 0xff, 0xac, 0x22, 0x03, 0x02, 0x20,
    0xad, 0xff, 0x80, 0x00, 0x03, 0x00, 0x00, 0x00, 0x00, 0x00, 0x02, 0x00, 0x29, 0xfe, 0xb8, 0x00,
    0x00, 0x01, 0x01, 0x00, 0x00, 0xb9, 0xfe, 0x28, 0x00, 0x02, 0x00, 0x00, 0x00, 0x00, 0x04, 0x00,
    0x88, 0xff, 0x32, 0x00, 0x05, 0x00, 0x00, 0x05, 0x00, 0x33, 0xff, 0x86, 0x00, 0x04, 0x00, 0x00,
    0x00, 0x00, 0x02, 0x00, 0xc7, 0xf2, 0x07, 0x01, 0x01, 0x00, 0x00, 0x01, 0x01, 0x08, 0xf2, 0xc6,
    0x00, 0x02, 0x00, 0x00, 0x00, 0x00, 0x00, 0x00, 0xd9, 0xd8, 0x00, 0x00, 0x00, 0x00, 0x00, 0x00,
    0x00, 0x00, 0xd8, 0xd9, 0x00, 0x00, 0x00, 0x00, 0x00, 0x00, 0x00, 0x01, 0xd8, 0xd8, 0x00, 0x00,
    0x00, 0x00, 0x00, 0x00, 0x00, 0x00, 0xd9, 0xd7, 0x01, 0x00, 0x00, 0x00, 0x00, 0x00, 0x02, 0x00,
    0xdd, 0xdb, 0x03, 0x03, 0x03, 0x03, 0x03, 0x03, 0x03, 0x03, 0xdb, 0xdc, 0x00, 0x02, 0x00, 0x00,
    0x00, 0x02, 0x00, 0x2c, 0xfb, 0x99, 0x00, 0x00, 0x00, 0x00, 0x00, 0x00, 0x00, 0x00, 0x9a, 0xfb,
    0x2b, 0x00, 0x02, 0x00, 0x02, 0x01, 0x38, 0xe8, 0xff, 0xcf, 0xb1, 0xb7, 0xb3, 0xb2, 0xb2, 0xb3,
    0xb7, 0xb1, 0xd0, 0xff, 0xe9, 0x3e, 0x01, 0x02, 0x04, 0x00, 0x68, 0xf4, 0xeb, 0xf8, 0xff, 0xff,
    0xff, 0xff, 0xff, 0xff, 0xff, 0xff, 0xf8, 0xec, 0xf0, 0x5f, 0x00, 0x04, 0x00, 0x00, 0x00, 0x0f,
    0x13, 0x0e, 0x4f, 0xff, 0x76, 0x00, 0x00, 0x77, 0xff, 0x4e, 0x0e, 0x14, 0x0d, 0x00, 0x00, 0x00,
    0x00, 0x00, 0x00, 0x00, 0x00, 0x00, 0x0e, 0xe7, 0xf1, 0x66, 0x66, 0xf2, 0xe6, 0x0e, 0x00, 0x00,
    0x00, 0x01, 0x00, 0x00, 0x00, 0x00, 0x00, 0x01, 0x01, 0x04, 0x00, 0x40, 0xeb, 0xff, 0xff, 0xea,
    0x3f, 0x00, 0x04, 0x01, 0x01, 0x00, 0x00, 0x00, 0x00, 0x00, 0x00, 0x00, 0x00, 0x00, 0x01, 0x00,
    0x14, 0x4a, 0x49, 0x14, 0x00, 0x01, 0x00, 0x00, 0x00, 0x00, 0x00, 0x00, 0x00, 0x00, 0x00, 0x00,
    0x00, 0x00, 0x00, 0x02, 0x00, 0x00, 0x00, 0x00, 0x02, 0x00, 0x00, 0x00, 0x00, 0x00, 0x00, 0x00,
};

/* bolt 16px */
static const uint8_t icon_bolt_16_map[] = {
    0x00, 0x00, 0x00, 0x00, 0x00, 0x00, 0x00, 0x00, 0x00, 0x00, 0x00, 0x00, 0x00, 0x00, 0x00, 0x00,
    0x00, 0x00, 0x00, 0x00, 0x00, 0x02, 0x01, 0x0e, 0xb9, 0x47, 0x00, 0x03, 0x00, 0x00, 0x00, 0x00,
    0x00, 0x00, 0x00, 0x00, 0x00, 0x04, 0x00, 0x9f, 0xff, 0x78, 0x00, 0x04, 0x00, 0x00, 0x00, 0x00,
    0x00, 0x00, 0x00, 0x00, 0x03, 0x00, 0x61, 0xff, 0xfc, 0x72, 0x02, 0x06, 0x02, 0x00, 0x00, 0x00,
    0x00, 0x00, 0x00, 0x02, 0x00, 0x28, 0xf7, 0xe0, 0xfe, 0x71, 0x00, 0x00, 0x00, 0x00, 0x00, 0x00,
    0x00, 0x00, 0x01, 0x03, 0x05, 0xce, 0xf1, 0x46, 0xfb, 0x89, 0x24, 0x2d, 0x25, 0x04, 0x00, 0x00,
    0x00, 0x00, 0x04, 0x00, 0x90, 0xff, 0x55, 0x17, 0xff, 0xff, 0xff, 0xf9, 0xfe, 0x61, 0x00, 0x04,
    0x00, 0x03, 0x00, 0x4c, 0xff, 0x8c, 0x00, 0x00, 0x62, 0x74, 0x7c, 0xfa, 0xed, 0x24, 0x01, 0x02,
    0x02, 0x01, 0x26, 0xee, 0xf9, 0x7c, 0x75, 0x5e, 0x00, 0x00, 0x8d, 0xff, 0x4b, 0x00, 0x03, 0x00,
    0x04, 0x00, 0x5f, 0xfe, 0xf9, 0xff, 0xff, 0xff, 0x16, 0x56, 0xff, 0x8e, 0x00, 0x04, 0x00, 0x00,
    0x00, 0x00, 0x03, 0x25, 0x2d, 0x24, 0x89, 0xfc, 0x46, 0xf1, 0xcd, 0x05, 0x03, 0x01, 0x00, 0x00,
    0x00, 0x00, 0x00, 0x00, 0x00, 0x00, 0x71, 0xfe, 0xe0, 0xf7, 0x27, 0x00, 0x02, 0x00, 0x00, 0x00,
    0x00, 0x00, 0x00, 0x02, 0x06, 0x02, 0x72, 0xfc, 0xff, 0x60, 0x00, 0x03, 0x00, 0x00, 0x00, 0x00,
    0x00, 0x00, 0x00, 0x00, 0x04, 0x00, 0x77, 0xff, 0x9f, 0x00, 0x04, 0x00, 0x00, 0x00, 0x00, 0x00,
    0x00, 0x00, 0x00, 0x00, 0x02, 0x00, 0x3e, 0xaa, 0x0c, 0x01, 0x01, 0x00, 0x00, 0x00, 0x00, 0x00,
    0x00, 0x00, 0x00, 0x00, 0x00, 0x00, 0x00, 0x00, 0x00, 0x00, 0x00, 0x00, 0x00, 0x00, 0x00, 0x00,
};

/* bolt 20px */
static const uint8_t icon_bolt_20_map[] = {
    0x00, 0x00, 0x00, 0x00, 0x00, 0x00, 0x00, 0x00, 0x00, 0x02, 0x00, 0x00, 0x00, 0x00, 0x00, 0x00,
    0x00, 0x00, 0x00, 0x00, 0x00, 0x00, 0x00, 0x00, 0x00, 0x00, 0x00, 0x00, 0x02, 0x00, 0x3e, 0x25,
    0x00, 0x01, 0x00, 0x00, 0x00, 0x00, 0x00, 0x00, 0x00, 0x00, 0x00, 0x00, 0x00, 0x00, 0x00, 0x03,
    0x00, 0x38, 0xff, 0xab, 0x00, 0x03, 0x00, 0x00, 0x00, 0x00, 0x00, 0x00, 0x00, 0x00, 0x00, 0x00,
    0x00, 0x00, 0x01, 0x02, 0x0f, 0xd8, 0xfe, 0xa7, 0x00, 0x03, 0x00, 0x00, 0x00, 0x00, 0x00, 0x00,
    0x00, 0x00, 0x00, 0x00, 0x00, 0x00, 0x04, 0x00, 0xa4, 0xff, 0xff, 0xa9, 0x00, 0x03, 0x00, 0x00,
    0x00, 0x00, 0x00, 0x00, 0x00, 0x00, 0x00, 0x00, 0x00, 0x03, 0x00, 0x60, 0xff, 0xb7, 0xf3, 0xb0,
    0x04, 0x07, 0x04, 0x04, 0x02, 0x00, 0x00, 0x00, 0x00, 0x00, 0x00, 0x00, 0x02, 0x00, 0x26, 0xf4,
    0xde, 0x1a, 0xf8, 0xa9, 0x00, 0x00, 0x00, 0x00, 0x00, 0x00, 0x00, 0x00, 0x00, 0x00, 0x00, 0x01,
    0x03, 0x05, 0xc9, 0xff, 0x3c, 0x03, 0xfc, 0xd5, 0x7e, 0x82, 0x7e, 0x7e, 0x3c, 0x00, 0x02, 0x00,
    0x00, 0x00, 0x00, 0x04, 0x00, 0x8b, 0xff, 0x83, 0x00, 0x10, 0xde, 0xff, 0xff, 0xff, 0xff, 0xff,
    0x9d, 0x00, 0x04, 0x00, 0x00, 0x00, 0x03, 0x00, 0x49, 0xff, 0xb4, 0x00, 0x00, 0x00, 0x1c, 0x38,
    0x30, 0x50, 0xf3, 0xe4, 0x1b, 0x01, 0x02, 0x00, 0x00, 0x02, 0x01, 0x1c, 0xe5, 0xf2, 0x50, 0x30,
    0x38, 0x21, 0x00, 0x00, 0x00, 0xb5, 0xff, 0x49, 0x00, 0x03, 0x00, 0x00, 0x00, 0x04, 0x00, 0x9f,
    0xff, 0xff, 0xff, 0xff, 0xff, 0xe3, 0x11, 0x00, 0x84, 0xff, 0x8a, 0x00, 0x04, 0x00, 0x00, 0x00,
    0x00, 0x02, 0x00, 0x40, 0x7e, 0x7e, 0x82, 0x7e, 0xd5, 0xfb, 0x02, 0x3c, 0xff, 0xc9, 0x05, 0x03,
    0x01, 0x00, 0x00, 0x00, 0x00, 0x00, 0x00, 0x00, 0x00, 0x00, 0x00, 0x00, 0xa9, 0xf8, 0x1b, 0xde,
    0xf4, 0x26, 0x00, 0x02, 0x00, 0x00, 0x00, 0x00, 0x00, 0x00, 0x00, 0x02, 0x04, 0x04, 0x07, 0x04,
    0xb0, 0xf3, 0xb8, 0xff, 0x60, 0x00, 0x03, 0x00, 0x00, 0x00, 0x00, 0x00, 0x00, 0x00, 0x00, 0x00,
    0x00, 0x00, 0x03, 0x00, 0xa8, 0xff, 0xff, 0xa3, 0x00, 0x04, 0x00, 0x00, 0x00, 0x00, 0x00, 0x00,
    0x00, 0x00, 0x00, 0x00, 0x00, 0x00, 0x03, 0x00, 0xa8, 0xfe, 0xd8, 0x0e, 0x02, 0x01, 0x00, 0x00,
    0x00, 0x00, 0x00, 0x00, 0x00, 0x00, 0x00, 0x00, 0x00, 0x00, 0x03, 0x00, 0xa5, 0xff, 0x37, 0x00,
    0x03, 0x00, 0x00, 0x00, 0x00, 0x00, 0x00, 0x00, 0x00, 0x00, 0x00, 0x00, 0x00, 0x00, 0x01, 0x00,
    0x22, 0x40, 0x00, 0x02, 0x00, 0x00, 0x00, 0x00, 0x00, 0x00, 0x00, 0x00, 0x00, 0x00, 0x00, 0x00,
    0x00, 0x00, 0x00, 0x00, 0x00, 0x00, 0x02, 0x00, 0x00, 0x00, 0x00, 0x00, 0x00, 0x00, 0x00, 0x00,
};

/* bulb 16px */
static const uint8_t icon_bulb_16_map[] = {
    0x00, 0x00, 0x00, 0x01, 0x00, 0x00, 0x00, 0x00, 0x00, 0x00, 0x00, 0x01, 0x01, 0x00, 0x00, 0x00,
    0x00, 0x00, 0x00, 0x00, 0x00, 0x02, 0x01, 0x8c, 0x8a, 0x01, 0x03, 0x00, 0x00, 0x00, 0x00, 0x00,
    0x00, 0x00, 0x00, 0x11, 0x00, 0x03, 0x00, 0xde, 0xdd, 0x00, 0x04, 0x00, 0x11, 0x00, 0x00, 0x00,
    0x01, 0x00, 0x10, 0xf0, 0xa5, 0x00, 0x00, 0x65, 0x64, 0x00, 0x00, 0xa6, 0xf0, 0x0f, 0x00, 0x01,
    0x00, 0x02, 0x06, 0xa1, 0xc8, 0x48, 0xd4, 0xfd, 0xfd, 0xd3, 0x48, 0xc8, 0xa0, 0x05, 0x02, 0x00,
    0x00, 0x02, 0x02, 0x00, 0x3e, 0xff, 0xe9, 0x84, 0x84, 0xea, 0xfe, 0x3d, 0x00, 0x02, 0x02, 0x00,
    0x00, 0x00, 0x00, 0x00, 0xd5, 0xe9, 0x18, 0x00, 0x00, 0x18, 0xe9, 0xd5, 0x00, 0x00, 0x00, 0x00,
    0x00, 0x8b, 0xd3, 0x61, 0xfe, 0x87, 0x00, 0x08, 0x08, 0x00, 0x88, 0xfe, 0x62, 0xd3, 0x8a, 0x00,
    0x00, 0x87, 0xd3, 0x5b, 0xfe, 0x85, 0x00, 0x08, 0x08, 0x00, 0x86, 0xfd, 0x5c, 0xd3, 0x85, 0x00,
    0x00, 0x00, 0x00, 0x00, 0xd5, 0xe6, 0x13, 0x00, 0x00, 0x13, 0xe7, 0xd4, 0x00, 0x00, 0x00, 0x00,
    0x00, 0x02, 0x04, 0x01, 0x41, 0xfe, 0xcd, 0x71, 0x71, 0xcd, 0xfe, 0x40, 0x01, 0x04, 0x02, 0x00,
    0x00, 0x00, 0x00, 0x03, 0x00, 0x6f, 0xff, 0xff, 0xff, 0xff, 0x6d, 0x00, 0x03, 0x00, 0x00, 0x00,
    0x00, 0x00, 0x00, 0x02, 0x01, 0x21, 0xff, 0x78, 0x79, 0xff, 0x20, 0x01, 0x02, 0x00, 0x00, 0x00,
    0x00, 0x00, 0x00, 0x01, 0x01, 0x0b, 0xe3, 0xf2, 0xf2, 0xe3, 0x0a, 0x01, 0x01, 0x00, 0x00, 0x00,
    0x00, 0x00, 0x00, 0x00, 0x02, 0x00, 0x2f, 0xb4, 0xb4, 0x2e, 0x00, 0x02, 0x00, 0x00, 0x00, 0x00,
    0x00, 0x00, 0x00, 0x00, 0x00, 0x00, 0x00, 0x00, 0x00, 0x00, 0x00, 0x00, 0x00, 0x00, 0x00, 0x00,
};

/* bulb 20px */
static const uint8_t icon_bulb_20_map[] = {
    0x00, 0x00, 0x00, 0x00, 0x00, 0x00, 0x00, 0x00, 0x00, 0x00, 0x00, 0x00, 0x00, 0x00, 0x00, 0x00,
    0x00, 0x00, 0x00, 0x00, 0x00, 0x00, 0x00, 0x00, 0x02, 0x01, 0x00, 0x01, 0x00, 0x2d, 0x2d, 0x00,
    0x01, 0x00, 0x01, 0x02, 0x00, 0x00, 0x00, 0x00, 0x00, 0x00, 0x00, 0x00, 0x00, 0x00, 0x00, 0x01,
    0x00, 0xdf, 0xde, 0x00, 0x01, 0x00, 0x00, 0x00, 0x00, 0x00, 0x00, 0x00, 0x00, 0x00, 0x00, 0x00,
    0x21, 0x00, 0x00, 0x05, 0x02, 0xc5, 0xc4, 0x02, 0x05, 0x00, 0x00, 0x21, 0x00, 0x00, 0x00, 0x00,
    0x00, 0x02, 0x00, 0x23, 0xff, 0xa7, 0x09, 0x00, 0x00, 0x1d, 0x1d, 0x00, 0x00, 0x09, 0xa8, 0xff,
    0x22, 0x00, 0x02, 0x00, 0x00, 0x00, 0x02, 0x09, 0xa6, 0xf1, 0x09, 0x4c, 0xba, 0xed, 0xed, 0xba,
    0x4b, 0x0a, 0xf1, 0xa5, 0x09, 0x02, 0x00, 0x00, 0x00, 0x00, 0x01, 0x00, 0x01, 0x0e, 0x85, 0xff,
    0xfc, 0xc0, 0xc0, 0xfd, 0xff, 0x84, 0x0e, 0x01, 0x00, 0x01, 0x00, 0x00, 0x00, 0x01, 0x01, 0x05,
    0x01, 0x4b, 0xff, 0xbd, 0x1e, 0x00, 0x00, 0x1e, 0xbe, 0xff, 0x4a, 0x01, 0x05, 0x01, 0x01, 0x00,
    0x00, 0x00, 0x00, 0x00, 0x00, 0xcb, 0xf2, 0x15, 0x00, 0x04, 0x04, 0x00, 0x15, 0xf2, 0xca, 0x00,
    0x00, 0x00, 0x00, 0x00, 0x00, 0x31, 0xd3, 0xc2, 0x21, 0xf5, 0xb9, 0x00, 0x04, 0x00, 0x00, 0x04,
    0x00, 0xbb, 0xf3, 0x21, 0xc3, 0xd3, 0x30, 0x00, 0x00, 0x32, 0xd3, 0xc3, 0x21, 0xf1, 0xbc, 0x00,
    0x03, 0x00, 0x00, 0x03, 0x00, 0xbe, 0xf0, 0x21, 0xc3, 0xd3, 0x31, 0x00, 0x00, 0x00, 0x00, 0x00,
    0x00, 0xc6, 0xf3, 0x12, 0x00, 0x05, 0x05, 0x00, 0x13, 0xf3, 0xc5, 0x00, 0x00, 0x00, 0x00, 0x00,
    0x00, 0x01, 0x01, 0x05, 0x01, 0x53, 0xff, 0xba, 0x0b, 0x00, 0x00, 0x0b, 0xbb, 0xff, 0x51, 0x01,
    0x05, 0x01, 0x01, 0x00, 0x00, 0x00, 0x00, 0x00, 0x02, 0x00, 0x87, 0xff, 0xcf, 0xb1, 0xb1, 0xcf,
    0xff, 0x86, 0x00, 0x02, 0x00, 0x00, 0x00, 0x00, 0x00, 0x00, 0x00, 0x00, 0x00, 0x03, 0x00, 0xb6,
    0xff, 0xff, 0xff, 0xff, 0xb5, 0x00, 0x03, 0x00, 0x00, 0x00, 0x00, 0x00, 0x00, 0x00, 0x00, 0x00,
    0x00, 0x05, 0x01, 0x7a, 0xfb, 0x20, 0x21, 0xfb, 0x79, 0x01, 0x04, 0x00, 0x00, 0x00, 0x00, 0x00,
    0x00, 0x00, 0x00, 0x00, 0x00, 0x04, 0x00, 0x5c, 0xff, 0x85, 0x86, 0xff, 0x5b, 0x00, 0x04, 0x00,
    0x00, 0x00, 0x00, 0x00, 0x00, 0x00, 0x00, 0x00, 0x00, 0x01, 0x01, 0x0a, 0xbb, 0xff, 0xff, 0xbb,
    0x0a, 0x01, 0x01, 0x00, 0x00, 0x00, 0x00, 0x00, 0x00, 0x00, 0x00, 0x00, 0x00, 0x00, 0x01, 0x00,
    0x03, 0x42, 0x42, 0x03, 0x00, 0x01, 0x00, 0x00, 0x00, 0x00, 0x00, 0x00, 0x00, 0x00, 0x00, 0x00,
    0x00, 0x00, 0x00, 0x01, 0x00, 0x00, 0x00, 0x00, 0x01, 0x00, 0x00, 0x00, 0x00, 0x00, 0x00, 0x00,
};

/* chart-bar 16px */
static const uint8_t icon_chart_bar_16_map[] = {
    0x00, 0x00, 0x00, 0x00, 0x00, 0x01, 0x00, 0x00, 0x00, 0x00, 0x01, 0x00, 0x00, 0x00, 0x00, 0x00,
    0x00, 0x00, 0x00, 0x00, 0x00, 0x00, 0x1d, 0x26, 0x26, 0x1d, 0x00, 0x00, 0x00, 0x00, 0x00, 0x00,
    0x00, 0x00, 0x00, 0x03, 0x00, 0x6f, 0xfa, 0xff, 0xff, 0xf9, 0x6e, 0x04, 0x07, 0x04, 0x01, 0x00,
    0x00, 0x00, 0x00, 0x02, 0x00, 0xd1, 0xea, 0x6f, 0x6f, 0xeb, 0xcd, 0x00, 0x00, 0x00, 0x00, 0x00,
    0x00, 0x00, 0x00, 0x02, 0x00, 0xd0, 0xcd, 0x00, 0x00, 0xc7, 0xe7, 0x6f, 0x74, 0x62, 0x0c, 0x00,
    0x00, 0x02, 0x02, 0x01, 0x01, 0xd1, 0xd2, 0x04, 0x04, 0xc6, 0xff, 0xff, 0xff, 0xff, 0x9d, 0x00,
    0x00, 0x00, 0x00, 0x00, 0x00, 0xd0, 0xd1, 0x00, 0x00, 0xd4, 0xdc, 0x24, 0x24, 0xd7, 0xd0, 0x00,
    0x00, 0x3a, 0xbf, 0xd5, 0xd1, 0xf8, 0xc7, 0x00, 0x00, 0xd6, 0xd3, 0x00, 0x00, 0xd0, 0xcc, 0x00,
    0x00, 0xc0, 0xff, 0xd1, 0xd2, 0xf9, 0xc8, 0x00, 0x00, 0xd6, 0xd5, 0x02, 0x02, 0xd2, 0xcd, 0x00,
    0x00, 0xce, 0xcf, 0x00, 0x00, 0xd5, 0xd6, 0x00, 0x00, 0xd6, 0xd5, 0x00, 0x00, 0xd2, 0xcd, 0x00,
    0x00, 0xcc, 0xd3, 0x05, 0x05, 0xd7, 0xd6, 0x04, 0x04, 0xd7, 0xd6, 0x04, 0x04, 0xd3, 0xcd, 0x00,
    0x00, 0xcc, 0xce, 0x00, 0x00, 0xd3, 0xd1, 0x00, 0x00, 0xd2, 0xd1, 0x00, 0x00, 0xce, 0xcc, 0x00,
    0x00, 0xcd, 0xea, 0x79, 0x7b, 0xea, 0xe9, 0x7b, 0x7b, 0xea, 0xe9, 0x7b, 0x73, 0xea, 0xce, 0x00,
    0x00, 0x6f, 0xff, 0xff, 0xff, 0xff, 0xff, 0xff, 0xff, 0xff, 0xff, 0xff, 0xff, 0xf9, 0x6f, 0x00,
    0x00, 0x00, 0x26, 0x32, 0x31, 0x2e, 0x2e, 0x31, 0x31, 0x2e, 0x2e, 0x31, 0x29, 0x1d, 0x00, 0x00,
    0x00, 0x01, 0x00, 0x00, 0x00, 0x00, 0x00, 0x00, 0x00, 0x00, 0x00, 0x00, 0x00, 0x00, 0x01, 0x00,
};

/* chart-bar 20px */
static const uint8_t icon_chart_bar_20_map[] = {
    0x00, 0x00, 0x00, 0x00, 0x00, 0x00, 0x00, 0x03, 0x05, 0x05, 0x05, 0x05, 0x03, 0x00, 0x00, 0x00,
    0x00, 0x00, 0x00, 0x00, 0x00, 0x00, 0x00, 0x00, 0x00, 0x00, 0x01, 0x00, 0x00, 0x00, 0x00, 0x00,
    0x00, 0x01, 0x00, 0x00, 0x00, 0x00, 0x00, 0x00, 0x00, 0x00, 0x00, 0x00, 0x00, 0x01, 0x00, 0x3d,
    0x7f, 0x7f, 0x7f, 0x7f, 0x3c, 0x00, 0x01, 0x00, 0x00, 0x00, 0x00, 0x00, 0x00, 0x00, 0x00, 0x00,
    0x02, 0x00, 0x2d, 0xfc, 0xff, 0xff, 0xff, 0xff, 0xfc, 0x2c, 0x03, 0x05, 0x03, 0x01, 0x00, 0x00,
    0x00, 0x00, 0x00, 0x00, 0x03, 0x00, 0x57, 0xff, 0x72, 0x31, 0x31, 0x72, 0xff, 0x4e, 0x00, 0x00,
    0x00, 0x00, 0x01, 0x00, 0x00, 0x00, 0x00, 0x00, 0x03, 0x00, 0x52, 0xfe, 0x4b, 0x00, 0x00, 0x4c,
    0xfe, 0x73, 0x30, 0x33, 0x31, 0x0a, 0x00, 0x01, 0x00, 0x00, 0x00, 0x00, 0x03, 0x00, 0x53, 0xff,
    0x55, 0x03, 0x03, 0x58, 0xff, 0xff, 0xff, 0xff, 0xff, 0xd2, 0x14, 0x01, 0x00, 0x00, 0x03, 0x01,
    0x04, 0x01, 0x53, 0xff, 0x53, 0x00, 0x00, 0x5f, 0xff, 0xae, 0x7f, 0x7f, 0xa7, 0xff, 0x4d, 0x00,
    0x00, 0x00, 0x00, 0x00, 0x00, 0x00, 0x4e, 0xff, 0x53, 0x00, 0x00, 0x61, 0xff, 0x54, 0x00, 0x00,
    0x46, 0xfd, 0x52, 0x00, 0x01, 0x06, 0x89, 0xcf, 0xd5, 0xd3, 0xe0, 0xff, 0x55, 0x00, 0x00, 0x61,
    0xff, 0x63, 0x04, 0x04, 0x56, 0xff, 0x52, 0x00, 0x00, 0x47, 0xff, 0xe5, 0xd3, 0xd4, 0xe3, 0xff,
    0x5d, 0x00, 0x00, 0x61, 0xff, 0x60, 0x00, 0x00, 0x53, 0xff, 0x52, 0x00, 0x00, 0x54, 0xfc, 0x4d,
    0x00, 0x00, 0x5c, 0xff, 0x61, 0x00, 0x00, 0x61, 0xff, 0x60, 0x00, 0x00, 0x53, 0xff, 0x52, 0x00,
    0x00, 0x51, 0xff, 0x54, 0x01, 0x01, 0x61, 0xff, 0x60, 0x00, 0x00, 0x61, 0xff, 0x60, 0x00, 0x00,
    0x53, 0xff, 0x52, 0x00, 0x00, 0x52, 0xff, 0x55, 0x03, 0x03, 0x63, 0xff, 0x62, 0x03, 0x03, 0x63,
    0xff, 0x62, 0x03, 0x03, 0x55, 0xff, 0x52, 0x00, 0x00, 0x51, 0xfe, 0x4a, 0x00, 0x00, 0x59, 0xff,
    0x58, 0x00, 0x00, 0x59, 0xff, 0x58, 0x00, 0x00, 0x4c, 0xfe, 0x51, 0x00, 0x00, 0x55, 0xff, 0x78,
    0x3a, 0x3a, 0x83, 0xfb, 0x83, 0x3a, 0x3a, 0x83, 0xfb, 0x82, 0x3b, 0x34, 0x71, 0xff, 0x54, 0x00,
    0x00, 0x2d, 0xfe, 0xff, 0xff, 0xff, 0xff, 0xff, 0xff, 0xff, 0xff, 0xff, 0xff, 0xff, 0xff, 0xff,
    0xff, 0xfd, 0x2b, 0x00, 0x02, 0x00, 0x42, 0x7f, 0x7d, 0x7e, 0x7f, 0x80, 0x7f, 0x7e, 0x7e, 0x7f,
    0x80, 0x7f, 0x7e, 0x7e, 0x7f, 0x3d, 0x00, 0x01, 0x00, 0x01, 0x00, 0x00, 0x00, 0x00, 0x00, 0x00,
    0x00, 0x00, 0x00, 0x00, 0x00, 0x00, 0x00, 0x00, 0x00, 0x00, 0x01, 0x00, 0x00, 0x00, 0x03, 0x05,
    0x05, 0x05, 0x05, 0x05, 0x05, 0x05, 0x05, 0x05, 0x05, 0x05, 0x05, 0x05, 0x05, 0x03, 0x00, 0x00,
};

/* check 16px */
static const uint8_t icon_check_16_map[] = {
    0x00, 0x00, 0x00, 0x00, 0x00, 0x00, 0x00, 0x00, 0x00, 0x00, 0x00, 0x00, 0x00, 0x00, 0x00, 0x00,
    0x00, 0x00, 0x00, 0x00, 0x00, 0x00, 0x00, 0x00, 0x00, 0x00, 0x00, 0x00, 0x00, 0x02, 0x00, 0x00,
    0x00, 0x00, 0x00, 0x00, 0x00, 0x00, 0x00, 0x00, 0x00, 0x00, 0x00, 0x00, 0x00, 0x00, 0x00, 0x00,
    0x00, 0x00, 0x00, 0x00, 0x00, 0x00, 0x00, 0x00, 0x00, 0x00, 0x01, 0x01, 0x00, 0x1d, 0x00, 0x00,
    0x00, 0x00, 0x00, 0x00, 0x00, 0x00, 0x00, 0x00, 0x00, 0x01, 0x03, 0x00, 0x95, 0xfb, 0x19, 0x00,
    0x00, 0x00, 0x01, 0x02, 0x01, 0x00, 0x00, 0x00, 0x01, 0x03, 0x00, 0x91, 0xff, 0x9c, 0x07, 0x02,
    0x00, 0x00, 0x00, 0x00, 0x00, 0x01, 0x00, 0x01, 0x03, 0x00, 0x93, 0xff, 0x96, 0x00, 0x01, 0x01,
    0x03, 0x00, 0x4b, 0xb3, 0x18, 0x00, 0x04, 0x02, 0x00, 0x94, 0xff, 0x95, 0x00, 0x03, 0x01, 0x00,
    0x03, 0x00, 0x46, 0xff, 0xd4, 0x1b, 0x00, 0x00, 0x95, 0xff, 0x93, 0x00, 0x03, 0x01, 0x00, 0x00,
    0x00, 0x02, 0x00, 0x4e, 0xff, 0xd7, 0x24, 0x92, 0xff, 0x91, 0x00, 0x03, 0x01, 0x00, 0x00, 0x00,
    0x00, 0x00, 0x04, 0x00, 0x4f, 0xff, 0xf4, 0xff, 0x93, 0x00, 0x03, 0x01, 0x00, 0x00, 0x00, 0x00,
    0x00, 0x00, 0x00, 0x04, 0x00, 0x4c, 0xf2, 0x92, 0x00, 0x03, 0x01, 0x00, 0x00, 0x00, 0x00, 0x00,
    0x00, 0x00, 0x00, 0x00, 0x02, 0x00, 0x19, 0x00, 0x01, 0x01, 0x00, 0x00, 0x00, 0x00, 0x00, 0x00,
    0x00, 0x00, 0x00, 0x00, 0x00, 0x02, 0x00, 0x01, 0x00, 0x00, 0x00, 0x00, 0x00, 0x00, 0x00, 0x00,
    0x00, 0x00, 0x00, 0x00, 0x00, 0x00, 0x01, 0x00, 0x00, 0x00, 0x00, 0x00, 0x00, 0x00, 0x00, 0x00,
    0x00, 0x00, 0x00, 0x00, 0x00, 0x00, 0x00, 0x00, 0x00, 0x00, 0x00, 0x00, 0x00, 0x00, 0x00, 0x00,
};

/* check 20px */
static const uint8_t icon_check_20_map[] = {
    0x00, 0x00, 0x00, 0x00, 0x00, 0x00, 0x00, 0x00, 0x00, 0x00, 0x00, 0x00, 0x00, 0x00, 0x00, 0x00,
    0x00, 0x00, 0x00, 0x00, 0x00, 0x00, 0x00, 0x00, 0x00, 0x00, 0x00, 0x00, 0x00, 0x00, 0x00, 0x00,
    0x00, 0x00, 0x00, 0x00, 0x00, 0x00, 0x00, 0x00, 0x00, 0x00, 0x00, 0x00, 0x00, 0x00, 0x00, 0x00,
    0x00, 0x00, 0x00, 0x00, 0x00, 0x00, 0x00, 0x00, 0x01, 0x00, 0x00, 0x00, 0x00, 0x00, 0x00, 0x00,
    0x00, 0x00, 0x00, 0x00, 0x00, 0x00, 0x00, 0x00, 0x00, 0x00, 0x00, 0x02, 0x00, 0x00, 0x00, 0x00,
    0x00, 0x00, 0x00, 0x00, 0x00, 0x00, 0x00, 0x00, 0x00, 0x00, 0x00, 0x00, 0x00, 0x00, 0x02, 0x00,
    0x0b, 0x00, 0x00, 0x00, 0x00, 0x00, 0x00, 0x00, 0x00, 0x00, 0x00, 0x00, 0x00, 0x00, 0x00, 0x00,
    0x00, 0x04, 0x00, 0x3a, 0xe6, 0x65, 0x00, 0x04, 0x00, 0x00, 0x00, 0x00, 0x00, 0x00, 0x00, 0x00,
    0x00, 0x00, 0x00, 0x00, 0x04, 0x00, 0x3c, 0xf2, 0xf8, 0x3e, 0x01, 0x03, 0x00, 0x00, 0x00, 0x01,
    0x02, 0x01, 0x00, 0x00, 0x00, 0x00, 0x00, 0x04, 0x00, 0x3c, 0xf3, 0xf4, 0x3d, 0x00, 0x02, 0x00,
    0x00, 0x00, 0x00, 0x00, 0x00, 0x00, 0x01, 0x00, 0x00, 0x00, 0x04, 0x00, 0x3d, 0xf4, 0xf4, 0x3e,
    0x00, 0x04, 0x00, 0x00, 0x00, 0x03, 0x00, 0x77, 0xb2, 0x0b, 0x00, 0x02, 0x00, 0x04, 0x00, 0x3d,
    0xf4, 0xf4, 0x3d, 0x00, 0x04, 0x00, 0x00, 0x00, 0x00, 0x03, 0x00, 0x76, 0xff, 0xbc, 0x0d, 0x00,
    0x06, 0x00, 0x3e, 0xf4, 0xf4, 0x3e, 0x00, 0x04, 0x00, 0x00, 0x00, 0x00, 0x00, 0x00, 0x02, 0x00,
    0x77, 0xff, 0xbe, 0x10, 0x00, 0x3f, 0xf4, 0xf3, 0x3c, 0x00, 0x04, 0x00, 0x00, 0x00, 0x00, 0x00,
    0x00, 0x00, 0x00, 0x03, 0x00, 0x7a, 0xff, 0xba, 0x50, 0xf6, 0xf4, 0x3b, 0x00, 0x04, 0x00, 0x00,
    0x00, 0x00, 0x00, 0x00, 0x00, 0x00, 0x00, 0x01, 0x04, 0x00, 0x7e, 0xff, 0xff, 0xf4, 0x3d, 0x00,
    0x04, 0x00, 0x00, 0x00, 0x00, 0x00, 0x00, 0x00, 0x00, 0x00, 0x00, 0x00, 0x01, 0x04, 0x00, 0x81,
    0xe2, 0x3a, 0x00, 0x04, 0x00, 0x00, 0x00, 0x00, 0x00, 0x00, 0x00, 0x00, 0x00, 0x00, 0x00, 0x00,
    0x00, 0x00, 0x02, 0x00, 0x0c, 0x00, 0x02, 0x00, 0x00, 0x00, 0x00, 0x00, 0x00, 0x00, 0x00, 0x00,
    0x00, 0x00, 0x00, 0x00, 0x00, 0x00, 0x00, 0x01, 0x00, 0x02, 0x00, 0x00, 0x00, 0x00, 0x00, 0x00,
    0x00, 0x00, 0x00, 0x00, 0x00, 0x00, 0x00, 0x00, 0x00, 0x00, 0x00, 0x00, 0x01, 0x00, 0x00, 0x00,
    0x00, 0x00, 0x00, 0x00, 0x00, 0x00, 0x00, 0x00, 0x00, 0x00, 0x00, 0x00, 0x00, 0x00, 0x00, 0x00,
    0x00, 0x00, 0x00, 0x00, 0x00, 0x00, 0x00, 0x00, 0x00, 0x00, 0x00, 0x00, 0x00, 0x00, 0x00, 0x00,
    0x00, 0x00, 0x00, 0x00, 0x00, 0x00, 0x00, 0x00, 0x00, 0x00, 0x00, 0x00, 0x00, 0x00, 0x00, 0x00,
};

/* chevron-left 18px */
static const uint8_t icon_chevron_left_18_map[] = {
    0x00, 0x00, 0x00, 0x00, 0x00, 0x00, 0x00, 0x00, 0x00, 0x00, 0x00, 0x00, 0x00, 0x00, 0x00, 0x00,
    0x00, 0x00, 0x00, 0x00, 0x00, 0x00, 0x00, 0x00, 0x00, 0x00, 0x00, 0x00, 0x01, 0x02, 0x00, 0x00,
    0x00, 0x00, 0x00, 0x00, 0x00, 0x00, 0x00, 0x00, 0x00, 0x00, 0x00, 0x00, 0x00, 0x01, 0x00, 0x00,
    0x00, 0x00, 0x00, 0x00, 0x00, 0x00, 0x00, 0x00, 0x00, 0x00, 0x00, 0x00, 0x00, 0x00, 0x02, 0x00,
    0x0b, 0x32, 0x00, 0x00, 0x00, 0x00, 0x00, 0x00, 0x00, 0x00, 0x00, 0x00, 0x00, 0x00, 0x00, 0x02,
    0x00, 0x07, 0xbf, 0xf7, 0x08, 0x01, 0x01, 0x00, 0x00, 0x00, 0x00, 0x00, 0x00, 0x00, 0x00, 0x00,
    0x02, 0x00, 0x06, 0xb8, 0xff, 0x50, 0x01, 0x02, 0x00, 0x00, 0x00, 0x00, 0x00, 0x00, 0x00, 0x00,
    0x00, 0x01, 0x00, 0x07, 0xb8, 0xff, 0x4e, 0x00, 0x02, 0x00, 0x00, 0x00, 0x00, 0x00, 0x00, 0x00,
    0x00, 0x00, 0x01, 0x01, 0x05, 0xb9, 0xff, 0x4e, 0x00, 0x04, 0x00, 0x00, 0x00, 0x00, 0x00, 0x00,
    0x00, 0x00, 0x00, 0x01, 0x01, 0x06, 0xbd, 0xfd, 0x44, 0x00, 0x04, 0x00, 0x00, 0x00, 0x00, 0x00,
    0x00, 0x00, 0x00, 0x00, 0x00, 0x01, 0x01, 0x06, 0xbe, 0xfd, 0x43, 0x00, 0x04, 0x00, 0x00, 0x00,
    0x00, 0x00, 0x00, 0x00, 0x00, 0x00, 0x00, 0x00, 0x01, 0x01, 0x05, 0xb9, 0xff, 0x4e, 0x00, 0x04,
    0x00, 0x00, 0x00, 0x00, 0x00, 0x00, 0x00, 0x00, 0x00, 0x00, 0x00, 0x01, 0x00, 0x07, 0xb8, 0xff,
    0x4e, 0x00, 0x02, 0x00, 0x00, 0x00, 0x00, 0x00, 0x00, 0x00, 0x00, 0x00, 0x00, 0x00, 0x02, 0x00,
    0x06, 0xb8, 0xff, 0x50, 0x01, 0x02, 0x00, 0x00, 0x00, 0x00, 0x00, 0x00, 0x00, 0x00, 0x00, 0x00,
    0x00, 0x02, 0x00, 0x07, 0xbe, 0xf5, 0x08, 0x01, 0x01, 0x00, 0x00, 0x00, 0x00, 0x00, 0x00, 0x00,
    0x00, 0x00, 0x00, 0x00, 0x02, 0x00, 0x09, 0x2d, 0x00, 0x00, 0x00, 0x00, 0x00, 0x00, 0x00, 0x00,
    0x00, 0x00, 0x00, 0x00, 0x00, 0x00, 0x00, 0x01, 0x00, 0x00, 0x00, 0x00, 0x00, 0x00, 0x00, 0x00,
    0x00, 0x00, 0x00, 0x00, 0x00, 0x00, 0x00, 0x00, 0x00, 0x00, 0x01, 0x02, 0x00, 0x00, 0x00, 0x00,
    0x00, 0x00, 0x00, 0x00, 0x00, 0x00, 0x00, 0x00, 0x00, 0x00, 0x00, 0x00, 0x00, 0x00, 0x00, 0x00,
    0x00, 0x00, 0x00, 0x00,
};

/* chevron-left 22px */
static const uint8_t icon_chevron_left_22_map[] = {
    0x00, 0x00, 0x00, 0x00, 0x00, 0x00, 0x00, 0x00, 0x00, 0x00, 0x00, 0x00, 0x00, 0x00, 0x00, 0x00,
    0x00, 0x00, 0x00, 0x00, 0x00, 0x00, 0x00, 0x00, 0x00, 0x00, 0x00, 0x00, 0x00, 0x00, 0x00, 0x00,
    0x00, 0x00, 0x00, 0x00, 0x00, 0x00, 0x00, 0x00, 0x00, 0x00, 0x00, 0x00, 0x00, 0x00, 0x00, 0x00,
    0x00, 0x00, 0x00, 0x00, 0x00, 0x00, 0x00, 0x00, 0x00, 0x04, 0x02, 0x00, 0x00, 0x00, 0x00, 0x00,
    0x00, 0x00, 0x00, 0x00, 0x00, 0x00, 0x00, 0x00, 0x00, 0x00, 0x00, 0x00, 0x00, 0x00, 0x02, 0x00,
    0x00, 0x00, 0x00, 0x00, 0x00, 0x00, 0x00, 0x00, 0x00, 0x00, 0x00, 0x00, 0x00, 0x00, 0x00, 0x00,
    0x00, 0x00, 0x01, 0x02, 0x00, 0x60, 0x2b, 0x00, 0x01, 0x00, 0x00, 0x00, 0x00, 0x00, 0x00, 0x00,
    0x00, 0x00, 0x00, 0x00, 0x00, 0x00, 0x00, 0x01, 0x04, 0x00, 0x7f, 0xff, 0xa8, 0x00, 0x04, 0x00,
    0x00, 0x00, 0x00, 0x00, 0x00, 0x00, 0x00, 0x00, 0x00, 0x00, 0x00, 0x00, 0x01, 0x04, 0x00, 0x81,
    0xff, 0xdb, 0x29, 0x01, 0x02, 0x00, 0x00, 0x00, 0x00, 0x00, 0x00, 0x00, 0x00, 0x00, 0x00, 0x00,
    0x00, 0x01, 0x04, 0x00, 0x81, 0xff, 0xdd, 0x24, 0x00, 0x02, 0x00, 0x00, 0x00, 0x00, 0x00, 0x00,
    0x00, 0x00, 0x00, 0x00, 0x00, 0x00, 0x00, 0x03, 0x00, 0x81, 0xff, 0xdd, 0x24, 0x00, 0x03, 0x00,
    0x00, 0x00, 0x00, 0x00, 0x00, 0x00, 0x00, 0x00, 0x00, 0x00, 0x00, 0x00, 0x02, 0x00, 0x82, 0xff,
    0xde, 0x24, 0x00, 0x04, 0x00, 0x00, 0x00, 0x00, 0x00, 0x00, 0x00, 0x00, 0x00, 0x00, 0x00, 0x00,
    0x00, 0x03, 0x00, 0x7a, 0xff, 0xd4, 0x1e, 0x00, 0x03, 0x00, 0x00, 0x00, 0x00, 0x00, 0x00, 0x00,
    0x00, 0x00, 0x00, 0x00, 0x00, 0x00, 0x00, 0x03, 0x00, 0x7c, 0xff, 0xd4, 0x1e, 0x00, 0x03, 0x00,
    0x00, 0x00, 0x00, 0x00, 0x00, 0x00, 0x00, 0x00, 0x00, 0x00, 0x00, 0x00, 0x00, 0x00, 0x02, 0x00,
    0x82, 0xff, 0xde, 0x24, 0x00, 0x04, 0x00, 0x00, 0x00, 0x00, 0x00, 0x00, 0x00, 0x00, 0x00, 0x00,
    0x00, 0x00, 0x00, 0x00, 0x00, 0x03, 0x00, 0x81, 0xff, 0xdd, 0x24, 0x00, 0x03, 0x00, 0x00, 0x00,
    0x00, 0x00, 0x00, 0x00, 0x00, 0x00, 0x00, 0x00, 0x00, 0x00, 0x00, 0x01, 0x04, 0x00, 0x81, 0xff,
    0xdd, 0x24, 0x00, 0x02, 0x00, 0x00, 0x00, 0x00, 0x00, 0x00, 0x00, 0x00, 0x00, 0x00, 0x00, 0x00,
    0x00, 0x00, 0x01, 0x04, 0x00, 0x81, 0xff, 0xdc, 0x28, 0x01, 0x02, 0x00, 0x00, 0x00, 0x00, 0x00,
    0x00, 0x00, 0x00, 0x00, 0x00, 0x00, 0x00, 0x00, 0x00, 0x01, 0x04, 0x00, 0x7f, 0xff, 0xa7, 0x00,
    0x04, 0x00, 0x00, 0x00, 0x00, 0x00, 0x00, 0x00, 0x00, 0x00, 0x00, 0x00, 0x00, 0x00, 0x00, 0x00,
    0x01, 0x02, 0x00, 0x58, 0x29, 0x00, 0x01, 0x00, 0x00, 0x00, 0x00, 0x00, 0x00, 0x00, 0x00, 0x00,
    0x00, 0x00, 0x00, 0x00, 0x00, 0x00, 0x00, 0x00, 0x02, 0x00, 0x00, 0x00, 0x00, 0x00, 0x00, 0x00,
    0x00, 0x00, 0x00, 0x00, 0x00, 0x00, 0x00, 0x00, 0x00, 0x00, 0x00, 0x00, 0x00, 0x00, 0x00, 0x04,
    0x02, 0x00, 0x00, 0x00, 0x00, 0x00, 0x00, 0x00, 0x00, 0x00, 0x00, 0x00, 0x00, 0x00, 0x00, 0x00,
    0x00, 0x00, 0x00, 0x00, 0x00, 0x00, 0x00, 0x00, 0x00, 0x00, 0x00, 0x00, 0x00, 0x00, 0x00, 0x00,
    0x00, 0x00, 0x00, 0x00, 0x00, 0x00, 0x00, 0x00, 0x00, 0x00, 0x00, 0x00, 0x00, 0x00, 0x00, 0x00,
    0x00, 0x00, 0x00, 0x00,
};

/* chevron-right 14px */
static const uint8_t icon_chevron_right_14_map[] = {
    0x00, 0x00, 0x00, 0x00, 0x00, 0x01, 0x00, 0x00, 0x00, 0x00, 0x00, 0x00, 0x00, 0x00, 0x00, 0x00,
    0x00, 0x00, 0x00, 0x00, 0x02, 0x00, 0x00, 0x00, 0x00, 0x00, 0x00, 0x00, 0x00, 0x00, 0x00, 0x00,
    0x09, 0x0e, 0x00, 0x02, 0x00, 0x00, 0x00, 0x00, 0x00, 0x00, 0x00, 0x00, 0x03, 0x00, 0x41, 0xee,
    0x2e, 0x00, 0x04, 0x00, 0x00, 0x00, 0x00, 0x00, 0x00, 0x00, 0x00, 0x02, 0x05, 0x9d, 0xf9, 0x2e,
    0x00, 0x03, 0x00, 0x00, 0x00, 0x00, 0x00, 0x00, 0x00, 0x01, 0x01, 0x00, 0x9b, 0xfb, 0x2f, 0x00,
    0x02, 0x00, 0x00, 0x00, 0x00, 0x00, 0x00, 0x00, 0x01, 0x04, 0x00, 0x90, 0xf2, 0x27, 0x01, 0x02,
    0x00, 0x00, 0x00, 0x00, 0x00, 0x00, 0x01, 0x04, 0x00, 0x90, 0xf2, 0x27, 0x01, 0x02, 0x00, 0x00,
    0x00, 0x00, 0x00, 0x01, 0x01, 0x00, 0x9b, 0xfb, 0x2f, 0x00, 0x02, 0x00, 0x00, 0x00, 0x00, 0x00,
    0x00, 0x02, 0x05, 0x9d, 0xf9, 0x2e, 0x00, 0x03, 0x00, 0x00, 0x00, 0x00, 0x00, 0x00, 0x03, 0x00,
    0x41, 0xee, 0x2e, 0x00, 0x04, 0x00, 0x00, 0x00, 0x00, 0x00, 0x00, 0x00, 0x00, 0x00, 0x09, 0x0e,
    0x00, 0x02, 0x00, 0x00, 0x00, 0x00, 0x00, 0x00, 0x00, 0x00, 0x00, 0x00, 0x00, 0x00, 0x02, 0x00,
    0x00, 0x00, 0x00, 0x00, 0x00, 0x00, 0x00, 0x00, 0x00, 0x00, 0x00, 0x01, 0x00, 0x00, 0x00, 0x00,
    0x00, 0x00, 0x00, 0x00,
};

/* chevron-right 18px */
static const uint8_t icon_chevron_right_18_map[] = {
    0x00, 0x00, 0x00, 0x00, 0x00, 0x00, 0x00, 0x00, 0x00, 0x00, 0x00, 0x00, 0x00, 0x00, 0x00, 0x00,
    0x00, 0x00, 0x00, 0x00, 0x00, 0x00, 0x00, 0x00, 0x02, 0x01, 0x00, 0x00, 0x00, 0x00, 0x00, 0x00,
    0x00, 0x00, 0x00, 0x00, 0x00, 0x00, 0x00, 0x00, 0x00, 0x00, 0x00, 0x00, 0x01, 0x00, 0x00, 0x00,
    0x00, 0x00, 0x00, 0x00, 0x00, 0x00, 0x00, 0x00, 0x00, 0x00, 0x00, 0x00, 0x32, 0x0b, 0x00, 0x02,
    0x00, 0x00, 0x00, 0x00, 0x00, 0x00, 0x00, 0x00, 0x00, 0x00, 0x00, 0x01, 0x01, 0x0a, 0xf8, 0xbe,
    0x07, 0x00, 0x02, 0x00, 0x00, 0x00, 0x00, 0x00, 0x00, 0x00, 0x00, 0x00, 0x00, 0x00, 0x02, 0x01,
    0x51, 0xff, 0xb8, 0x06, 0x00, 0x02, 0x00, 0x00, 0x00, 0x00, 0x00, 0x00, 0x00, 0x00, 0x00, 0x00,
    0x00, 0x02, 0x00, 0x4e, 0xff, 0xb8, 0x07, 0x00, 0x01, 0x00, 0x00, 0x00, 0x00, 0x00, 0x00, 0x00,
    0x00, 0x00, 0x00, 0x00, 0x04, 0x00, 0x4e, 0xff, 0xb9, 0x05, 0x01, 0x01, 0x00, 0x00, 0x00, 0x00,
    0x00, 0x00, 0x00, 0x00, 0x00, 0x00, 0x00, 0x04, 0x00, 0x44, 0xfd, 0xbd, 0x05, 0x01, 0x01, 0x00,
    0x00, 0x00, 0x00, 0x00, 0x00, 0x00, 0x00, 0x00, 0x00, 0x04, 0x00, 0x44, 0xfd, 0xbe, 0x06, 0x01,
    0x01, 0x00, 0x00, 0x00, 0x00, 0x00, 0x00, 0x00, 0x00, 0x00, 0x04, 0x00, 0x4e, 0xff, 0xb9, 0x05,
    0x01, 0x01, 0x00, 0x00, 0x00, 0x00, 0x00, 0x00, 0x00, 0x00, 0x00, 0x02, 0x00, 0x4e, 0xff, 0xb8,
    0x07, 0x00, 0x01, 0x00, 0x00, 0x00, 0x00, 0x00, 0x00, 0x00, 0x00, 0x00, 0x02, 0x01, 0x50, 0xff,
    0xb8, 0x06, 0x00, 0x02, 0x00, 0x00, 0x00, 0x00, 0x00, 0x00, 0x00, 0x00, 0x00, 0x01, 0x01, 0x09,
    0xf5, 0xbd, 0x07, 0x00, 0x02, 0x00, 0x00, 0x00, 0x00, 0x00, 0x00, 0x00, 0x00, 0x00, 0x00, 0x00,
    0x00, 0x00, 0x2d, 0x09, 0x00, 0x02, 0x00, 0x00, 0x00, 0x00, 0x00, 0x00, 0x00, 0x00, 0x00, 0x00,
    0x00, 0x00, 0x00, 0x00, 0x00, 0x00, 0x01, 0x00, 0x00, 0x00, 0x00, 0x00, 0x00, 0x00, 0x00, 0x00,
    0x00, 0x00, 0x00, 0x00, 0x00, 0x00, 0x02, 0x01, 0x00, 0x00, 0x00, 0x00, 0x00, 0x00, 0x00, 0x00,
    0x00, 0x00, 0x00, 0x00, 0x00, 0x00, 0x00, 0x00, 0x00, 0x00, 0x00, 0x00, 0x00, 0x00, 0x00, 0x00,
    0x00, 0x00, 0x00, 0x00,
};

/* circle-check 16px */
static const uint8_t icon_circle_check_16_map[] = {
    0x00, 0x00, 0x00, 0x02, 0x00, 0x00, 0x00, 0x00, 0x00, 0x00, 0x00, 0x00, 0x02, 0x00, 0x00, 0x00,
    0x00, 0x00, 0x02, 0x00, 0x01, 0x50, 0xa0, 0xc7, 0xc7, 0x9f, 0x50, 0x01, 0x00, 0x02, 0x00, 0x00,
    0x00, 0x02, 0x00, 0x25, 0xc8, 0xff, 0xff, 0xe2, 0xe2, 0xff, 0xff, 0xc7, 0x24, 0x00, 0x02, 0x00,
    0x02, 0x00, 0x23, 0xe7, 0xff, 0x76, 0x1b, 0x01, 0x01, 0x1c, 0x78, 0xff, 0xe7, 0x23, 0x01, 0x02,
    0x02, 0x03, 0xcb, 0xfa, 0x39, 0x00, 0x00, 0x00, 0x01, 0x00, 0x00, 0x39, 0xfb, 0xca, 0x03, 0x02,
    0x00, 0x4e, 0xff, 0x70, 0x00, 0x09, 0x04, 0x03, 0x00, 0x12, 0x1a, 0x00, 0x72, 0xff, 0x4c, 0x00,
    0x00, 0xa2, 0xf8, 0x0d, 0x02, 0x00, 0x00, 0x00, 0x18, 0xda, 0xc0, 0x02, 0x0f, 0xf8, 0xa0, 0x00,
    0x00, 0xc8, 0xd9, 0x00, 0x00, 0x90, 0x8e, 0x22, 0xd6, 0xff, 0x55, 0x01, 0x00, 0xda, 0xc6, 0x00,
    0x00, 0xc4, 0xdb, 0x00, 0x00, 0x97, 0xff, 0xf3, 0xff, 0x51, 0x00, 0x02, 0x00, 0xdc, 0xc4, 0x00,
    0x00, 0x9b, 0xf9, 0x0e, 0x02, 0x00, 0x92, 0xf2, 0x4c, 0x00, 0x06, 0x02, 0x0e, 0xf9, 0x9a, 0x00,
    0x00, 0x45, 0xff, 0x6d, 0x00, 0x06, 0x00, 0x19, 0x00, 0x04, 0x07, 0x00, 0x6e, 0xff, 0x45, 0x00,
    0x02, 0x01, 0xc8, 0xf9, 0x37, 0x00, 0x00, 0x00, 0x02, 0x00, 0x00, 0x37, 0xf9, 0xc6, 0x01, 0x02,
    0x02, 0x01, 0x23, 0xe8, 0xff, 0x74, 0x16, 0x00, 0x00, 0x16, 0x75, 0xff, 0xe8, 0x22, 0x01, 0x02,
    0x00, 0x02, 0x00, 0x25, 0xca, 0xff, 0xff, 0xdc, 0xdc, 0xff, 0xff, 0xc9, 0x25, 0x00, 0x02, 0x00,
    0x00, 0x00, 0x02, 0x00, 0x01, 0x4c, 0x9f, 0xc8, 0xc8, 0x9f, 0x4c, 0x01, 0x00, 0x02, 0x00, 0x00,
    0x00, 0x00, 0x00, 0x02, 0x00, 0x00, 0x00, 0x00, 0x00, 0x00, 0x00, 0x00, 0x02, 0x00, 0x00, 0x00,
};

/* circle-check 20px */
static const uint8_t icon_circle_check_20_map[] = {
    0x00, 0x00, 0x00, 0x00, 0x00, 0x01, 0x04, 0x00, 0x00, 0x00, 0x00, 0x00, 0x00, 0x04, 0x01, 0x00,
    0x00, 0x00, 0x00, 0x00, 0x00, 0x00, 0x00, 0x00, 0x02, 0x00, 0x00, 0x05, 0x30, 0x44, 0x44, 0x30,
    0x05, 0x00, 0x00, 0x02, 0x00, 0x00, 0x00, 0x00, 0x00, 0x00, 0x00, 0x03, 0x00, 0x13, 0x84, 0xe8,
    0xff, 0xff, 0xff, 0xff, 0xe8, 0x84, 0x13, 0x00, 0x03, 0x00, 0x00, 0x00, 0x00, 0x00, 0x03, 0x00,
    0x3d, 0xe3, 0xff, 0xd0, 0x80, 0x59, 0x59, 0x80, 0xd1, 0xff, 0xe3, 0x3c, 0x00, 0x03, 0x00, 0x00,
    0x00, 0x02, 0x00, 0x3c, 0xf9, 0xf0, 0x50, 0x00, 0x00, 0x00, 0x00, 0x00, 0x00, 0x51, 0xf1, 0xf9,
    0x3c, 0x00, 0x02, 0x00, 0x02, 0x01, 0x17, 0xe7, 0xf2, 0x31, 0x00, 0x02, 0x04, 0x04, 0x03, 0x05,
    0x06, 0x00, 0x32, 0xf2, 0xe7, 0x17, 0x01, 0x02, 0x04, 0x00, 0x8b, 0xff, 0x5b, 0x00, 0x06, 0x01,
    0x00, 0x00, 0x01, 0x00, 0x00, 0x02, 0x00, 0x5c, 0xff, 0x8a, 0x00, 0x04, 0x00, 0x07, 0xed, 0xd4,
    0x00, 0x03, 0x02, 0x01, 0x02, 0x02, 0x00, 0x0f, 0x74, 0x17, 0x02, 0x00, 0xd5, 0xec, 0x07, 0x00,
    0x00, 0x2c, 0xff, 0x81, 0x00, 0x04, 0x00, 0x00, 0x00, 0x00, 0x0f, 0xc0, 0xff, 0x46, 0x00, 0x00,
    0x82, 0xff, 0x2b, 0x00, 0x00, 0x47, 0xfe, 0x5b, 0x00, 0x00, 0x31, 0xc3, 0x36, 0x09, 0xc2, 0xff,
    0x7f, 0x01, 0x05, 0x00, 0x5c, 0xfe, 0x45, 0x00, 0x00, 0x48, 0xfe, 0x5c, 0x00, 0x02, 0x31, 0xfc,
    0xea, 0xc8, 0xff, 0x80, 0x00, 0x02, 0x04, 0x00, 0x5d, 0xfe, 0x47, 0x00, 0x00, 0x31, 0xff, 0x83,
    0x00, 0x06, 0x00, 0x39, 0xf7, 0xff, 0x7f, 0x00, 0x04, 0x01, 0x04, 0x00, 0x84, 0xff, 0x30, 0x00,
    0x00, 0x0a, 0xf1, 0xd4, 0x00, 0x03, 0x03, 0x00, 0x3c, 0x67, 0x00, 0x02, 0x01, 0x00, 0x03, 0x00,
    0xd5, 0xf0, 0x0a, 0x00, 0x03, 0x00, 0x8e, 0xff, 0x54, 0x00, 0x06, 0x02, 0x00, 0x00, 0x02, 0x00,
    0x00, 0x06, 0x00, 0x55, 0xff, 0x8d, 0x00, 0x04, 0x02, 0x01, 0x15, 0xe5, 0xf0, 0x34, 0x00, 0x01,
    0x06, 0x07, 0x04, 0x04, 0x01, 0x00, 0x35, 0xf0, 0xe5, 0x15, 0x01, 0x02, 0x00, 0x02, 0x00, 0x3c,
    0xfa, 0xf6, 0x5f, 0x00, 0x00, 0x00, 0x00, 0x00, 0x01, 0x5f, 0xf7, 0xf9, 0x3a, 0x00, 0x03, 0x00,
    0x00, 0x00, 0x03, 0x00, 0x3e, 0xe6, 0xff, 0xd4, 0x8c, 0x5f, 0x60, 0x8c, 0xd5, 0xff, 0xe5, 0x3e,
    0x00, 0x03, 0x00, 0x00, 0x00, 0x00, 0x00, 0x03, 0x00, 0x16, 0x87, 0xea, 0xff, 0xff, 0xff, 0xff,
    0xea, 0x87, 0x16, 0x00, 0x03, 0x00, 0x00, 0x00, 0x00, 0x00, 0x00, 0x00, 0x02, 0x00, 0x00, 0x08,
    0x30, 0x44, 0x44, 0x30, 0x07, 0x00, 0x00, 0x02, 0x00, 0x00, 0x00, 0x00, 0x00, 0x00, 0x00, 0x00,
    0x00, 0x01, 0x04, 0x00, 0x00, 0x00, 0x00, 0x00, 0x00, 0x04, 0x01, 0x00, 0x00, 0x00, 0x00, 0x00,
};

/* clock 14px */
static const uint8_t icon_clock_14_map[] = {
    0x00, 0x00, 0x01, 0x02, 0x00, 0x00, 0x00, 0x00, 0x00, 0x00, 0x02, 0x01, 0x00, 0x00, 0x00, 0x00,
    0x00, 0x00, 0x44, 0xa5, 0xce, 0xce, 0xa4, 0x44, 0x00, 0x01, 0x00, 0x00, 0x01, 0x02, 0x02, 0xa9,
    0xf2, 0x9d, 0x5c, 0x5c, 0x9d, 0xf2, 0xa8, 0x02, 0x02, 0x01, 0x02, 0x00, 0xa8, 0xe4, 0x1f, 0x00,
    0x2f, 0x2f, 0x00, 0x20, 0xe5, 0xa7, 0x00, 0x02, 0x00, 0x47, 0xff, 0x1c, 0x00, 0x04, 0xb2, 0xb2,
    0x04, 0x00, 0x1d, 0xff, 0x46, 0x00, 0x00, 0xb0, 0xa4, 0x00, 0x09, 0x00, 0xa3, 0xa1, 0x02, 0x09,
    0x00, 0xa5, 0xaf, 0x00, 0x00, 0xd2, 0x6b, 0x01, 0x08, 0x00, 0xac, 0xb1, 0x00, 0x07, 0x01, 0x6d,
    0xd1, 0x00, 0x00, 0xd3, 0x69, 0x02, 0x07, 0x00, 0x53, 0xff, 0x60, 0x00, 0x02, 0x6b, 0xd2, 0x00,
    0x00, 0xb3, 0xa5, 0x00, 0x05, 0x02, 0x00, 0x62, 0xff, 0x3d, 0x00, 0xa9, 0xb1, 0x00, 0x00, 0x47,
    0xff, 0x21, 0x00, 0x06, 0x06, 0x00, 0x41, 0x11, 0x21, 0xff, 0x45, 0x00, 0x02, 0x00, 0xa8, 0xe7,
    0x22, 0x00, 0x00, 0x00, 0x00, 0x1d, 0xe7, 0xa7, 0x00, 0x02, 0x01, 0x02, 0x03, 0xa4, 0xf5, 0xa3,
    0x66, 0x66, 0xa6, 0xf7, 0xa3, 0x02, 0x02, 0x01, 0x00, 0x00, 0x00, 0x00, 0x49, 0xb3, 0xcf, 0xcf,
    0xb2, 0x48, 0x00, 0x01, 0x00, 0x00, 0x00, 0x00, 0x01, 0x02, 0x00, 0x00, 0x00, 0x00, 0x00, 0x00,
    0x02, 0x01, 0x00, 0x00,
};

/* clock 20px */
static const uint8_t icon_clock_20_map[] = {
    0x00, 0x00, 0x00, 0x00, 0x00, 0x01, 0x04, 0x00, 0x00, 0x00, 0x00, 0x00, 0x00, 0x04, 0x01, 0x00,
    0x00, 0x00, 0x00, 0x00, 0x00, 0x00, 0x00, 0x00, 0x02, 0x00, 0x00, 0x05, 0x30, 0x44, 0x44, 0x30,
    0x05, 0x00, 0x00, 0x02, 0x00, 0x00, 0x00, 0x00, 0x00, 0x00, 0x00, 0x03, 0x00, 0x13, 0x84, 0xe8,
    0xff, 0xff, 0xff, 0xff, 0xe8, 0x83, 0x12, 0x00, 0x03, 0x00, 0x00, 0x00, 0x00, 0x00, 0x03, 0x00,
    0x3c, 0xe3, 0xff, 0xd0, 0x80, 0x58, 0x58, 0x80, 0xd0, 0xff, 0xe2, 0x3c, 0x00, 0x03, 0x00, 0x00,
    0x00, 0x02, 0x00, 0x3b, 0xf9, 0xf1, 0x51, 0x00, 0x00, 0x00, 0x00, 0x00, 0x00, 0x52, 0xf1, 0xf8,
    0x3b, 0x00, 0x02, 0x00, 0x02, 0x01, 0x17, 0xe7, 0xf2, 0x31, 0x00, 0x04, 0x04, 0xb9, 0xb8, 0x04,
    0x04, 0x00, 0x32, 0xf3, 0xe6, 0x17, 0x01, 0x02, 0x04, 0x00, 0x8a, 0xff, 0x5c, 0x00, 0x07, 0x00,
    0x00, 0xe0, 0xdf, 0x00, 0x00, 0x07, 0x00, 0x5c, 0xff, 0x89, 0x00, 0x04, 0x00, 0x07, 0xed, 0xd5,
    0x00, 0x03, 0x01, 0x00, 0x00, 0xd7, 0xd7, 0x00, 0x00, 0x01, 0x03, 0x00, 0xd6, 0xec, 0x07, 0x00,
    0x00, 0x2d, 0xff, 0x82, 0x00, 0x04, 0x00, 0x00, 0x00, 0xd8, 0xd6, 0x00, 0x01, 0x00, 0x04, 0x00,
    0x83, 0xff, 0x2b, 0x00, 0x00, 0x47, 0xfe, 0x5b, 0x00, 0x04, 0x00, 0x00, 0x00, 0xdf, 0xe0, 0x00,
    0x00, 0x01, 0x04, 0x00, 0x5c, 0xfe, 0x46, 0x00, 0x00, 0x48, 0xfe, 0x5c, 0x00, 0x04, 0x00, 0x02,
    0x00, 0x90, 0xff, 0x9a, 0x00, 0x00, 0x05, 0x00, 0x5d, 0xfe, 0x47, 0x00, 0x00, 0x31, 0xff, 0x83,
    0x00, 0x04, 0x00, 0x01, 0x02, 0x01, 0x9c, 0xff, 0x9b, 0x08, 0x05, 0x00, 0x84, 0xff, 0x30, 0x00,
    0x00, 0x0a, 0xf1, 0xd4, 0x00, 0x03, 0x01, 0x00, 0x01, 0x01, 0x00, 0x9b, 0xff, 0x48, 0x02, 0x01,
    0xd5, 0xf0, 0x0a, 0x00, 0x03, 0x00, 0x8e, 0xff, 0x54, 0x00, 0x06, 0x00, 0x00, 0x01, 0x00, 0x00,
    0x47, 0x11, 0x00, 0x56, 0xff, 0x8d, 0x00, 0x04, 0x02, 0x01, 0x15, 0xe5, 0xf0, 0x34, 0x00, 0x01,
    0x04, 0x03, 0x04, 0x04, 0x00, 0x00, 0x35, 0xf0, 0xe5, 0x15, 0x01, 0x02, 0x00, 0x02, 0x00, 0x3c,
    0xfa, 0xf6, 0x5f, 0x00, 0x00, 0x00, 0x00, 0x00, 0x04, 0x60, 0xf7, 0xf9, 0x3a, 0x00, 0x03, 0x00,
    0x00, 0x00, 0x03, 0x00, 0x3e, 0xe6, 0xff, 0xd4, 0x8c, 0x5f, 0x60, 0x8c, 0xd5, 0xff, 0xe5, 0x3e,
    0x00, 0x03, 0x00, 0x00, 0x00, 0x00, 0x00, 0x03, 0x00, 0x16, 0x87, 0xea, 0xff, 0xff, 0xff, 0xff,
    0xea, 0x87, 0x16, 0x00, 0x03, 0x00, 0x00, 0x00, 0x00, 0x00, 0x00, 0x00, 0x02, 0x00, 0x00, 0x08,
    0x30, 0x44, 0x44, 0x30, 0x07, 0x00, 0x00, 0x02, 0x00, 0x00, 0x00, 0x00, 0x00, 0x00, 0x00, 0x00,
    0x00, 0x01, 0x04, 0x00, 0x00, 0x00, 0x00, 0x00, 0x00, 0x04, 0x01, 0x00, 0x00, 0x00, 0x00, 0x00,
};

/* cloud 16px */
static const uint8_t icon_cloud_16_map[] = {
    0x00, 0x00, 0x00, 0x00, 0x00, 0x00, 0x03, 0x04, 0x05, 0x03, 0x01, 0x00, 0x00, 0x00, 0x00, 0x00,
    0x00, 0x00, 0x00, 0x00, 0x01, 0x02, 0x00, 0x00, 0x00, 0x00, 0x00, 0x01, 0x00, 0x00, 0x00, 0x00,
    0x00, 0x00, 0x00, 0x01, 0x00, 0x00, 0x2e, 0x6e, 0x7a, 0x45, 0x00, 0x00, 0x01, 0x00, 0x00, 0x00,
    0x00, 0x00, 0x04, 0x03, 0x15, 0xaa, 0xff, 0xff, 0xff, 0xff, 0xc2, 0x1b, 0x00, 0x02, 0x00, 0x00,
    0x00, 0x03, 0x00, 0x00, 0xbb, 0xff, 0x8a, 0x33, 0x32, 0x83, 0xff, 0xd1, 0x0e, 0x04, 0x01, 0x00,
    0x02, 0x00, 0x40, 0xaa, 0xff, 0x83, 0x00, 0x00, 0x00, 0x00, 0x62, 0xff, 0x54, 0x00, 0x05, 0x00,
    0x00, 0x6f, 0xff, 0xff, 0xba, 0x13, 0x03, 0x04, 0x04, 0x03, 0x10, 0xfb, 0xbb, 0x31, 0x00, 0x01,
    0x29, 0xfe, 0xbd, 0x1c, 0x00, 0x00, 0x00, 0x00, 0x02, 0x00, 0x19, 0xe8, 0xff, 0xff, 0x7c, 0x00,
    0x71, 0xfe, 0x2d, 0x00, 0x04, 0x01, 0x00, 0x00, 0x00, 0x01, 0x00, 0x1e, 0x32, 0xae, 0xff, 0x36,
    0x6f, 0xff, 0x35, 0x00, 0x05, 0x02, 0x02, 0x02, 0x02, 0x02, 0x02, 0x00, 0x00, 0x1d, 0xfd, 0x77,
    0x28, 0xfd, 0xbf, 0x15, 0x00, 0x00, 0x00, 0x00, 0x00, 0x00, 0x00, 0x00, 0x00, 0x6f, 0xff, 0x58,
    0x00, 0x6e, 0xff, 0xfc, 0xd2, 0xc9, 0xc9, 0xc9, 0xc9, 0xc9, 0xca, 0xc9, 0xd6, 0xff, 0xc5, 0x0b,
    0x02, 0x00, 0x47, 0xa6, 0xd2, 0xd8, 0xd7, 0xd8, 0xd8, 0xd8, 0xd7, 0xd7, 0xd0, 0x8a, 0x0e, 0x00,
    0x00, 0x02, 0x00, 0x00, 0x00, 0x00, 0x00, 0x00, 0x00, 0x00, 0x00, 0x00, 0x00, 0x00, 0x00, 0x01,
    0x00, 0x00, 0x03, 0x03, 0x01, 0x01, 0x01, 0x01, 0x01, 0x01, 0x01, 0x01, 0x01, 0x03, 0x01, 0x00,
    0x00, 0x00, 0x00, 0x00, 0x00, 0x00, 0x00, 0x00, 0x00, 0x00, 0x00, 0x00, 0x00, 0x00, 0x00, 0x00,
};

/* cloud 24px */
static const uint8_t icon_cloud_24_map[] = {
    0x00, 0x00, 0x00, 0x00, 0x00, 0x00, 0x00, 0x00, 0x00, 0x00, 0x00, 0x00, 0x00, 0x00, 0x00, 0x00,
    0x00, 0x00, 0x00, 0x00, 0x00, 0x00, 0x00, 0x00, 0x00, 0x00, 0x00, 0x00, 0x00, 0x00, 0x00, 0x00,
    0x00, 0x00, 0x00, 0x01, 0x01, 0x01, 0x00, 0x00, 0x00, 0x00, 0x00, 0x00, 0x00, 0x00, 0x00, 0x00,
    0x00, 0x00, 0x00, 0x00, 0x00, 0x00, 0x00, 0x00, 0x01, 0x04, 0x00, 0x00, 0x00, 0x00, 0x03, 0x02,
    0x00, 0x00, 0x00, 0x00, 0x00, 0x00, 0x00, 0x00, 0x00, 0x00, 0x00, 0x00, 0x00, 0x00, 0x00, 0x03,
    0x00, 0x00, 0x00, 0x14, 0x16, 0x04, 0x00, 0x00, 0x03, 0x00, 0x00, 0x00, 0x00, 0x00, 0x00, 0x00,
    0x00, 0x00, 0x00, 0x00, 0x00, 0x00, 0x03, 0x00, 0x15, 0x77, 0xc9, 0xf5, 0xf7, 0xda, 0x9a, 0x2c,
    0x00, 0x03, 0x00, 0x00, 0x00, 0x00, 0x00, 0x00, 0x00, 0x00, 0x00, 0x00, 0x00, 0x03, 0x00, 0x4b,
    0xe2, 0xff, 0xff, 0xf1, 0xeb, 0xff, 0xff, 0xf5, 0x67, 0x00, 0x03, 0x00, 0x00, 0x00, 0x00, 0x00,
    0x00, 0x00, 0x00, 0x01, 0x06, 0x00, 0x3c, 0xf9, 0xff, 0xb1, 0x44, 0x13, 0x0d, 0x2a, 0x96, 0xff,
    0xff, 0x60, 0x00, 0x03, 0x00, 0x00, 0x00, 0x00, 0x00, 0x00, 0x02, 0x00, 0x00, 0x00, 0xcf, 0xff,
    0x89, 0x00, 0x00, 0x00, 0x00, 0x00, 0x00, 0x6e, 0xff, 0xef, 0x19, 0x01, 0x01, 0x00, 0x00, 0x00,
    0x00, 0x02, 0x00, 0x19, 0x83, 0xc7, 0xff, 0xdd, 0x02, 0x02, 0x04, 0x01, 0x01, 0x03, 0x04, 0x00,
    0xb1, 0xff, 0x6a, 0x00, 0x07, 0x01, 0x00, 0x00, 0x02, 0x00, 0x3e, 0xe3, 0xff, 0xff, 0xf5, 0x74,
    0x00, 0x04, 0x00, 0x00, 0x00, 0x00, 0x04, 0x01, 0x5b, 0xfd, 0x9e, 0x03, 0x00, 0x00, 0x01, 0x00,
    0x01, 0x21, 0xef, 0xff, 0xb3, 0x43, 0x1e, 0x00, 0x01, 0x00, 0x00, 0x00, 0x00, 0x00, 0x04, 0x00,
    0x6c, 0xff, 0xf7, 0xd5, 0x85, 0x07, 0x00, 0x01, 0x00, 0x95, 0xff, 0xab, 0x00, 0x00, 0x00, 0x00,
    0x00, 0x00, 0x00, 0x00, 0x00, 0x00, 0x03, 0x00, 0x53, 0xeb, 0xef, 0xff, 0xff, 0xba, 0x08, 0x02,
    0x06, 0xda, 0xfd, 0x2b, 0x00, 0x06, 0x01, 0x00, 0x00, 0x00, 0x00, 0x00, 0x00, 0x00, 0x00, 0x00,
    0x00, 0x0f, 0x14, 0x47, 0xdb, 0xff, 0x76, 0x00, 0x0f, 0xec, 0xf8, 0x11, 0x01, 0x01, 0x00, 0x00,
    0x00, 0x00, 0x00, 0x00, 0x00, 0x00, 0x00, 0x00, 0x01, 0x00, 0x00, 0x00, 0x45, 0xfd, 0xd2, 0x05,
    0x05, 0xd7, 0xfd, 0x2b, 0x00, 0x06, 0x01, 0x01, 0x01, 0x01, 0x01, 0x01, 0x01, 0x01, 0x01, 0x01,
    0x01, 0x02, 0x04, 0x06, 0x13, 0xfa, 0xec, 0x0f, 0x00, 0x91, 0xff, 0xa9, 0x00, 0x00, 0x00, 0x00,
    0x00, 0x00, 0x00, 0x00, 0x00, 0x00, 0x00, 0x00, 0x00, 0x00, 0x00, 0x00, 0x42, 0xfd, 0xd6, 0x05,
    0x01, 0x1f, 0xf0, 0xff, 0xb2, 0x3e, 0x13, 0x10, 0x10, 0x0f, 0x0f, 0x0f, 0x0f, 0x0f, 0x0f, 0x0f,
    0x10, 0x10, 0x15, 0x4c, 0xdb, 0xff, 0x7f, 0x00, 0x02, 0x00, 0x46, 0xef, 0xff, 0xff, 0xf4, 0xf3,
    0xf3, 0xf3, 0xf3, 0xf3, 0xf3, 0xf3, 0xf3, 0xf3, 0xf3, 0xf3, 0xf5, 0xff, 0xff, 0xc3, 0x0b, 0x02,
    0x00, 0x02, 0x00, 0x28, 0x97, 0xd8, 0xf1, 0xf3, 0xf3, 0xf3, 0xf3, 0xf3, 0xf3, 0xf3, 0xf3, 0xf3,
    0xf3, 0xf3, 0xf1, 0xd7, 0x85, 0x0a, 0x00, 0x01, 0x00, 0x00, 0x02, 0x00, 0x00, 0x05, 0x0f, 0x0f,
    0x0f, 0x0f, 0x0f, 0x0f, 0x0f, 0x0f, 0x0f, 0x0f, 0x0f, 0x0f, 0x0f, 0x04, 0x00, 0x00, 0x01, 0x00,
    0x00, 0x00, 0x00, 0x02, 0x03, 0x00, 0x00, 0x00, 0x00, 0x00, 0x00, 0x00, 0x00, 0x00, 0x00, 0x00,
    0x00, 0x00, 0x00, 0x00, 0x03, 0x01, 0x00, 0x00, 0x00, 0x00, 0x00, 0x00, 0x00, 0x01, 0x01, 0x01,
    0x01, 0x01, 0x01, 0x01, 0x01, 0x01, 0x01, 0x01, 0x01, 0x01, 0x01, 0x01, 0x00, 0x00, 0x00, 0x00,
    0x00, 0x00, 0x00, 0x00, 0x00, 0x00, 0x00, 0x00, 0x00, 0x00, 0x00, 0x00, 0x00, 0x00, 0x00, 0x00,
    0x00, 0x00, 0x00, 0x00, 0x00, 0x00, 0x00, 0x00, 0x00, 0x00, 0x00, 0x00, 0x00, 0x00, 0x00, 0x00,
    0x00, 0x00, 0x00, 0x00, 0x00, 0x00, 0x00, 0x00, 0x00, 0x00, 0x00, 0x00, 0x00, 0x00, 0x00, 0x00,
};

/* cloud 40px */
static const uint8_t icon_cloud_40_map[] = {
    0x00, 0x00, 0x00, 0x00, 0x00, 0x00, 0x00, 0x00, 0x00, 0x00, 0x00, 0x00, 0x00, 0x00, 0x00, 0x00,
    0x00, 0x00, 0x00, 0x00, 0x00, 0x00, 0x00, 0x00, 0x00, 0x00, 0x00, 0x00, 0x00, 0x00, 0x00, 0x00,
    0x00, 0x00, 0x00, 0x00, 0x00, 0x00, 0x00, 0x00, 0x00, 0x00, 0x00, 0x00, 0x00, 0x00, 0x00, 0x00,
    0x00, 0x00, 0x00, 0x00, 0x00, 0x00, 0x00, 0x00, 0x00, 0x00, 0x00, 0x00, 0x00, 0x00, 0x00, 0x00,
    0x00, 0x00, 0x00, 0x00, 0x00, 0x00, 0x00, 0x00, 0x00, 0x00, 0x00, 0x00, 0x00, 0x00, 0x00, 0x00,
    0x00, 0x00, 0x00, 0x00, 0x00, 0x00, 0x00, 0x00, 0x00, 0x00, 0x00, 0x00, 0x00, 0x00, 0x00, 0x00,
    0x00, 0x00, 0x00, 0x00, 0x00, 0x00, 0x00, 0x00, 0x00, 0x00, 0x00, 0x00, 0x00, 0x00, 0x00, 0x00,
    0x00, 0x00, 0x00, 0x00, 0x00, 0x00, 0x00, 0x00, 0x00, 0x00, 0x00, 0x00, 0x00, 0x00, 0x00, 0x00,
    0x00, 0x00, 0x00, 0x00, 0x00, 0x00, 0x00, 0x00, 0x00, 0x00, 0x00, 0x00, 0x00, 0x00, 0x00, 0x00,
    0x00, 0x00, 0x00, 0x00, 0x00, 0x00, 0x00, 0x00, 0x00, 0x00, 0x00, 0x00, 0x00, 0x00, 0x00, 0x00,
    0x00, 0x00, 0x00, 0x00, 0x00, 0x00, 0x00, 0x00, 0x00, 0x00, 0x00, 0x00, 0x00, 0x00, 0x00, 0x00,
    0x00, 0x01, 0x03, 0x03, 0x03, 0x03, 0x02, 0x01, 0x00, 0x00, 0x00, 0x00, 0x00, 0x00, 0x00, 0x00,
    0x00, 0x00, 0x00, 0x00, 0x00, 0x00, 0x00, 0x00, 0x00, 0x00, 0x00, 0x00, 0x00, 0x00, 0x00, 0x00,
    0x00, 0x00, 0x00, 0x00, 0x00, 0x00, 0x01, 0x03, 0x02, 0x00, 0x00, 0x00, 0x00, 0x00, 0x00, 0x00,
    0x04, 0x01, 0x00, 0x00, 0x00, 0x00, 0x00, 0x00, 0x00, 0x00, 0x00, 0x00, 0x00, 0x00, 0x00, 0x00,
    0x00, 0x00, 0x00, 0x00, 0x00, 0x00, 0x00, 0x00, 0x00, 0x00, 0x00, 0x00, 0x00, 0x02, 0x00, 0x00,
    0x00, 0x10, 0x34, 0x46, 0x4c, 0x3c, 0x1f, 0x00, 0x00, 0x00, 0x03, 0x00, 0x00, 0x00, 0x00, 0x00,
    0x00, 0x00, 0x00, 0x00, 0x00, 0x00, 0x00, 0x00, 0x00, 0x00, 0x00, 0x00, 0x00, 0x00, 0x00, 0x00,
    0x00, 0x00, 0x00, 0x00, 0x03, 0x00, 0x03, 0x58, 0xb2, 0xe8, 0xff, 0xff, 0xff, 0xff, 0xf6, 0xd0,
    0x7f, 0x1b, 0x00, 0x01, 0x01, 0x00, 0x00, 0x00, 0x00, 0x00, 0x00, 0x00, 0x00, 0x00, 0x00, 0x00,
    0x00, 0x00, 0x00, 0x00, 0x00, 0x00, 0x00, 0x00, 0x00, 0x00, 0x00, 0x03, 0x00, 0x3e, 0xcc, 0xff,
    0xff, 0xff, 0xfe, 0xff, 0xff, 0xfe, 0xfe, 0xff, 0xff, 0xec, 0x6e, 0x00, 0x00, 0x01, 0x00, 0x00,
    0x00, 0x00, 0x00, 0x00, 0x00, 0x00, 0x00, 0x00, 0x00, 0x00, 0x00, 0x00, 0x00, 0x00, 0x00, 0x00,
    0x00, 0x00, 0x03, 0x00, 0x6a, 0xfd, 0xff, 0xf9, 0xff, 0xff, 0xff, 0xf1, 0xf1, 0xfc, 0xff, 0xff,
    0xfb, 0xff, 0xff, 0xad, 0x08, 0x01, 0x01, 0x00, 0x00, 0x00, 0x00, 0x00, 0x00, 0x00, 0x00, 0x00,
    0x00, 0x00, 0x00, 0x00, 0x00, 0x00, 0x00, 0x00, 0x00, 0x03, 0x00, 0x67, 0xff, 0xfc, 0xfc, 0xff,
    0xd7, 0x77, 0x32, 0x15, 0x16, 0x2a, 0x58, 0xab, 0xff, 0xff, 0xf8, 0xff, 0xb1, 0x02, 0x03, 0x00,
    0x00, 0x00, 0x00, 0x00, 0x00, 0x00, 0x00, 0x00, 0x00, 0x00, 0x00, 0x00, 0x00, 0x00, 0x00, 0x01,
    0x06, 0x03, 0x2f, 0xfb, 0xfb, 0xfd, 0xfb, 0x77, 0x09, 0x00, 0x00, 0x00, 0x00, 0x00, 0x00, 0x00,
    0x44, 0xde, 0xff, 0xf7, 0xff, 0x79, 0x00, 0x03, 0x00, 0x00, 0x00, 0x00, 0x00, 0x00, 0x00, 0x00,
    0x00, 0x00, 0x00, 0x00, 0x00, 0x01, 0x03, 0x00, 0x00, 0x00, 0xbc, 0xff, 0xfa, 0xfc, 0x50, 0x00,
    0x00, 0x04, 0x02, 0x01, 0x01, 0x02, 0x03, 0x04, 0x00, 0x1c, 0xda, 0xfe, 0xfb, 0xf6, 0x1e, 0x00,
    0x02, 0x00, 0x00, 0x00, 0x00, 0x00, 0x00, 0x00, 0x00, 0x00, 0x00, 0x00, 0x01, 0x00, 0x00, 0x09,
    0x3e, 0x81, 0xfe, 0xfc, 0xff, 0x83, 0x00, 0x06, 0x01, 0x00, 0x00, 0x00, 0x00, 0x00, 0x00, 0x00,
    0x05, 0x00, 0x39, 0xfc, 0xfa, 0xff, 0x7c, 0x00, 0x04, 0x00, 0x00, 0x00, 0x00, 0x00, 0x00, 0x00,
    0x00, 0x00, 0x00, 0x02, 0x00, 0x02, 0x70, 0xdc, 0xff, 0xff, 0xfb, 0xfb, 0xee, 0x11, 0x02, 0x02,
    0x00, 0x00, 0x00, 0x00, 0x00, 0x00, 0x00, 0x00, 0x00, 0x04, 0x00, 0xb0, 0xff, 0xfe, 0xc5, 0x03,
    0x03, 0x01, 0x00, 0x00, 0x00, 0x00, 0x00, 0x00, 0x00, 0x00, 0x02, 0x00, 0x18, 0xb8, 0xff, 0xff,
    0xfb, 0xff, 0xff, 0xff, 0xb0, 0x00, 0x03, 0x00, 0x00, 0x00, 0x00, 0x00, 0x00, 0x00, 0x00, 0x00,
    0x00, 0x04, 0x01, 0x60, 0xff, 0xff, 0xe9, 0x03, 0x00, 0x02, 0x03, 0x00, 0x00, 0x00, 0x00, 0x00,
    0x00, 0x01, 0x01, 0x14, 0xd5, 0xff, 0xf8, 0xff, 0xff, 0xe8, 0xc7, 0xad, 0x29, 0x01, 0x02, 0x00,
    0x00, 0x00, 0x00, 0x00, 0x00, 0x00, 0x00, 0x00, 0x00, 0x03, 0x00, 0x40, 0xff, 0xfe, 0xf8, 0x4f,
    0x21, 0x00, 0x00, 0x02, 0x01, 0x00, 0x00, 0x00, 0x00, 0x02, 0x01, 0xbc, 0xff, 0xf8, 0xff, 0xd0,
    0x54, 0x11, 0x00, 0x00, 0x00, 0x00, 0x00, 0x00, 0x00, 0x00, 0x00, 0x00, 0x00, 0x00, 0x00, 0x00,
    0x00, 0x03, 0x00, 0x52, 0xfd, 0xfb, 0xfe, 0xff, 0xf7, 0xc1, 0x50, 0x00, 0x00, 0x01, 0x00, 0x00,
    0x03, 0x00, 0x5a, 0xff, 0xf8, 0xff, 0xb2, 0x09, 0x00, 0x00, 0x01, 0x03, 0x02, 0x00, 0x00, 0x00,
    0x00, 0x00, 0x00, 0x00, 0x00, 0x00, 0x00, 0x00, 0x00, 0x04, 0x00, 0x66, 0xff, 0xfe, 0xff, 0xff,
    0xfd, 0xff, 0xff, 0x98, 0x03, 0x02, 0x01, 0x00, 0x01, 0x00, 0xc8, 0xfe, 0xfd, 0xdc, 0x0b, 0x00,
    0x04, 0x01, 0x00, 0x00, 0x00, 0x00, 0x00, 0x00, 0x00, 0x00, 0x00, 0x00, 0x00, 0x00, 0x00, 0x00,
    0x00, 0x01, 0x01, 0x16, 0xc3, 0xf4, 0xf4, 0xfa, 0xff, 0xff, 0xf9, 0xff, 0x9b, 0x00, 0x02, 0x00,
    0x00, 0x21, 0xf9, 0xfd, 0xff, 0x64, 0x00, 0x05, 0x00, 0x00, 0x00, 0x00, 0x00, 0x00, 0x00, 0x00,
    0x00, 0x00, 0x00, 0x00, 0x00, 0x00, 0x00, 0x00, 0x00, 0x00, 0x00, 0x00, 0x00, 0x1c, 0x1d, 0x27,
    0x67, 0xe6, 0xff, 0xf8, 0xff, 0x51, 0x00, 0x03, 0x00, 0x42, 0xff, 0xfe, 0xfb, 0x26, 0x01, 0x02,
    0x00, 0x00, 0x00, 0x00, 0x00, 0x00, 0x00, 0x00, 0x00, 0x00, 0x00, 0x00, 0x00, 0x00, 0x00, 0x00,
    0x00, 0x00, 0x00, 0x01, 0x00, 0x00, 0x00, 0x00, 0x00, 0x22, 0xe1, 0xfc, 0xfe, 0xcb, 0x00, 0x01,
    0x00, 0x4f, 0xfe, 0xff, 0xf0, 0x15, 0x00, 0x01, 0x00, 0x00, 0x00, 0x00, 0x00, 0x00, 0x00, 0x00,
    0x00, 0x00, 0x00, 0x00, 0x00, 0x00, 0x00, 0x00, 0x00, 0x00, 0x00, 0x00, 0x01, 0x02, 0x02, 0x02,
    0x07, 0x00, 0x5d, 0xff, 0xfd, 0xfb, 0x25, 0x00, 0x00, 0x41, 0xff, 0xfe, 0xf9, 0x22, 0x01, 0x02,
    0x00, 0x00, 0x00, 0x00, 0x00, 0x00, 0x00, 0x00, 0x00, 0x00, 0x00, 0x00, 0x00, 0x00, 0x00, 0x00,
    0x00, 0x00, 0x00, 0x00, 0x00, 0x00, 0x00, 0x00, 0x02, 0x02, 0x1e, 0xf7, 0xfe, 0xff, 0x48, 0x00,
    0x00, 0x21, 0xf8, 0xfe, 0xff, 0x5e, 0x00, 0x04, 0x00, 0x00, 0x00, 0x00, 0x00, 0x00, 0x00, 0x00,
    0x00, 0x00, 0x00, 0x00, 0x00, 0x00, 0x00, 0x00, 0x00, 0x00, 0x00, 0x00, 0x00, 0x00, 0x00, 0x00,
    0x01, 0x00, 0x16, 0xf2, 0xff, 0xfe, 0x4d, 0x00, 0x01, 0x00, 0xca, 0xfe, 0xfd, 0xd7, 0x07, 0x00,
    0x04, 0x00, 0x00, 0x00, 0x00, 0x00, 0x00, 0x00, 0x00, 0x00, 0x00, 0x00, 0x00, 0x00, 0x00, 0x00,
    0x00, 0x00, 0x00, 0x00, 0x00, 0x00, 0x00, 0x00, 0x05, 0x01, 0x3b, 0xfe, 0xfd, 0xff, 0x38, 0x00,
    0x04, 0x00, 0x5e, 0xff, 0xf8, 0xff, 0xa6, 0x03, 0x00, 0x01, 0x02, 0x03, 0x03, 0x03, 0x03, 0x03,
    0x03, 0x03, 0x03, 0x03, 0x03, 0x03, 0x03, 0x03, 0x03, 0x03, 0x03, 0x03, 0x03, 0x03, 0x03, 0x03,
    0x00, 0x00, 0xb6, 0xff, 0xfd, 0xea, 0x0d, 0x00, 0x00, 0x02, 0x02, 0xc0, 0xff, 0xf8, 0xff, 0xbf,
    0x3a, 0x01, 0x00, 0x00, 0x00, 0x00, 0x00, 0x00, 0x00, 0x00, 0x00, 0x00, 0x00, 0x00, 0x00, 0x00,
    0x00, 0x00, 0x00, 0x00, 0x00, 0x00, 0x00, 0x00, 0x17, 0x9f, 0xff, 0xf8, 0xff, 0x8b, 0x00, 0x04,
    0x00, 0x02, 0x01, 0x17, 0xdd, 0xff, 0xf7, 0xff, 0xff, 0xd1, 0xb6, 0xae, 0xae, 0xae, 0xae, 0xae,
    0xae, 0xae, 0xae, 0xae, 0xae, 0xae, 0xae, 0xae, 0xae, 0xae, 0xae, 0xae, 0xae, 0xaf, 0xae, 0xb8,
    0xec, 0xff, 0xf8, 0xff, 0xde, 0x12, 0x02, 0x02, 0x00, 0x00, 0x02, 0x00, 0x21, 0xc8, 0xff, 0xff,
    0xfc, 0xff, 0xff, 0xff, 0xff, 0xff, 0xff, 0xff, 0xff, 0xff, 0xff, 0xff, 0xff, 0xff, 0xff, 0xff,
    0xff, 0xff, 0xff, 0xff, 0xff, 0xff, 0xff, 0xff, 0xff, 0xfa, 0xff, 0xe8, 0x31, 0x00, 0x02, 0x00,
    0x00, 0x00, 0x00, 0x02, 0x00, 0x08, 0x7e, 0xe4, 0xff, 0xff, 0xff, 0xff, 0xff, 0xff, 0xff, 0xff,
    0xff, 0xff, 0xff, 0xff, 0xff, 0xff, 0xff, 0xff, 0xff, 0xff, 0xff, 0xff, 0xff, 0xff, 0xff, 0xff,
    0xff, 0xff, 0xb8, 0x25, 0x00, 0x02, 0x00, 0x00, 0x00, 0x00, 0x00, 0x00, 0x02, 0x00, 0x00, 0x10,
    0x4e, 0x85, 0xa0, 0xaf, 0xae, 0xae, 0xae, 0xae, 0xae, 0xae, 0xae, 0xae, 0xae, 0xae, 0xae, 0xae,
    0xae, 0xae, 0xae, 0xae, 0xae, 0xae, 0xae, 0xa3, 0x86, 0x42, 0x00, 0x00, 0x02, 0x00, 0x00, 0x00,
    0x00, 0x00, 0x00, 0x00, 0x00, 0x01, 0x03, 0x00, 0x00, 0x00, 0x00, 0x00, 0x00, 0x00, 0x00, 0x00,
    0x00, 0x00, 0x00, 0x00, 0x00, 0x00, 0x00, 0x00, 0x00, 0x00, 0x00, 0x00, 0x00, 0x00, 0x00, 0x00,
    0x00, 0x00, 0x01, 0x02, 0x00, 0x00, 0x00, 0x00, 0x00, 0x00, 0x00, 0x00, 0x00, 0x00, 0x00, 0x01,
    0x03, 0x04, 0x03, 0x03, 0x03, 0x03, 0x03, 0x03, 0x03, 0x03, 0x03, 0x03, 0x03, 0x03, 0x03, 0x03,
    0x03, 0x03, 0x03, 0x03, 0x03, 0x03, 0x03, 0x03, 0x04, 0x03, 0x00, 0x00, 0x00, 0x00, 0x00, 0x00,
    0x00, 0x00, 0x00, 0x00, 0x00, 0x00, 0x00, 0x00, 0x00, 0x00, 0x00, 0x00, 0x00, 0x00, 0x00, 0x00,
    0x00, 0x00, 0x00, 0x00, 0x00, 0x00, 0x00, 0x00, 0x00, 0x00, 0x00, 0x00, 0x00, 0x00, 0x00, 0x00,
    0x00, 0x00, 0x00, 0x00, 0x00, 0x00, 0x00, 0x00, 0x00, 0x00, 0x00, 0x00, 0x00, 0x00, 0x00, 0x00,
    0x00, 0x00, 0x00, 0x00, 0x00, 0x00, 0x00, 0x00, 0x00, 0x00, 0x00, 0x00, 0x00, 0x00, 0x00, 0x00,
    0x00, 0x00, 0x00, 0x00, 0x00, 0x00, 0x00, 0x00, 0x00, 0x00, 0x00, 0x00, 0x00, 0x00, 0x00, 0x00,
    0x00, 0x00, 0x00, 0x00, 0x00, 0x00, 0x00, 0x00, 0x00, 0x00, 0x00, 0x00, 0x00, 0x00, 0x00, 0x00,
    0x00, 0x00, 0x00, 0x00, 0x00, 0x00, 0x00, 0x00, 0x00, 0x00, 0x00, 0x00, 0x00, 0x00, 0x00, 0x00,
    0x00, 0x00, 0x00, 0x00, 0x00, 0x00, 0x00, 0x00, 0x00, 0x00, 0x00, 0x00, 0x00, 0x00, 0x00, 0x00,
    0x00, 0x00, 0x00, 0x00, 0x00, 0x00, 0x00, 0x00, 0x00, 0x00, 0x00, 0x00, 0x00, 0x00, 0x00, 0x00,
    0x00, 0x00, 0x00, 0x00, 0x00, 0x00, 0x00, 0x00, 0x00, 0x00, 0x00, 0x00, 0x00, 0x00, 0x00, 0x00,
    0x00, 0x00, 0x00, 0x00, 0x00, 0x00, 0x00, 0x00, 0x00, 0x00, 0x00, 0x00, 0x00, 0x00, 0x00, 0x00,
    0x00, 0x00, 0x00, 0x00, 0x00, 0x00, 0x00, 0x00, 0x00, 0x00, 0x00, 0x00, 0x00, 0x00, 0x00, 0x00,
    0x00, 0x00, 0x00, 0x00, 0x00, 0x00, 0x00, 0x00, 0x00, 0x00, 0x00, 0x00, 0x00, 0x00, 0x00, 0x00,
    0x00, 0x00, 0x00, 0x00, 0x00, 0x00, 0x00, 0x00, 0x00, 0x00, 0x00, 0x00, 0x00, 0x00, 0x00, 0x00,
    0x00, 0x00, 0x00, 0x00, 0x00, 0x00, 0x00, 0x00, 0x00, 0x00, 0x00, 0x00, 0x00, 0x00, 0x00, 0x00,
};

/* cloud 96px */
static const uint8_t icon_cloud_96_map[] = {
    0x00, 0x00, 0x00, 0x00, 0x00, 0x00, 0x00, 0x00, 0x00, 0x00, 0x00, 0x00, 0x00, 0x00, 0x00, 0x00,
    0x00, 0x00, 0x00, 0x00, 0x00, 0x00, 0x00, 0x00, 0x00, 0x00, 0x00, 0x00, 0x00, 0x00, 0x00, 0x00,
    0x00, 0x00, 0x00, 0x00, 0x00, 0x00, 0x00, 0x00, 0x00, 0x00, 0x00, 0x00, 0x00, 0x00, 0x00, 0x00,
    0x00, 0x00, 0x00, 0x00, 0x00, 0x00, 0x00, 0x00, 0x00, 0x00, 0x00, 0x00, 0x00, 0x00, 0x00, 0x00,
    0x00, 0x00, 0x00, 0x00, 0x00, 0x00, 0x00, 0x00, 0x00, 0x00, 0x00, 0x00, 0x00, 0x00, 0x00, 0x00,
    0x00, 0x00, 0x00, 0x00, 0x00, 0x00, 0x00, 0x00, 0x00, 0x00, 0x00, 0x00, 0x00, 0x00, 0x00, 0x00,
    0x00, 0x00, 0x00, 0x00, 0x00, 0x00, 0x00, 0x00, 0x00, 0x00, 0x00, 0x00, 0x00, 0x00, 0x00, 0x00,
    0x00, 0x00, 0x00, 0x00, 0x00, 0x00, 0x00, 0x00, 0x00, 0x00, 0x00, 0x00, 0x00, 0x00, 0x00, 0x00,
    0x00, 0x00, 0x00, 0x00, 0x00, 0x00, 0x00, 0x00, 0x00, 0x00, 0x00, 0x00, 0x00, 0x00, 0x00, 0x00,
    0x00, 0x00, 0x00, 0x00, 0x00, 0x00, 0x00, 0x00, 0x00, 0x00, 0x00, 0x00, 0x00, 0x00, 0x00, 0x00,
    0x00, 0x00, 0x00, 0x00, 0x00, 0x00, 0x00, 0x00, 0x00, 0x00, 0x00, 0x00, 0x00, 0x00, 0x00, 0x00,
    0x00, 0x00, 0x00, 0x00, 0x00, 0x00, 0x00, 0x00, 0x00, 0x00, 0x00, 0x00, 0x00, 0x00, 0x00, 0x00,
    0x00, 0x00, 0x00, 0x00, 0x00, 0x00, 0x00, 0x00, 0x00, 0x00, 0x00, 0x00, 0x00, 0x00, 0x00, 0x00,
    0x00, 0x00, 0x00, 0x00, 0x00, 0x00, 0x00, 0x00, 0x00, 0x00, 0x00, 0x00, 0x00, 0x00, 0x00, 0x00,
    0x00, 0x00, 0x00, 0x00, 0x00, 0x00, 0x00, 0x00, 0x00, 0x00, 0x00, 0x00, 0x00, 0x00, 0x00, 0x00,
    0x00, 0x00, 0x00, 0x00, 0x00, 0x00, 0x00, 0x00, 0x00, 0x00, 0x00, 0x00, 0x00, 0x00, 0x00, 0x00,
    0x00, 0x00, 0x00, 0x00, 0x00, 0x00, 0x00, 0x00, 0x00, 0x00, 0x00, 0x00, 0x00, 0x00, 0x00, 0x00,
    0x00, 0x00, 0x00, 0x00, 0x00, 0x00, 0x00, 0x00, 0x00, 0x00, 0x00, 0x00, 0x00, 0x00, 0x00, 0x00,
    0x00, 0x00, 0x00, 0x00, 0x00, 0x00, 0x00, 0x00, 0x00, 0x00, 0x00, 0x00, 0x00, 0x00, 0x00, 0x00,
    0x00, 0x00, 0x00, 0x00, 0x00, 0x00, 0x00, 0x00, 0x00, 0x00, 0x00, 0x00, 0x00, 0x00, 0x00, 0x00,
    0x00, 0x00, 0x00, 0x00, 0x00, 0x00, 0x00, 0x00, 0x00, 0x00, 0x00, 0x00, 0x00, 0x00, 0x00, 0x00,
    0x00, 0x00, 0x00, 0x00, 0x00, 0x00, 0x00, 0x00, 0x00, 0x00, 0x00, 0x00, 0x00, 0x00, 0x00, 0x00,
    0x00, 0x00, 0x00, 0x00, 0x00, 0x00, 0x00, 0x00, 0x00, 0x00, 0x00, 0x00, 0x00, 0x00, 0x00, 0x00,
    0x00, 0x00, 0x00, 0x00, 0x00, 0x00, 0x00, 0x00, 0x00, 0x00, 0x00, 0x00, 0x00, 0x00, 0x00, 0x00,
    0x00, 0x00, 0x00, 0x00, 0x00, 0x00, 0x00, 0x00, 0x00, 0x00, 0x00, 0x00, 0x00, 0x00, 0x00, 0x00,
    0x00, 0x00, 0x00, 0x00, 0x00, 0x00, 0x00, 0x00, 0x00, 0x00, 0x00, 0x00, 0x00, 0x00, 0x00, 0x00,
    0x00, 0x00, 0x00, 0x00, 0x00, 0x00, 0x00, 0x00, 0x00, 0x00, 0x00, 0x00, 0x00, 0x00, 0x00, 0x00,
    0x00, 0x00, 0x00, 0x00, 0x00, 0x00, 0x00, 0x00, 0x00, 0x00, 0x00, 0x00, 0x00, 0x00, 0x00, 0x00,
    0x00, 0x00, 0x00, 0x00, 0x00, 0x00, 0x00, 0x00, 0x00, 0x00, 0x00, 0x00, 0x00, 0x00, 0x00, 0x00,
    0x00, 0x00, 0x00, 0x00, 0x00, 0x00, 0x00, 0x00, 0x00, 0x00, 0x00, 0x00, 0x00, 0x00, 0x00, 0x00,
    0x00, 0x00, 0x00, 0x00, 0x00, 0x00, 0x00, 0x00, 0x00, 0x00, 0x00, 0x00, 0x00, 0x00, 0x00, 0x00,
    0x00, 0x00, 0x00, 0x00, 0x00, 0x00, 0x00, 0x00, 0x00, 0x00, 0x00, 0x00, 0x00, 0x00, 0x00, 0x00,
    0x00, 0x00, 0x00, 0x00, 0x00, 0x00, 0x00, 0x00, 0x00, 0x00, 0x00, 0x00, 0x00, 0x00, 0x00, 0x00,
    0x00, 0x00, 0x00, 0x00, 0x00, 0x00, 0x00, 0x00, 0x00, 0x00, 0x00, 0x00, 0x00, 0x00, 0x00, 0x00,
    0x00, 0x00, 0x00, 0x00, 0x00, 0x00, 0x00, 0x00, 0x00, 0x00, 0x00, 0x00, 0x00, 0x00, 0x00, 0x00,
    0x00, 0x00, 0x00, 0x00, 0x00, 0x00, 0x00, 0x00, 0x00, 0x00, 0x00, 0x00, 0x00, 0x00, 0x00, 0x00,
    0x00, 0x00, 0x00, 0x00, 0x00, 0x00, 0x00, 0x00, 0x00, 0x00, 0x00, 0x00, 0x00, 0x00, 0x00, 0x00,
    0x00, 0x00, 0x00, 0x00, 0x00, 0x00, 0x00, 0x00, 0x00, 0x00, 0x00, 0x00, 0x00, 0x00, 0x00, 0x00,
    0x00, 0x00, 0x00, 0x00, 0x00, 0x00, 0x00, 0x00, 0x00, 0x00, 0x00, 0x00, 0x00, 0x00, 0x00, 0x00,
    0x00, 0x00, 0x00, 0x00, 0x00, 0x00, 0x00, 0x00, 0x00, 0x00, 0x00, 0x00, 0x00, 0x00, 0x00, 0x00,
    0x00, 0x00, 0x00, 0x00, 0x00, 0x00, 0x00, 0x00, 0x00, 0x00, 0x00, 0x00, 0x00, 0x00, 0x00, 0x00,
    0x00, 0x00, 0x00, 0x00, 0x00, 0x00, 0x00, 0x00, 0x00, 0x00, 0x00, 0x00, 0x00, 0x00, 0x00, 0x00,
    0x00, 0x00, 0x00, 0x00, 0x00, 0x00, 0x00, 0x00, 0x00, 0x00, 0x00, 0x00, 0x00, 0x00, 0x00, 0x00,
    0x00, 0x00, 0x00, 0x00, 0x00, 0x00, 0x00, 0x00, 0x00, 0x00, 0x00, 0x00, 0x00, 0x00, 0x00, 0x00,
    0x00, 0x00, 0x00, 0x00, 0x00, 0x00, 0x00, 0x00, 0x00, 0x00, 0x00, 0x00, 0x00, 0x00, 0x00, 0x00,
    0x00, 0x00, 0x00, 0x00, 0x00, 0x00, 0x00, 0x00, 0x00, 0x00, 0x00, 0x00, 0x00, 0x00, 0x00, 0x00,
    0x00, 0x00, 0x00, 0x00, 0x00, 0x00, 0x00, 0x00, 0x00, 0x00, 0x00, 0x00, 0x00, 0x00, 0x00, 0x00,
    0x00, 0x00, 0x00, 0x00, 0x00, 0x00, 0x00, 0x00, 0x00, 0x00, 0x00, 0x00, 0x00, 0x00, 0x00, 0x00,
    0x00, 0x00, 0x00, 0x00, 0x00, 0x00, 0x00, 0x00, 0x00, 0x00, 0x00, 0x00, 0x00, 0x00, 0x00, 0x00,
    0x00, 0x00, 0x00, 0x00, 0x00, 0x00, 0x00, 0x00, 0x00, 0x00, 0x00, 0x00, 0x00, 0x00, 0x00, 0x00,
    0x00, 0x00, 0x00, 0x00, 0x00, 0x00, 0x00, 0x00, 0x00, 0x00, 0x00, 0x00, 0x00, 0x00, 0x00, 0x00,
    0x00, 0x00, 0x00, 0x00, 0x00, 0x00, 0x00, 0x00, 0x00, 0x00, 0x00, 0x00, 0x00, 0x00, 0x00, 0x00,
    0x00, 0x00, 0x00, 0x00, 0x00, 0x00, 0x00, 0x00, 0x00, 0x00, 0x00, 0x00, 0x00, 0x00, 0x00, 0x00,
    0x00, 0x00, 0x00, 0x00, 0x00, 0x00, 0x00, 0x00, 0x00, 0x00, 0x00, 0x00, 0x00, 0x00, 0x00, 0x00,
    0x00, 0x00, 0x00, 0x00, 0x00, 0x00, 0x00, 0x00, 0x00, 0x00, 0x00, 0x00, 0x00, 0x00, 0x00, 0x00,
    0x00, 0x00, 0x00, 0x00, 0x00, 0x00, 0x00, 0x00, 0x00, 0x00, 0x00, 0x00, 0x00, 0x00, 0x00, 0x00,
    0x00, 0x00, 0x00, 0x00, 0x00, 0x00, 0x00, 0x00, 0x00, 0x00, 0x00, 0x00, 0x00, 0x00, 0x00, 0x00,
    0x00, 0x00, 0x00, 0x00, 0x00, 0x00, 0x00, 0x00, 0x00, 0x00, 0x00, 0x00, 0x00, 0x00, 0x00, 0x00,
    0x00, 0x00, 0x00, 0x00, 0x00, 0x00, 0x00, 0x00, 0x00, 0x00, 0x00, 0x00, 0x00, 0x00, 0x00, 0x00,
    0x00, 0x00, 0x00, 0x00, 0x00, 0x00, 0x00, 0x00, 0x00, 0x00, 0x00, 0x00, 0x00, 0x00, 0x00, 0x00,
    0x00, 0x00, 0x00, 0x00, 0x00, 0x00, 0x00, 0x00, 0x00, 0x00, 0x00, 0x00, 0x00, 0x00, 0x00, 0x00,
    0x00, 0x00, 0x00, 0x00, 0x00, 0x00, 0x00, 0x00, 0x00, 0x00, 0x00, 0x00, 0x00, 0x00, 0x00, 0x00,
    0x00, 0x00, 0x00, 0x00, 0x00, 0x00, 0x00, 0x00, 0x00, 0x00, 0x00, 0x00, 0x00, 0x00, 0x00, 0x00,
    0x00, 0x00, 0x00, 0x00, 0x00, 0x00, 0x00, 0x00, 0x00, 0x00, 0x00, 0x00, 0x00, 0x00, 0x00, 0x00,
    0x00, 0x00, 0x00, 0x00, 0x00, 0x00, 0x00, 0x00, 0x00, 0x00, 0x00, 0x00, 0x00, 0x00, 0x00, 0x00,
    0x00, 0x00, 0x00, 0x00, 0x00, 0x00, 0x00, 0x00, 0x00, 0x00, 0x00, 0x00, 0x00, 0x00, 0x00, 0x00,
    0x00, 0x00, 0x00, 0x00, 0x00, 0x00, 0x00, 0x00, 0x00, 0x00, 0x00, 0x00, 0x00, 0x00, 0x00, 0x00,
    0x00, 0x00, 0x00, 0x00, 0x00, 0x00, 0x00, 0x00, 0x00, 0x00, 0x00, 0x00, 0x00, 0x00, 0x00, 0x00,
    0x00, 0x00, 0x00, 0x00, 0x00, 0x00, 0x00, 0x00, 0x00, 0x00, 0x00, 0x00, 0x00, 0x00, 0x00, 0x00,
    0x00, 0x00, 0x00, 0x00, 0x00, 0x00, 0x00, 0x00, 0x00, 0x00, 0x00, 0x00, 0x00, 0x00, 0x00, 0x00,
    0x00, 0x00, 0x00, 0x00, 0x00, 0x00, 0x00, 0x00, 0x00, 0x00, 0x00, 0x00, 0x00, 0x00, 0x00, 0x00,
    0x00, 0x00, 0x00, 0x00, 0x00, 0x00, 0x00, 0x00, 0x00, 0x00, 0x00, 0x00, 0x00, 0x00, 0x00, 0x00,
    0x00, 0x00, 0x00, 0x00, 0x00, 0x00, 0x00, 0x00, 0x00, 0x00, 0x00, 0x00, 0x00, 0x00, 0x00, 0x00,
    0x00, 0x00, 0x00, 0x00, 0x00, 0x00, 0x00, 0x00, 0x00, 0x00, 0x00, 0x00, 0x00, 0x00, 0x00, 0x00,
    0x00, 0x00, 0x00, 0x00, 0x00, 0x00, 0x00, 0x00, 0x00, 0x00, 0x00, 0x00, 0x00, 0x00, 0x00, 0x00,
    0x00, 0x00, 0x00, 0x00, 0x00, 0x00, 0x00, 0x00, 0x00, 0x00, 0x00, 0x00, 0x00, 0x00, 0x00, 0x00,
    0x00, 0x00, 0x00, 0x00, 0x00, 0x00, 0x00, 0x00, 0x00, 0x00, 0x00, 0x00, 0x00, 0x00, 0x00, 0x00,
    0x00, 0x00, 0x00, 0x00, 0x00, 0x00, 0x00, 0x00, 0x00, 0x00, 0x00, 0x00, 0x00, 0x00, 0x00, 0x00,
    0x00, 0x00, 0x00, 0x00, 0x00, 0x00, 0x00, 0x00, 0x00, 0x00, 0x00, 0x00, 0x00, 0x00, 0x00, 0x00,
    0x00, 0x00, 0x00, 0x00, 0x00, 0x00, 0x00, 0x00, 0x00, 0x00, 0x00, 0x00, 0x00, 0x00, 0x00, 0x00,
    0x00, 0x00, 0x00, 0x00, 0x00, 0x00, 0x00, 0x00, 0x00, 0x00, 0x00, 0x00, 0x00, 0x00, 0x01, 0x01,
    0x01, 0x01, 0x01, 0x00, 0x00, 0x00, 0x00, 0x00, 0x00, 0x00, 0x00, 0x00, 0x00, 0x00, 0x00, 0x00,
    0x00, 0x00, 0x00, 0x00, 0x00, 0x00, 0x00, 0x00, 0x00, 0x00, 0x00, 0x00, 0x00, 0x00, 0x00, 0x00,
    0x00, 0x00, 0x00, 0x00, 0x00, 0x00, 0x00, 0x00, 0x00, 0x00, 0x00, 0x00, 0x00, 0x00, 0x00, 0x00,
    0x00, 0x00, 0x00, 0x00, 0x00, 0x00, 0x00, 0x00, 0x00, 0x00, 0x00, 0x00, 0x00, 0x00, 0x00, 0x00,
    0x00, 0x00, 0x00, 0x00, 0x00, 0x00, 0x00, 0x00, 0x00, 0x00, 0x00, 0x00, 0x00, 0x00, 0x00, 0x00,
    0x00, 0x00, 0x00, 0x00, 0x00, 0x00, 0x00, 0x00, 0x01, 0x02, 0x04, 0x04, 0x03, 0x00, 0x00, 0x00,
    0x00, 0x00, 0x00, 0x01, 0x03, 0x04, 0x03, 0x02, 0x00, 0x00, 0x00, 0x00, 0x00, 0x00, 0x00, 0x00,
    0x00, 0x00, 0x00, 0x00, 0x00, 0x00, 0x00, 0x00, 0x00, 0x00, 0x00, 0x00, 0x00, 0x00, 0x00, 0x00,
    0x00, 0x00, 0x00, 0x00, 0x00, 0x00, 0x00, 0x00, 0x00, 0x00, 0x00, 0x00, 0x00, 0x00, 0x00, 0x00,
    0x00, 0x00, 0x00, 0x00, 0x00, 0x00, 0x00, 0x00, 0x00, 0x00, 0x00, 0x00, 0x00, 0x00, 0x00, 0x00,
    0x00, 0x00, 0x00, 0x00, 0x00, 0x00, 0x00, 0x00, 0x00, 0x00, 0x00, 0x00, 0x00, 0x00, 0x00, 0x00,
    0x00, 0x00, 0x00, 0x00, 0x00, 0x00, 0x02, 0x04, 0x00, 0x00, 0x00, 0x00, 0x00, 0x00, 0x0a, 0x0e,
    0x10, 0x0a, 0x05, 0x00, 0x00, 0x00, 0x00, 0x00, 0x00, 0x04, 0x02, 0x00, 0x00, 0x00, 0x00, 0x00,
    0x00, 0x00, 0x00, 0x00, 0x00, 0x00, 0x00, 0x00, 0x00, 0x00, 0x00, 0x00, 0x00, 0x00, 0x00, 0x00,
    0x00, 0x00, 0x00, 0x00, 0x00, 0x00, 0x00, 0x00, 0x00, 0x00, 0x00, 0x00, 0x00, 0x00, 0x00, 0x00,
    0x00, 0x00, 0x00, 0x00, 0x00, 0x00, 0x00, 0x00, 0x00, 0x00, 0x00, 0x00, 0x00, 0x00, 0x00, 0x00,
    0x00, 0x00, 0x00, 0x00, 0x00, 0x00, 0x00, 0x00, 0x00, 0x00, 0x00, 0x00, 0x00, 0x00, 0x00, 0x00,
    0x00, 0x00, 0x00, 0x01, 0x03, 0x01, 0x00, 0x00, 0x00, 0x29, 0x5e, 0x8d, 0xb6, 0xcf, 0xe3, 0xea,
    0xed, 0xe4, 0xdb, 0xc8, 0xaf, 0x8d, 0x56, 0x22, 0x00, 0x00, 0x00, 0x01, 0x03, 0x00, 0x00, 0x00,
    0x00, 0x00, 0x00, 0x00, 0x00, 0x00, 0x00, 0x00, 0x00, 0x00, 0x00, 0x00, 0x00, 0x00, 0x00, 0x00,
    0x00, 0x00, 0x00, 0x00, 0x00, 0x00, 0x00, 0x00, 0x00, 0x00, 0x00, 0x00, 0x00, 0x00, 0x00, 0x00,
    0x00, 0x00, 0x00, 0x00, 0x00, 0x00, 0x00, 0x00, 0x00, 0x00, 0x00, 0x00, 0x00, 0x00, 0x00, 0x00,
    0x00, 0x00, 0x00, 0x00, 0x00, 0x00, 0x00, 0x00, 0x00, 0x00, 0x00, 0x00, 0x00, 0x00, 0x00, 0x00,
    0x00, 0x00, 0x03, 0x00, 0x00, 0x00, 0x2c, 0x81, 0xd0, 0xfc, 0xff, 0xff, 0xff, 0xff, 0xff, 0xff,
    0xff, 0xff, 0xff, 0xff, 0xff, 0xff, 0xff, 0xf8, 0xcf, 0x81, 0x2b, 0x00, 0x00, 0x01, 0x03, 0x00,
    0x00, 0x00, 0x00, 0x00, 0x00, 0x00, 0x00, 0x00, 0x00, 0x00, 0x00, 0x00, 0x00, 0x00, 0x00, 0x00,
    0x00, 0x00, 0x00, 0x00, 0x00, 0x00, 0x00, 0x00, 0x00, 0x00, 0x00, 0x00, 0x00, 0x00, 0x00, 0x00,
    0x00, 0x00, 0x00, 0x00, 0x00, 0x00, 0x00, 0x00, 0x00, 0x00, 0x00, 0x00, 0x00, 0x00, 0x00, 0x00,
    0x00, 0x00, 0x00, 0x00, 0x00, 0x00, 0x00, 0x00, 0x00, 0x00, 0x00, 0x00, 0x00, 0x00, 0x00, 0x00,
    0x01, 0x02, 0x00, 0x01, 0x5a, 0xbe, 0xfc, 0xff, 0xff, 0xff, 0xfc, 0xfb, 0xfc, 0xfd, 0xfd, 0xfe,
    0xfe, 0xfd, 0xfd, 0xfc, 0xfc, 0xfb, 0xfc, 0xff, 0xff, 0xff, 0xfb, 0xba, 0x51, 0x00, 0x00, 0x03,
    0x01, 0x00, 0x00, 0x00, 0x00, 0x00, 0x00, 0x00, 0x00, 0x00, 0x00, 0x00, 0x00, 0x00, 0x00, 0x00,
    0x00, 0x00, 0x00, 0x00, 0x00, 0x00, 0x00, 0x00, 0x00, 0x00, 0x00, 0x00, 0x00, 0x00, 0x00, 0x00,
    0x00, 0x00, 0x00, 0x00, 0x00, 0x00, 0x00, 0x00, 0x00, 0x00, 0x00, 0x00, 0x00, 0x00, 0x00, 0x00,
    0x00, 0x00, 0x00, 0x00, 0x00, 0x00, 0x00, 0x00, 0x00, 0x00, 0x00, 0x00, 0x00, 0x00, 0x00, 0x03,
    0x00, 0x00, 0x4e, 0xc8, 0xff, 0xff, 0xff, 0xfb, 0xfd, 0xfe, 0xff, 0xff, 0xff, 0xff, 0xff, 0xff,
    0xff, 0xff, 0xff, 0xff, 0xff, 0xff, 0xff, 0xfe, 0xfd, 0xfb, 0xff, 0xff, 0xff, 0xbe, 0x41, 0x00,
    0x00, 0x02, 0x00, 0x00, 0x00, 0x00, 0x00, 0x00, 0x00, 0x00, 0x00, 0x00, 0x00, 0x00, 0x00, 0x00,
    0x00, 0x00, 0x00, 0x00, 0x00, 0x00, 0x00, 0x00, 0x00, 0x00, 0x00, 0x00, 0x00, 0x00, 0x00, 0x00,
    0x00, 0x00, 0x00, 0x00, 0x00, 0x00, 0x00, 0x00, 0x00, 0x00, 0x00, 0x00, 0x00, 0x00, 0x00, 0x00,
    0x00, 0x00, 0x00, 0x00, 0x00, 0x00, 0x00, 0x00, 0x00, 0x00, 0x00, 0x00, 0x00, 0x00, 0x04, 0x00,
    0x19, 0xa9, 0xff, 0xff, 0xfc, 0xfc, 0xfe, 0xff, 0xff, 0xff, 0xff, 0xff, 0xff, 0xff, 0xff, 0xff,
    0xff, 0xff, 0xff, 0xff, 0xff, 0xff, 0xff, 0xff, 0xff, 0xff, 0xfe, 0xfc, 0xfd, 0xff, 0xff, 0x93,
    0x09, 0x00, 0x03, 0x00, 0x00, 0x00, 0x00, 0x00, 0x00, 0x00, 0x00, 0x00, 0x00, 0x00, 0x00, 0x00,
    0x00, 0x00, 0x00, 0x00, 0x00, 0x00, 0x00, 0x00, 0x00, 0x00, 0x00, 0x00, 0x00, 0x00, 0x00, 0x00,
    0x00, 0x00, 0x00, 0x00, 0x00, 0x00, 0x00, 0x00, 0x00, 0x00, 0x00, 0x00, 0x00, 0x00, 0x00, 0x00,
    0x00, 0x00, 0x00, 0x00, 0x00, 0x00, 0x00, 0x00, 0x00, 0x00, 0x00, 0x00, 0x01, 0x03, 0x00, 0x4d,
    0xe3, 0xff, 0xfc, 0xfd, 0xff, 0xff, 0xff, 0xff, 0xff, 0xff, 0xff, 0xff, 0xff, 0xff, 0xff, 0xfe,
    0xfe, 0xfe, 0xfe, 0xff, 0xff, 0xff, 0xff, 0xff, 0xff, 0xff, 0xff, 0xff, 0xff, 0xfc, 0xfd, 0xff,
    0xcd, 0x30, 0x00, 0x03, 0x00, 0x00, 0x00, 0x00, 0x00, 0x00, 0x00, 0x00, 0x00, 0x00, 0x00, 0x00,
    0x00, 0x00, 0x00, 0x00, 0x00, 0x00, 0x00, 0x00, 0x00, 0x00, 0x00, 0x00, 0x00, 0x00, 0x00, 0x00,
    0x00, 0x00, 0x00, 0x00, 0x00, 0x00, 0x00, 0x00, 0x00, 0x00, 0x00, 0x00, 0x00, 0x00, 0x00, 0x00,
    0x00, 0x00, 0x00, 0x00, 0x00, 0x00, 0x00, 0x00, 0x00, 0x00, 0x00, 0x01, 0x02, 0x00, 0x6f, 0xff,
    0xff, 0xfb, 0xff, 0xff, 0xff, 0xff, 0xff, 0xff, 0xff, 0xff, 0xfd, 0xfb, 0xfb, 0xfd, 0xff, 0xff,
    0xff, 0xff, 0xff, 0xfd, 0xfb, 0xfb, 0xfd, 0xff, 0xff, 0xff, 0xff, 0xff, 0xff, 0xff, 0xff, 0xfb,
    0xff, 0xf4, 0x53, 0x00, 0x04, 0x00, 0x00, 0x00, 0x00, 0x00, 0x00, 0x00, 0x00, 0x00, 0x00, 0x00,
    0x00, 0x00, 0x00, 0x00, 0x00, 0x00, 0x00, 0x00, 0x00, 0x00, 0x00, 0x00, 0x00, 0x00, 0x00, 0x00,
    0x00, 0x00, 0x00, 0x00, 0x00, 0x00, 0x00, 0x00, 0x00, 0x00, 0x00, 0x00, 0x00, 0x00, 0x00, 0x00,
    0x00, 0x00, 0x00, 0x00, 0x00, 0x00, 0x00, 0x00, 0x00, 0x00, 0x01, 0x03, 0x00, 0x8a, 0xff, 0xfd,
    0xfd, 0xff, 0xff, 0xff, 0xff, 0xff, 0xff, 0xfe, 0xfb, 0xfe, 0xff, 0xff, 0xff, 0xff, 0xff, 0xf6,
    0xf0, 0xf2, 0xfa, 0xff, 0xff, 0xff, 0xff, 0xfe, 0xfc, 0xfe, 0xff, 0xff, 0xff, 0xff, 0xff, 0xff,
    0xfc, 0xff, 0xff, 0x65, 0x00, 0x04, 0x00, 0x00, 0x00, 0x00, 0x00, 0x00, 0x00, 0x00, 0x00, 0x00,
    0x00, 0x00, 0x00, 0x00, 0x00, 0x00, 0x00, 0x00, 0x00, 0x00, 0x00, 0x00, 0x00, 0x00, 0x00, 0x00,
    0x00, 0x00, 0x00, 0x00, 0x00, 0x00, 0x00, 0x00, 0x00, 0x00, 0x00, 0x00, 0x00, 0x00, 0x00, 0x00,
    0x00, 0x00, 0x00, 0x00, 0x00, 0x00, 0x00, 0x00, 0x00, 0x00, 0x04, 0x00, 0x90, 0xff, 0xfb, 0xfe,
    0xff, 0xff, 0xff, 0xff, 0xff, 0xff, 0xfc, 0xff, 0xff, 0xff, 0xd8, 0xa6, 0x71, 0x42, 0x30, 0x1e,
    0x13, 0x17, 0x25, 0x3e, 0x6a, 0xa5, 0xda, 0xff, 0xff, 0xff, 0xfc, 0xff, 0xff, 0xff, 0xff, 0xff,
    0xff, 0xfd, 0xfd, 0xff, 0x62, 0x00, 0x04, 0x00, 0x00, 0x00, 0x00, 0x00, 0x00, 0x00, 0x00, 0x00,
    0x00, 0x00, 0x00, 0x00, 0x00, 0x00, 0x00, 0x00, 0x00, 0x00, 0x00, 0x00, 0x00, 0x00, 0x00, 0x00,
    0x00, 0x00, 0x00, 0x00, 0x00, 0x00, 0x00, 0x00, 0x00, 0x00, 0x00, 0x00, 0x00, 0x00, 0x00, 0x00,
    0x00, 0x00, 0x00, 0x00, 0x00, 0x00, 0x00, 0x00, 0x00, 0x04, 0x00, 0x76, 0xff, 0xfa, 0xfe, 0xff,
    0xff, 0xff, 0xff, 0xff, 0xfd, 0xfe, 0xff, 0xf1, 0x9b, 0x42, 0x05, 0x00, 0x00, 0x00, 0x00, 0x00,
    0x00, 0x00, 0x00, 0x00, 0x00, 0x00, 0x06, 0x43, 0xa8, 0xfc, 0xff, 0xfc, 0xfe, 0xff, 0xff, 0xff,
    0xff, 0xff, 0xfe, 0xfd, 0xfe, 0x47, 0x00, 0x03, 0x00, 0x00, 0x00, 0x00, 0x00, 0x00, 0x00, 0x00,
    0x00, 0x00, 0x00, 0x00, 0x00, 0x00, 0x00, 0x00, 0x00, 0x00, 0x00, 0x00, 0x00, 0x00, 0x00, 0x00,
    0x00, 0x00, 0x00, 0x00, 0x00, 0x00, 0x00, 0x00, 0x00, 0x00, 0x00, 0x00, 0x00, 0x00, 0x00, 0x00,
    0x00, 0x00, 0x00, 0x00, 0x00, 0x00, 0x00, 0x00, 0x03, 0x00, 0x3c, 0xff, 0xfb, 0xfe, 0xff, 0xff,
    0xff, 0xff, 0xff, 0xfc, 0xff, 0xff, 0x99, 0x23, 0x00, 0x00, 0x00, 0x03, 0x04, 0x03, 0x02, 0x02,
    0x01, 0x01, 0x02, 0x03, 0x04, 0x03, 0x00, 0x00, 0x00, 0x35, 0xb2, 0xff, 0xff, 0xfd, 0xff, 0xff,
    0xff, 0xff, 0xff, 0xfd, 0xfe, 0xec, 0x1e, 0x01, 0x02, 0x00, 0x00, 0x00, 0x00, 0x00, 0x00, 0x00,
    0x00, 0x00, 0x00, 0x00, 0x00, 0x00, 0x00, 0x00, 0x00, 0x00, 0x00, 0x00, 0x00, 0x00, 0x00, 0x00,
    0x00, 0x00, 0x00, 0x00, 0x00, 0x00, 0x00, 0x00, 0x00, 0x00, 0x00, 0x00, 0x00, 0x00, 0x00, 0x00,
    0x00, 0x00, 0x00, 0x00, 0x00, 0x00, 0x00, 0x01, 0x02, 0x0e, 0xda, 0xff, 0xfd, 0xff, 0xff, 0xff,
    0xff, 0xff, 0xfb, 0xff, 0xdc, 0x47, 0x00, 0x00, 0x04, 0x03, 0x01, 0x00, 0x00, 0x00, 0x00, 0x00,
    0x00, 0x00, 0x00, 0x00, 0x00, 0x00, 0x01, 0x03, 0x03, 0x00, 0x00, 0x68, 0xf4, 0xff, 0xfc, 0xff,
    0xff, 0xff, 0xff, 0xff, 0xfc, 0xff, 0xba, 0x00, 0x03, 0x00, 0x00, 0x00, 0x00, 0x00, 0x00, 0x00,
    0x00, 0x00, 0x00, 0x00, 0x00, 0x00, 0x00, 0x00, 0x00, 0x00, 0x00, 0x00, 0x00, 0x00, 0x00, 0x00,
    0x00, 0x00, 0x00, 0x00, 0x00, 0x00, 0x00, 0x00, 0x00, 0x00, 0x00, 0x00, 0x00, 0x00, 0x00, 0x00,
    0x00, 0x00, 0x00, 0x00, 0x00, 0x00, 0x00, 0x03, 0x00, 0x8f, 0xff, 0xfb, 0xff, 0xff, 0xff, 0xff,
    0xff, 0xfb, 0xff, 0xc2, 0x16, 0x00, 0x04, 0x02, 0x00, 0x00, 0x00, 0x00, 0x00, 0x00, 0x00, 0x00,
    0x00, 0x00, 0x00, 0x00, 0x00, 0x00, 0x00, 0x00, 0x00, 0x02, 0x03, 0x00, 0x32, 0xe0, 0xff, 0xfc,
    0xff, 0xff, 0xff, 0xff, 0xff, 0xfb, 0xff, 0x5c, 0x00, 0x03, 0x00, 0x00, 0x00, 0x00, 0x00, 0x00,
    0x00, 0x00, 0x00, 0x00, 0x00, 0x00, 0x00, 0x00, 0x00, 0x00, 0x00, 0x00, 0x00, 0x00, 0x00, 0x00,
    0x00, 0x00, 0x00, 0x00, 0x00, 0x00, 0x00, 0x00, 0x00, 0x00, 0x00, 0x00, 0x00, 0x00, 0x00, 0x00,
    0x00, 0x00, 0x00, 0x00, 0x00, 0x00, 0x02, 0x01, 0x26, 0xf8, 0xfc, 0xfe, 0xff, 0xff, 0xff, 0xff,
    0xfc, 0xff, 0xb6, 0x09, 0x00, 0x04, 0x00, 0x00, 0x00, 0x00, 0x00, 0x00, 0x00, 0x00, 0x00, 0x00,
    0x00, 0x00, 0x00, 0x00, 0x00, 0x00, 0x00, 0x00, 0x00, 0x00, 0x00, 0x05, 0x00, 0x1f, 0xd6, 0xff,
    0xfd, 0xff, 0xff, 0xff, 0xff, 0xfd, 0xfe, 0xe3, 0x0d, 0x01, 0x01, 0x00, 0x00, 0x00, 0x00, 0x00,
    0x00, 0x00, 0x00, 0x00, 0x00, 0x00, 0x00, 0x00, 0x00, 0x00, 0x00, 0x00, 0x00, 0x00, 0x00, 0x00,
    0x00, 0x00, 0x00, 0x00, 0x00, 0x00, 0x00, 0x00, 0x00, 0x00, 0x00, 0x00, 0x00, 0x00, 0x00, 0x00,
    0x00, 0x00, 0x00, 0x00, 0x01, 0x03, 0x07, 0x00, 0xa2, 0xff, 0xfb, 0xff, 0xff, 0xff, 0xff, 0xfd,
    0xff, 0xcc, 0x0b, 0x00, 0x03, 0x00, 0x00, 0x00, 0x00, 0x00, 0x00, 0x00, 0x00, 0x00, 0x00, 0x00,
    0x00, 0x00, 0x00, 0x00, 0x00, 0x00, 0x00, 0x00, 0x00, 0x00, 0x00, 0x00, 0x04, 0x00, 0x23, 0xea,
    0xfe, 0xfd, 0xff, 0xff, 0xff, 0xff, 0xfc, 0xff, 0x6d, 0x00, 0x04, 0x00, 0x00, 0x00, 0x00, 0x00,
    0x00, 0x00, 0x00, 0x00, 0x00, 0x00, 0x00, 0x00, 0x00, 0x00, 0x00, 0x00, 0x00, 0x00, 0x00, 0x00,
    0x00, 0x00, 0x00, 0x00, 0x00, 0x00, 0x00, 0x00, 0x00, 0x00, 0x00, 0x00, 0x00, 0x00, 0x00, 0x00,
    0x00, 0x01, 0x03, 0x02, 0x00, 0x00, 0x00, 0x14, 0xf5, 0xfe, 0xfe, 0xff, 0xff, 0xff, 0xfd, 0xfd,
    0xf0, 0x1f, 0x00, 0x03, 0x00, 0x00, 0x00, 0x00, 0x00, 0x00, 0x00, 0x00, 0x00, 0x00, 0x00, 0x00,
    0x00, 0x00, 0x00, 0x00, 0x00, 0x00, 0x00, 0x00, 0x00, 0x00, 0x00, 0x00, 0x00, 0x05, 0x00, 0x47,
    0xff, 0xfc, 0xff, 0xff, 0xff, 0xff, 0xfc, 0xfe, 0xd8, 0x06, 0x01, 0x00, 0x00, 0x00, 0x00, 0x00,
    0x00, 0x00, 0x00, 0x00, 0x00, 0x00, 0x00, 0x00, 0x00, 0x00, 0x00, 0x00, 0x00, 0x00, 0x00, 0x00,
    0x00, 0x00, 0x00, 0x00, 0x00, 0x00, 0x00, 0x00, 0x00, 0x00, 0x00, 0x00, 0x00, 0x00, 0x00, 0x01,
    0x03, 0x00, 0x00, 0x00, 0x19, 0x4b, 0x7b, 0xbd, 0xff, 0xfe, 0xff, 0xff, 0xff, 0xff, 0xfc, 0xff,
    0x66, 0x00, 0x04, 0x00, 0x00, 0x00, 0x00, 0x00, 0x00, 0x00, 0x00, 0x00, 0x00, 0x00, 0x00, 0x00,
    0x00, 0x00, 0x00, 0x00, 0x00, 0x00, 0x00, 0x00, 0x00, 0x00, 0x00, 0x00, 0x00, 0x00, 0x04, 0x00,
    0x9c, 0xff, 0xfc, 0xff, 0xff, 0xff, 0xff, 0xfd, 0xff, 0x46, 0x00, 0x03, 0x00, 0x00, 0x00, 0x00,
    0x00, 0x00, 0x00, 0x00, 0x00, 0x00, 0x00, 0x00, 0x00, 0x00, 0x00, 0x00, 0x00, 0x00, 0x00, 0x00,
    0x00, 0x00, 0x00, 0x00, 0x00, 0x00, 0x00, 0x00, 0x00, 0x00, 0x00, 0x00, 0x00, 0x00, 0x03, 0x00,
    0x00, 0x10, 0x5b, 0xb0, 0xf0, 0xff, 0xff, 0xff, 0xfe, 0xff, 0xff, 0xff, 0xff, 0xfc, 0xff, 0xd1,
    0x01, 0x03, 0x01, 0x00, 0x00, 0x00, 0x00, 0x00, 0x00, 0x00, 0x00, 0x00, 0x00, 0x00, 0x00, 0x00,
    0x00, 0x00, 0x00, 0x00, 0x00, 0x00, 0x00, 0x00, 0x00, 0x00, 0x00, 0x00, 0x00, 0x00, 0x02, 0x01,
    0x14, 0xef, 0xfe, 0xfe, 0xff, 0xff, 0xff, 0xfb, 0xfe, 0x99, 0x00, 0x04, 0x00, 0x00, 0x00, 0x00,
    0x00, 0x00, 0x00, 0x00, 0x00, 0x00, 0x00, 0x00, 0x00, 0x00, 0x00, 0x00, 0x00, 0x00, 0x00, 0x00,
    0x00, 0x00, 0x00, 0x00, 0x00, 0x00, 0x00, 0x00, 0x00, 0x00, 0x00, 0x00, 0x02, 0x01, 0x00, 0x15,
    0x7e, 0xe2, 0xff, 0xff, 0xff, 0xfd, 0xfb, 0xfc, 0xff, 0xff, 0xff, 0xff, 0xff, 0xfc, 0xff, 0x5e,
    0x00, 0x04, 0x00, 0x00, 0x00, 0x00, 0x00, 0x00, 0x00, 0x00, 0x00, 0x00, 0x00, 0x00, 0x00, 0x00,
    0x00, 0x00, 0x00, 0x00, 0x00, 0x00, 0x00, 0x00, 0x00, 0x00, 0x00, 0x00, 0x00, 0x00, 0x00, 0x03,
    0x00, 0x90, 0xff, 0xfb, 0xff, 0xff, 0xff, 0xfd, 0xff, 0xdc, 0x05, 0x00, 0x01, 0x00, 0x00, 0x00,
    0x00, 0x00, 0x00, 0x00, 0x00, 0x00, 0x00, 0x00, 0x00, 0x00, 0x00, 0x00, 0x00, 0x00, 0x00, 0x00,
    0x00, 0x00, 0x00, 0x00, 0x00, 0x00, 0x00, 0x00, 0x00, 0x00, 0x00, 0x03, 0x00, 0x00, 0x67, 0xe4,
    0xff, 0xff, 0xfc, 0xfc, 0xfe, 0xff, 0xff, 0xff, 0xff, 0xff, 0xff, 0xff, 0xfe, 0xff, 0xeb, 0x0e,
    0x00, 0x01, 0x00, 0x00, 0x00, 0x00, 0x00, 0x00, 0x00, 0x00, 0x00, 0x00, 0x00, 0x00, 0x00, 0x00,
    0x00, 0x00, 0x00, 0x00, 0x00, 0x00, 0x00, 0x00, 0x00, 0x00, 0x00, 0x00, 0x00, 0x00, 0x00, 0x03,
    0x01, 0x2f, 0xfd, 0xfe, 0xff, 0xff, 0xff, 0xfe, 0xff, 0xfc, 0x29, 0x00, 0x02, 0x00, 0x00, 0x00,
    0x00, 0x00, 0x00, 0x00, 0x00, 0x00, 0x00, 0x00, 0x00, 0x00, 0x00, 0x00, 0x00, 0x00, 0x00, 0x00,
    0x00, 0x00, 0x00, 0x00, 0x00, 0x00, 0x00, 0x00, 0x00, 0x00, 0x04, 0x00, 0x1d, 0xb2, 0xff, 0xff,
    0xfb, 0xfe, 0xff, 0xff, 0xff, 0xff, 0xff, 0xff, 0xff, 0xff, 0xff, 0xff, 0xfb, 0xfd, 0xae, 0x00,
    0x03, 0x00, 0x00, 0x00, 0x00, 0x00, 0x00, 0x00, 0x00, 0x00, 0x00, 0x00, 0x00, 0x00, 0x00, 0x00,
    0x00, 0x00, 0x00, 0x00, 0x00, 0x00, 0x00, 0x00, 0x00, 0x00, 0x00, 0x00, 0x00, 0x00, 0x00, 0x00,
    0x01, 0x03, 0xd5, 0xff, 0xfd, 0xff, 0xff, 0xff, 0xfc, 0xff, 0x55, 0x00, 0x04, 0x00, 0x00, 0x00,
    0x00, 0x00, 0x00, 0x00, 0x00, 0x00, 0x00, 0x00, 0x00, 0x00, 0x00, 0x00, 0x00, 0x00, 0x00, 0x00,
    0x00, 0x00, 0x00, 0x00, 0x00, 0x00, 0x00, 0x00, 0x00, 0x04, 0x00, 0x3d, 0xe4, 0xff, 0xfb, 0xfe,
    0xff, 0xff, 0xff, 0xff, 0xff, 0xff, 0xff, 0xff, 0xff, 0xff, 0xfe, 0xfe, 0xf9, 0xff, 0x5e, 0x00,
    0x04, 0x00, 0x00, 0x00, 0x00, 0x00, 0x00, 0x00, 0x00, 0x00, 0x00, 0x00, 0x00, 0x00, 0x00, 0x00,
    0x00, 0x00, 0x00, 0x00, 0x00, 0x00, 0x00, 0x00, 0x00, 0x00, 0x00, 0x00, 0x00, 0x00, 0x00, 0x00,
    0x04, 0x00, 0xa1, 0xff, 0xfb, 0xff, 0xff, 0xff, 0xfb, 0xff, 0x78, 0x00, 0x04, 0x00, 0x00, 0x00,
    0x00, 0x00, 0x00, 0x00, 0x00, 0x00, 0x00, 0x00, 0x00, 0x00, 0x00, 0x00, 0x00, 0x00, 0x00, 0x00,
    0x00, 0x00, 0x00, 0x00, 0x00, 0x00, 0x00, 0x00, 0x04, 0x00, 0x56, 0xf9, 0xff, 0xfb, 0xff, 0xff,
    0xff, 0xff, 0xff, 0xff, 0xff, 0xfe, 0xfb, 0xfb, 0xfd, 0xff, 0xff, 0xff, 0xff, 0xc5, 0x09, 0x02,
    0x01, 0x00, 0x00, 0x00, 0x00, 0x00, 0x00, 0x00, 0x00, 0x00, 0x00, 0x00, 0x00, 0x00, 0x00, 0x00,
    0x00, 0x00, 0x00, 0x00, 0x00, 0x00, 0x00, 0x00, 0x00, 0x00, 0x00, 0x00, 0x00, 0x00, 0x00, 0x00,
    0x04, 0x00, 0x7b, 0xff, 0xfb, 0xff, 0xff, 0xff, 0xfb, 0xff, 0x8e, 0x01, 0x06, 0x04, 0x04, 0x02,
    0x00, 0x00, 0x00, 0x00, 0x00, 0x00, 0x00, 0x00, 0x00, 0x00, 0x00, 0x00, 0x00, 0x00, 0x00, 0x00,
    0x00, 0x00, 0x00, 0x00, 0x00, 0x00, 0x00, 0x03, 0x00, 0x4e, 0xfe, 0xff, 0xfc, 0xff, 0xff, 0xff,
    0xff, 0xff, 0xff, 0xfd, 0xfc, 0xff, 0xff, 0xff, 0xff, 0xff, 0xfc, 0xee, 0xa0, 0x11, 0x00, 0x01,
    0x00, 0x00, 0x00, 0x00, 0x00, 0x00, 0x00, 0x00, 0x00, 0x00, 0x00, 0x00, 0x00, 0x00, 0x00, 0x00,
    0x00, 0x00, 0x00, 0x00, 0x00, 0x00, 0x00, 0x00, 0x00, 0x00, 0x00, 0x00, 0x00, 0x00, 0x00, 0x00,
    0x04, 0x00, 0x67, 0xff, 0xfb, 0xff, 0xff, 0xff, 0xfb, 0xff, 0x98, 0x00, 0x00, 0x00, 0x00, 0x00,
    0x02, 0x03, 0x01, 0x00, 0x00, 0x00, 0x00, 0x00, 0x00, 0x00, 0x00, 0x00, 0x00, 0x00, 0x00, 0x00,
    0x00, 0x00, 0x00, 0x00, 0x00, 0x00, 0x02, 0x00, 0x2e, 0xf5, 0xfe, 0xfd, 0xff, 0xff, 0xff, 0xff,
    0xff, 0xfe, 0xfc, 0xff, 0xff, 0xe8, 0xa3, 0x6d, 0x45, 0x33, 0x2a, 0x15, 0x00, 0x00, 0x01, 0x00,
    0x00, 0x00, 0x00, 0x00, 0x00, 0x00, 0x00, 0x00, 0x00, 0x00, 0x00, 0x00, 0x00, 0x00, 0x00, 0x00,
    0x00, 0x00, 0x00, 0x00, 0x00, 0x00, 0x00, 0x00, 0x00, 0x00, 0x00, 0x00, 0x00, 0x00, 0x00, 0x00,
    0x04, 0x00, 0x64, 0xff, 0xfc, 0xff, 0xff, 0xff, 0xfe, 0xff, 0xeb, 0xc8, 0xbb, 0x94, 0x5d, 0x22,
    0x00, 0x00, 0x00, 0x03, 0x00, 0x00, 0x00, 0x00, 0x00, 0x00, 0x00, 0x00, 0x00, 0x00, 0x00, 0x00,
    0x00, 0x00, 0x00, 0x00, 0x00, 0x01, 0x02, 0x0e, 0xd8, 0xff, 0xfc, 0xff, 0xff, 0xff, 0xff, 0xff,
    0xfd, 0xff, 0xff, 0xd0, 0x66, 0x14, 0x00, 0x00, 0x00, 0x00, 0x00, 0x00, 0x02, 0x01, 0x00, 0x00,
    0x00, 0x00, 0x00, 0x00, 0x00, 0x00, 0x00, 0x00, 0x00, 0x00, 0x00, 0x00, 0x00, 0x00, 0x00, 0x00,
    0x00, 0x00, 0x00, 0x00, 0x00, 0x00, 0x00, 0x00, 0x00, 0x00, 0x00, 0x00, 0x00, 0x00, 0x00, 0x00,
    0x04, 0x00, 0x73, 0xff, 0xfb, 0xff, 0xff, 0xff, 0xff, 0xff, 0xff, 0xff, 0xff, 0xff, 0xff, 0xf6,
    0xb8, 0x57, 0x02, 0x00, 0x03, 0x01, 0x00, 0x00, 0x00, 0x00, 0x00, 0x00, 0x00, 0x00, 0x00, 0x00,
    0x00, 0x00, 0x00, 0x00, 0x00, 0x03, 0x00, 0x94, 0xff, 0xfb, 0xff, 0xff, 0xff, 0xff, 0xff, 0xfd,
    0xff, 0xf8, 0x74, 0x06, 0x00, 0x00, 0x03, 0x04, 0x03, 0x02, 0x02, 0x01, 0x00, 0x00, 0x00, 0x00,
    0x00, 0x00, 0x00, 0x00, 0x00, 0x00, 0x00, 0x00, 0x00, 0x00, 0x00, 0x00, 0x00, 0x00, 0x00, 0x00,
    0x00, 0x00, 0x00, 0x00, 0x00, 0x00, 0x00, 0x00, 0x00, 0x00, 0x00, 0x00, 0x00, 0x00, 0x00, 0x00,
    0x04, 0x00, 0x96, 0xff, 0xfb, 0xff, 0xff, 0xff, 0xff, 0xff, 0xfe, 0xfc, 0xfc, 0xfb, 0xfc, 0xff,
    0xff, 0xff, 0xca, 0x45, 0x00, 0x00, 0x01, 0x00, 0x00, 0x00, 0x00, 0x00, 0x00, 0x00, 0x00, 0x00,
    0x00, 0x00, 0x00, 0x00, 0x03, 0x00, 0x35, 0xfd, 0xfc, 0xfe, 0xff, 0xff, 0xff, 0xff, 0xfd, 0xff,
    0xe3, 0x3a, 0x00, 0x00, 0x04, 0x01, 0x00, 0x00, 0x00, 0x00, 0x00, 0x00, 0x00, 0x00, 0x00, 0x00,
    0x00, 0x00, 0x00, 0x00, 0x00, 0x00, 0x00, 0x00, 0x00, 0x00, 0x00, 0x00, 0x00, 0x00, 0x00, 0x00,
    0x00, 0x00, 0x00, 0x00, 0x00, 0x00, 0x00, 0x00, 0x00, 0x00, 0x00, 0x00, 0x00, 0x00, 0x00, 0x00,
    0x02, 0x00, 0xc0, 0xff, 0xfc, 0xff, 0xff, 0xff, 0xff, 0xff, 0xff, 0xff, 0xff, 0xff, 0xff, 0xfe,
    0xfc, 0xfc, 0xff, 0xff, 0x8a, 0x04, 0x00, 0x02, 0x00, 0x00, 0x00, 0x00, 0x00, 0x00, 0x00, 0x00,
    0x00, 0x00, 0x00, 0x00, 0x02, 0x00, 0xb4, 0xff, 0xfb, 0xff, 0xff, 0xff, 0xff, 0xfd, 0xff, 0xde,
    0x22, 0x00, 0x05, 0x01, 0x00, 0x00, 0x00, 0x00, 0x00, 0x00, 0x00, 0x00, 0x00, 0x00, 0x00, 0x00,
    0x00, 0x00, 0x00, 0x00, 0x00, 0x00, 0x00, 0x00, 0x00, 0x00, 0x00, 0x00, 0x00, 0x00, 0x00, 0x00,
    0x00, 0x00, 0x00, 0x00, 0x00, 0x00, 0x00, 0x00, 0x00, 0x00, 0x00, 0x00, 0x00, 0x00, 0x00, 0x00,
    0x02, 0x00, 0xc7, 0xfe, 0xfc, 0xff, 0xff, 0xff, 0xff, 0xff, 0xff, 0xff, 0xff, 0xff, 0xff, 0xff,
    0xff, 0xff, 0xfc, 0xfd, 0xff, 0xbb, 0x11, 0x00, 0x02, 0x00, 0x00, 0x00, 0x00, 0x00, 0x00, 0x00,
    0x00, 0x00, 0x00, 0x03, 0x00, 0x33, 0xfe, 0xfd, 0xff, 0xff, 0xff, 0xff, 0xfe, 0xfd, 0xef, 0x2a,
    0x00, 0x04, 0x00, 0x00, 0x00, 0x00, 0x00, 0x00, 0x00, 0x00, 0x00, 0x00, 0x00, 0x00, 0x00, 0x00,
    0x00, 0x00, 0x00, 0x00, 0x00, 0x00, 0x00, 0x00, 0x00, 0x00, 0x00, 0x00, 0x00, 0x00, 0x00, 0x00,
    0x00, 0x00, 0x00, 0x00, 0x00, 0x00, 0x00, 0x00, 0x00, 0x00, 0x00, 0x00, 0x00, 0x00, 0x00, 0x00,
    0x04, 0x00, 0x8b, 0xff, 0xf8, 0xfe, 0xfe, 0xfe, 0xfe, 0xfe, 0xff, 0xff, 0xff, 0xff, 0xff, 0xff,
    0xff, 0xff, 0xff, 0xff, 0xfa, 0xff, 0xca, 0x11, 0x01, 0x01, 0x00, 0x00, 0x00, 0x00, 0x00, 0x00,
    0x00, 0x00, 0x00, 0x04, 0x00, 0x95, 0xff, 0xfb, 0xff, 0xff, 0xff, 0xff, 0xfd, 0xff, 0x51, 0x00,
    0x05, 0x00, 0x00, 0x00, 0x00, 0x00, 0x00, 0x00, 0x00, 0x00, 0x00, 0x00, 0x00, 0x00, 0x00, 0x00,
    0x00, 0x00, 0x00, 0x00, 0x00, 0x00, 0x00, 0x00, 0x00, 0x00, 0x00, 0x00, 0x00, 0x00, 0x00, 0x00,
    0x00, 0x00, 0x00, 0x00, 0x00, 0x00, 0x00, 0x00, 0x00, 0x00, 0x00, 0x00, 0x00, 0x00, 0x00, 0x00,
    0x02, 0x01, 0x18, 0xe4, 0xff, 0xff, 0xff, 0xff, 0xff, 0xff, 0xff, 0xfd, 0xfb, 0xfc, 0xff, 0xff,
    0xff, 0xff, 0xff, 0xff, 0xff, 0xfa, 0xff, 0xbf, 0x05, 0x03, 0x01, 0x00, 0x00, 0x00, 0x00, 0x00,
    0x00, 0x00, 0x01, 0x00, 0x0c, 0xe5, 0xff, 0xfd, 0xff, 0xff, 0xff, 0xfc, 0xff, 0xaf, 0x00, 0x04,
    0x00, 0x00, 0x00, 0x00, 0x00, 0x00, 0x00, 0x00, 0x00, 0x00, 0x00, 0x00, 0x00, 0x00, 0x00, 0x00,
    0x00, 0x00, 0x00, 0x00, 0x00, 0x00, 0x00, 0x00, 0x00, 0x00, 0x00, 0x00, 0x00, 0x00, 0x00, 0x00,
    0x00, 0x00, 0x00, 0x00, 0x00, 0x00, 0x00, 0x00, 0x00, 0x00, 0x00, 0x00, 0x00, 0x00, 0x00, 0x00,
    0x00, 0x02, 0x00, 0x29, 0xb2, 0xee, 0xfc, 0xfc, 0xfd, 0xfc, 0xff, 0xff, 0xff, 0xff, 0xfe, 0xfc,
    0xff, 0xff, 0xff, 0xff, 0xff, 0xff, 0xfa, 0xff, 0x93, 0x00, 0x03, 0x00, 0x00, 0x00, 0x00, 0x00,
    0x00, 0x00, 0x03, 0x00, 0x3e, 0xff, 0xfd, 0xff, 0xff, 0xff, 0xff, 0xfe, 0xfb, 0x30, 0x01, 0x03,
    0x00, 0x00, 0x00, 0x00, 0x00, 0x00, 0x00, 0x00, 0x00, 0x00, 0x00, 0x00, 0x00, 0x00, 0x00, 0x00,
    0x00, 0x00, 0x00, 0x00, 0x00, 0x00, 0x00, 0x00, 0x00, 0x00, 0x00, 0x00, 0x00, 0x00, 0x00, 0x00,
    0x00, 0x00, 0x00, 0x00, 0x00, 0x00, 0x00, 0x00, 0x00, 0x00, 0x00, 0x00, 0x00, 0x00, 0x00, 0x00,
    0x00, 0x00, 0x01, 0x00, 0x00, 0x16, 0x29, 0x29, 0x29, 0x29, 0x30, 0x42, 0x6e, 0xb9, 0xff, 0xff,
    0xfc, 0xff, 0xff, 0xff, 0xff, 0xff, 0xff, 0xfb, 0xff, 0x49, 0x00, 0x03, 0x00, 0x00, 0x00, 0x00,
    0x00, 0x00, 0x04, 0x00, 0x7e, 0xff, 0xfb, 0xff, 0xff, 0xff, 0xfc, 0xff, 0xc1, 0x00, 0x02, 0x00,
    0x00, 0x00, 0x00, 0x00, 0x00, 0x00, 0x00, 0x00, 0x00, 0x00, 0x00, 0x00, 0x00, 0x00, 0x00, 0x00,
    0x00, 0x00, 0x00, 0x00, 0x00, 0x00, 0x00, 0x00, 0x00, 0x00, 0x00, 0x00, 0x00, 0x00, 0x00, 0x00,
    0x00, 0x00, 0x00, 0x00, 0x00, 0x00, 0x00, 0x00, 0x00, 0x00, 0x00, 0x00, 0x00, 0x00, 0x00, 0x00,
    0x00, 0x00, 0x00, 0x02, 0x02, 0x00, 0x00, 0x00, 0x00, 0x00, 0x00, 0x00, 0x00, 0x00, 0x3d, 0xb8,
    0xff, 0xfd, 0xff, 0xff, 0xff, 0xff, 0xff, 0xfc, 0xfe, 0xd7, 0x06, 0x01, 0x01, 0x00, 0x00, 0x00,
    0x00, 0x00, 0x03, 0x00, 0xad, 0xff, 0xfb, 0xff, 0xff, 0xff, 0xfb, 0xff, 0x74, 0x01, 0x04, 0x00,
    0x00, 0x00, 0x00, 0x00, 0x00, 0x00, 0x00, 0x00, 0x00, 0x00, 0x00, 0x00, 0x00, 0x00, 0x00, 0x00,
    0x00, 0x00, 0x00, 0x00, 0x00, 0x00, 0x00, 0x00, 0x00, 0x00, 0x00, 0x00, 0x00, 0x00, 0x00, 0x00,
    0x00, 0x00, 0x00, 0x00, 0x00, 0x00, 0x00, 0x00, 0x00, 0x00, 0x00, 0x00, 0x00, 0x00, 0x00, 0x00,
    0x00, 0x00, 0x00, 0x00, 0x00, 0x01, 0x02, 0x02, 0x02, 0x02, 0x02, 0x03, 0x04, 0x02, 0x00, 0x00,
    0x82, 0xff, 0xfc, 0xfe, 0xff, 0xff, 0xff, 0xff, 0xfc, 0xff, 0x5d, 0x00, 0x04, 0x00, 0x00, 0x00,
    0x00, 0x01, 0x01, 0x01, 0xce, 0xff, 0xfd, 0xff, 0xff, 0xff, 0xfd, 0xff, 0x3f, 0x00, 0x03, 0x00,
    0x00, 0x00, 0x00, 0x00, 0x00, 0x00, 0x00, 0x00, 0x00, 0x00, 0x00, 0x00, 0x00, 0x00, 0x00, 0x00,
    0x00, 0x00, 0x00, 0x00, 0x00, 0x00, 0x00, 0x00, 0x00, 0x00, 0x00, 0x00, 0x00, 0x00, 0x00, 0x00,
    0x00, 0x00, 0x00, 0x00, 0x00, 0x00, 0x00, 0x00, 0x00, 0x00, 0x00, 0x00, 0x00, 0x00, 0x00, 0x00,
    0x00, 0x00, 0x00, 0x00, 0x00, 0x00, 0x00, 0x00, 0x00, 0x00, 0x00, 0x00, 0x00, 0x00, 0x03, 0x03,
    0x00, 0x7c, 0xff, 0xfc, 0xff, 0xff, 0xff, 0xff, 0xfc, 0xfe, 0xc9, 0x01, 0x01, 0x00, 0x00, 0x00,
    0x00, 0x01, 0x00, 0x07, 0xde, 0xff, 0xfd, 0xff, 0xff, 0xfe, 0xff, 0xf9, 0x22, 0x00, 0x02, 0x00,
    0x00, 0x00, 0x00, 0x00, 0x00, 0x00, 0x00, 0x00, 0x00, 0x00, 0x00, 0x00, 0x00, 0x00, 0x00, 0x00,
    0x00, 0x00, 0x00, 0x00, 0x00, 0x00, 0x00, 0x00, 0x00, 0x00, 0x00, 0x00, 0x00, 0x00, 0x00, 0x00,
    0x00, 0x00, 0x00, 0x00, 0x00, 0x00, 0x00, 0x00, 0x00, 0x00, 0x00, 0x00, 0x00, 0x00, 0x00, 0x00,
    0x00, 0x00, 0x00, 0x00, 0x00, 0x00, 0x00, 0x00, 0x00, 0x00, 0x00, 0x00, 0x00, 0x00, 0x00, 0x01,
    0x05, 0x00, 0xb0, 0xff, 0xfc, 0xff, 0xff, 0xff, 0xff, 0xfe, 0xfc, 0x29, 0x00, 0x02, 0x00, 0x00,
    0x00, 0x01, 0x00, 0x0d, 0xe9, 0xff, 0xfe, 0xff, 0xff, 0xfe, 0xff, 0xf0, 0x13, 0x00, 0x01, 0x00,
    0x00, 0x00, 0x00, 0x00, 0x00, 0x00, 0x00, 0x00, 0x00, 0x00, 0x00, 0x00, 0x00, 0x00, 0x00, 0x00,
    0x00, 0x00, 0x00, 0x00, 0x00, 0x00, 0x00, 0x00, 0x00, 0x00, 0x00, 0x00, 0x00, 0x00, 0x00, 0x00,
    0x00, 0x00, 0x00, 0x00, 0x00, 0x00, 0x00, 0x00, 0x00, 0x00, 0x00, 0x00, 0x00, 0x00, 0x00, 0x00,
    0x00, 0x00, 0x00, 0x00, 0x00, 0x00, 0x00, 0x00, 0x00, 0x00, 0x00, 0x00, 0x00, 0x00, 0x00, 0x00,
    0x02, 0x01, 0x24, 0xf5, 0xfe, 0xfe, 0xff, 0xff, 0xff, 0xfb, 0xff, 0x73, 0x00, 0x04, 0x00, 0x00,
    0x00, 0x01, 0x00, 0x0f, 0xeb, 0xff, 0xfe, 0xff, 0xff, 0xfe, 0xff, 0xf1, 0x16, 0x00, 0x01, 0x00,
    0x00, 0x00, 0x00, 0x00, 0x00, 0x00, 0x00, 0x00, 0x00, 0x00, 0x00, 0x00, 0x00, 0x00, 0x00, 0x00,
    0x00, 0x00, 0x00, 0x00, 0x00, 0x00, 0x00, 0x00, 0x00, 0x00, 0x00, 0x00, 0x00, 0x00, 0x00, 0x00,
    0x00, 0x00, 0x00, 0x00, 0x00, 0x00, 0x00, 0x00, 0x00, 0x00, 0x00, 0x00, 0x00, 0x00, 0x00, 0x00,
    0x00, 0x00, 0x00, 0x00, 0x00, 0x00, 0x00, 0x00, 0x00, 0x00, 0x00, 0x00, 0x00, 0x00, 0x00, 0x00,
    0x00, 0x04, 0x00, 0xa4, 0xff, 0xfb, 0xff, 0xff, 0xff, 0xfb, 0xff, 0xa8, 0x00, 0x03, 0x00, 0x00,
    0x00, 0x01, 0x00, 0x0a, 0xe3, 0xff, 0xfd, 0xff, 0xff, 0xfe, 0xff, 0xf9, 0x22, 0x00, 0x02, 0x00,
    0x00, 0x00, 0x00, 0x00, 0x00, 0x00, 0x00, 0x00, 0x00, 0x00, 0x00, 0x00, 0x00, 0x00, 0x00, 0x00,
    0x00, 0x00, 0x00, 0x00, 0x00, 0x00, 0x00, 0x00, 0x00, 0x00, 0x00, 0x00, 0x00, 0x00, 0x00, 0x00,
    0x00, 0x00, 0x00, 0x00, 0x00, 0x00, 0x00, 0x00, 0x00, 0x00, 0x00, 0x00, 0x00, 0x00, 0x00, 0x00,
    0x00, 0x00, 0x00, 0x00, 0x00, 0x00, 0x00, 0x00, 0x00, 0x00, 0x00, 0x00, 0x00, 0x00, 0x00, 0x00,
    0x00, 0x04, 0x01, 0x57, 0xff, 0xfc, 0xff, 0xff, 0xff, 0xfd, 0xff, 0xcb, 0x00, 0x01, 0x00, 0x00,
    0x00, 0x01, 0x00, 0x01, 0xd1, 0xff, 0xfd, 0xff, 0xff, 0xff, 0xfe, 0xff, 0x3c, 0x00, 0x03, 0x00,
    0x00, 0x00, 0x00, 0x00, 0x00, 0x00, 0x00, 0x00, 0x00, 0x00, 0x00, 0x00, 0x00, 0x00, 0x00, 0x00,
    0x00, 0x00, 0x00, 0x00, 0x00, 0x00, 0x00, 0x00, 0x00, 0x00, 0x00, 0x00, 0x00, 0x00, 0x00, 0x00,
    0x00, 0x00, 0x00, 0x00, 0x00, 0x00, 0x00, 0x00, 0x00, 0x00, 0x00, 0x00, 0x00, 0x00, 0x00, 0x00,
    0x00, 0x00, 0x00, 0x00, 0x00, 0x00, 0x00, 0x00, 0x00, 0x00, 0x00, 0x00, 0x00, 0x00, 0x00, 0x00,
    0x00, 0x02, 0x00, 0x2d, 0xfe, 0xff, 0xff, 0xff, 0xff, 0xfd, 0xff, 0xdd, 0x06, 0x00, 0x01, 0x00,
    0x00, 0x00, 0x03, 0x00, 0xb5, 0xff, 0xfc, 0xff, 0xff, 0xff, 0xfb, 0xff, 0x6e, 0x01, 0x04, 0x00,
    0x00, 0x00, 0x00, 0x00, 0x00, 0x00, 0x00, 0x00, 0x00, 0x00, 0x00, 0x00, 0x00, 0x00, 0x00, 0x00,
    0x00, 0x00, 0x00, 0x00, 0x00, 0x00, 0x00, 0x00, 0x00, 0x00, 0x00, 0x00, 0x00, 0x00, 0x00, 0x00,
    0x00, 0x00, 0x00, 0x00, 0x00, 0x00, 0x00, 0x00, 0x00, 0x00, 0x00, 0x00, 0x00, 0x00, 0x00, 0x00,
    0x00, 0x00, 0x00, 0x00, 0x00, 0x00, 0x00, 0x00, 0x00, 0x00, 0x00, 0x00, 0x00, 0x00, 0x00, 0x00,
    0x00, 0x01, 0x00, 0x1b, 0xf4, 0xff, 0xfe, 0xff, 0xff, 0xfe, 0xff, 0xe8, 0x0d, 0x00, 0x01, 0x00,
    0x00, 0x00, 0x04, 0x00, 0x86, 0xff, 0xfb, 0xff, 0xff, 0xff, 0xfc, 0xff, 0xbb, 0x00, 0x02, 0x00,
    0x00, 0x00, 0x00, 0x00, 0x00, 0x00, 0x00, 0x00, 0x00, 0x00, 0x00, 0x00, 0x00, 0x00, 0x00, 0x00,
    0x00, 0x00, 0x00, 0x00, 0x00, 0x00, 0x00, 0x00, 0x00, 0x00, 0x00, 0x00, 0x00, 0x00, 0x00, 0x00,
    0x00, 0x00, 0x00, 0x00, 0x00, 0x00, 0x00, 0x00, 0x00, 0x00, 0x00, 0x00, 0x00, 0x00, 0x00, 0x00,
    0x00, 0x00, 0x00, 0x00, 0x00, 0x00, 0x00, 0x00, 0x00, 0x00, 0x00, 0x00, 0x00, 0x00, 0x00, 0x00,
    0x00, 0x01, 0x00, 0x15, 0xf1, 0xff, 0xfe, 0xff, 0xff, 0xfe, 0xff, 0xec, 0x0f, 0x00, 0x01, 0x00,
    0x00, 0x00, 0x03, 0x00, 0x4c, 0xff, 0xfd, 0xff, 0xff, 0xff, 0xff, 0xfe, 0xf9, 0x26, 0x01, 0x02,
    0x00, 0x00, 0x00, 0x00, 0x00, 0x00, 0x00, 0x00, 0x00, 0x00, 0x00, 0x00, 0x00, 0x00, 0x00, 0x00,
    0x00, 0x00, 0x00, 0x00, 0x00, 0x00, 0x00, 0x00, 0x00, 0x00, 0x00, 0x00, 0x00, 0x00, 0x00, 0x00,
    0x00, 0x00, 0x00, 0x00, 0x00, 0x00, 0x00, 0x00, 0x00, 0x00, 0x00, 0x00, 0x00, 0x00, 0x00, 0x00,
    0x00, 0x00, 0x00, 0x00, 0x00, 0x00, 0x00, 0x00, 0x00, 0x00, 0x00, 0x00, 0x00, 0x00, 0x00, 0x00,
    0x00, 0x02, 0x00, 0x27, 0xfb, 0xff, 0xfe, 0xff, 0xff, 0xfe, 0xff, 0xe2, 0x09, 0x00, 0x01, 0x00,
    0x00, 0x00, 0x01, 0x00, 0x11, 0xed, 0xff, 0xfe, 0xff, 0xff, 0xff, 0xfc, 0xff, 0xa3, 0x00, 0x04,
    0x00, 0x00, 0x00, 0x00, 0x00, 0x00, 0x00, 0x00, 0x00, 0x00, 0x00, 0x00, 0x00, 0x00, 0x00, 0x00,
    0x00, 0x00, 0x00, 0x00, 0x00, 0x00, 0x00, 0x00, 0x00, 0x00, 0x00, 0x00, 0x00, 0x00, 0x00, 0x00,
    0x00, 0x00, 0x00, 0x00, 0x00, 0x00, 0x00, 0x00, 0x00, 0x00, 0x00, 0x00, 0x00, 0x00, 0x00, 0x00,
    0x00, 0x00, 0x00, 0x00, 0x00, 0x00, 0x00, 0x00, 0x00, 0x00, 0x00, 0x00, 0x00, 0x00, 0x00, 0x00,
    0x00, 0x03, 0x01, 0x4f, 0xff, 0xfc, 0xff, 0xff, 0xff, 0xfd, 0xff, 0xcf, 0x01, 0x00, 0x01, 0x00,
    0x00, 0x00, 0x00, 0x03, 0x00, 0xa9, 0xfe, 0xfb, 0xff, 0xff, 0xff, 0xff, 0xfc, 0xff, 0x47, 0x00,
    0x04, 0x00, 0x00, 0x00, 0x00, 0x00, 0x00, 0x00, 0x00, 0x00, 0x00, 0x00, 0x00, 0x00, 0x00, 0x00,
    0x00, 0x00, 0x00, 0x00, 0x00, 0x00, 0x00, 0x00, 0x00, 0x00, 0x00, 0x00, 0x00, 0x00, 0x00, 0x00,
    0x00, 0x00, 0x00, 0x00, 0x00, 0x00, 0x00, 0x00, 0x00, 0x00, 0x00, 0x00, 0x00, 0x00, 0x00, 0x00,
    0x00, 0x00, 0x00, 0x00, 0x00, 0x00, 0x00, 0x00, 0x00, 0x00, 0x00, 0x00, 0x00, 0x00, 0x00, 0x00,
    0x00, 0x03, 0x00, 0x98, 0xff, 0xfb, 0xff, 0xff, 0xff, 0xfb, 0xff, 0xae, 0x00, 0x03, 0x00, 0x00,
    0x00, 0x00, 0x00, 0x03, 0x00, 0x45, 0xff, 0xfc, 0xff, 0xff, 0xff, 0xff, 0xfd, 0xfe, 0xe3, 0x1c,
    0x00, 0x04, 0x00, 0x00, 0x00, 0x00, 0x00, 0x00, 0x00, 0x00, 0x00, 0x00, 0x00, 0x00, 0x00, 0x00,
    0x00, 0x00, 0x00, 0x00, 0x00, 0x00, 0x00, 0x00, 0x00, 0x00, 0x00, 0x00, 0x00, 0x00, 0x00, 0x00,
    0x00, 0x00, 0x00, 0x00, 0x00, 0x00, 0x00, 0x00, 0x00, 0x00, 0x00, 0x00, 0x00, 0x00, 0x00, 0x00,
    0x00, 0x00, 0x00, 0x00, 0x00, 0x00, 0x00, 0x00, 0x00, 0x00, 0x00, 0x00, 0x00, 0x00, 0x00, 0x00,
    0x02, 0x02, 0x15, 0xee, 0xff, 0xfe, 0xff, 0xff, 0xff, 0xfb, 0xff, 0x79, 0x00, 0x04, 0x00, 0x00,
    0x00, 0x00, 0x00, 0x00, 0x02, 0x02, 0xc8, 0xff, 0xfc, 0xff, 0xff, 0xff, 0xff, 0xfd, 0xff, 0xcf,
    0x12, 0x00, 0x04, 0x00, 0x00, 0x00, 0x00, 0x00, 0x00, 0x00, 0x00, 0x00, 0x00, 0x00, 0x00, 0x00,
    0x00, 0x00, 0x00, 0x00, 0x00, 0x00, 0x00, 0x00, 0x00, 0x00, 0x00, 0x00, 0x00, 0x00, 0x00, 0x00,
    0x00, 0x00, 0x00, 0x00, 0x00, 0x00, 0x00, 0x00, 0x00, 0x00, 0x00, 0x00, 0x00, 0x00, 0x00, 0x00,
    0x00, 0x00, 0x00, 0x00, 0x00, 0x00, 0x00, 0x00, 0x00, 0x00, 0x00, 0x00, 0x00, 0x00, 0x00, 0x00,
    0x05, 0x00, 0x9a, 0xff, 0xfc, 0xff, 0xff, 0xff, 0xff, 0xfe, 0xff, 0x36, 0x00, 0x03, 0x00, 0x00,
    0x00, 0x00, 0x00, 0x00, 0x03, 0x00, 0x48, 0xff, 0xfc, 0xff, 0xff, 0xff, 0xff, 0xff, 0xfc, 0xff,
    0xce, 0x23, 0x00, 0x03, 0x03, 0x00, 0x00, 0x00, 0x00, 0x00, 0x00, 0x00, 0x00, 0x00, 0x00, 0x00,
    0x00, 0x00, 0x00, 0x00, 0x00, 0x00, 0x00, 0x00, 0x00, 0x00, 0x00, 0x00, 0x00, 0x00, 0x00, 0x00,
    0x00, 0x00, 0x00, 0x00, 0x00, 0x00, 0x00, 0x00, 0x00, 0x00, 0x00, 0x00, 0x00, 0x00, 0x00, 0x00,
    0x00, 0x00, 0x00, 0x00, 0x00, 0x00, 0x00, 0x00, 0x00, 0x00, 0x00, 0x00, 0x00, 0x00, 0x01, 0x05,
    0x00, 0x61, 0xff, 0xfc, 0xff, 0xff, 0xff, 0xff, 0xfc, 0xfe, 0xd4, 0x04, 0x01, 0x00, 0x00, 0x00,
    0x00, 0x00, 0x00, 0x00, 0x00, 0x03, 0x00, 0xac, 0xff, 0xfb, 0xff, 0xff, 0xff, 0xff, 0xff, 0xfc,
    0xff, 0xeb, 0x57, 0x00, 0x00, 0x00, 0x04, 0x03, 0x02, 0x01, 0x01, 0x01, 0x01, 0x01, 0x01, 0x01,
    0x01, 0x01, 0x01, 0x01, 0x01, 0x01, 0x01, 0x01, 0x01, 0x01, 0x01, 0x01, 0x01, 0x01, 0x01, 0x01,
    0x01, 0x01, 0x01, 0x01, 0x01, 0x01, 0x01, 0x01, 0x01, 0x01, 0x01, 0x01, 0x01, 0x01, 0x01, 0x01,
    0x01, 0x01, 0x01, 0x01, 0x01, 0x01, 0x01, 0x01, 0x01, 0x01, 0x01, 0x02, 0x03, 0x04, 0x00, 0x00,
    0x63, 0xfc, 0xfd, 0xfe, 0xff, 0xff, 0xff, 0xff, 0xfc, 0xff, 0x6f, 0x00, 0x04, 0x00, 0x00, 0x00,
    0x00, 0x00, 0x00, 0x00, 0x00, 0x02, 0x02, 0x1c, 0xec, 0xfe, 0xfd, 0xff, 0xff, 0xff, 0xff, 0xff,
    0xfd, 0xff, 0xff, 0xb5, 0x41, 0x01, 0x00, 0x00, 0x00, 0x00, 0x00, 0x00, 0x00, 0x00, 0x00, 0x00,
    0x00, 0x00, 0x00, 0x00, 0x00, 0x00, 0x00, 0x00, 0x00, 0x00, 0x00, 0x00, 0x00, 0x00, 0x00, 0x00,
    0x00, 0x00, 0x00, 0x00, 0x00, 0x00, 0x00, 0x00, 0x00, 0x00, 0x00, 0x00, 0x00, 0x00, 0x00, 0x00,
    0x00, 0x00, 0x00, 0x00, 0x00, 0x00, 0x00, 0x00, 0x00, 0x00, 0x00, 0x00, 0x00, 0x00, 0x17, 0x90,
    0xff, 0xfe, 0xfe, 0xff, 0xff, 0xff, 0xff, 0xfd, 0xfe, 0xe6, 0x0f, 0x01, 0x01, 0x00, 0x00, 0x00,
    0x00, 0x00, 0x00, 0x00, 0x00, 0x00, 0x03, 0x00, 0x4a, 0xff, 0xfc, 0xfe, 0xff, 0xff, 0xff, 0xff,
    0xff, 0xfe, 0xfd, 0xff, 0xff, 0xcf, 0x87, 0x4f, 0x2e, 0x1a, 0x12, 0x11, 0x11, 0x11, 0x11, 0x11,
    0x11, 0x11, 0x11, 0x11, 0x11, 0x11, 0x11, 0x11, 0x11, 0x11, 0x11, 0x11, 0x11, 0x11, 0x11, 0x11,
    0x11, 0x11, 0x11, 0x11, 0x11, 0x11, 0x11, 0x11, 0x11, 0x11, 0x11, 0x11, 0x11, 0x11, 0x11, 0x11,
    0x11, 0x11, 0x11, 0x11, 0x11, 0x11, 0x11, 0x11, 0x11, 0x11, 0x18, 0x2f, 0x4f, 0x97, 0xe9, 0xff,
    0xfd, 0xfe, 0xff, 0xff, 0xff, 0xff, 0xff, 0xfa, 0xff, 0x5e, 0x00, 0x03, 0x00, 0x00, 0x00, 0x00,
    0x00, 0x00, 0x00, 0x00, 0x00, 0x00, 0x00, 0x03, 0x00, 0x69, 0xff, 0xfc, 0xfe, 0xff, 0xff, 0xff,
    0xff, 0xff, 0xff, 0xfc, 0xfe, 0xff, 0xff, 0xff, 0xff, 0xf4, 0xef, 0xee, 0xee, 0xee, 0xee, 0xee,
    0xee, 0xee, 0xee, 0xee, 0xee, 0xee, 0xee, 0xee, 0xee, 0xee, 0xee, 0xee, 0xee, 0xee, 0xee, 0xee,
    0xee, 0xee, 0xee, 0xee, 0xee, 0xee, 0xee, 0xee, 0xee, 0xee, 0xee, 0xee, 0xee, 0xee, 0xee, 0xee,
    0xee, 0xee, 0xee, 0xee, 0xee, 0xee, 0xee, 0xee, 0xef, 0xee, 0xf3, 0xff, 0xff, 0xff, 0xff, 0xfc,
    0xff, 0xff, 0xff, 0xff, 0xff, 0xff, 0xfa, 0xff, 0xb1, 0x00, 0x03, 0x00, 0x00, 0x00, 0x00, 0x00,
    0x00, 0x00, 0x00, 0x00, 0x00, 0x00, 0x00, 0x00, 0x04, 0x00, 0x70, 0xff, 0xfe, 0xfc, 0xff, 0xff,
    0xff, 0xff, 0xff, 0xff, 0xff, 0xfd, 0xfb, 0xfc, 0xff, 0xff, 0xff, 0xff, 0xff, 0xff, 0xff, 0xff,
    0xff, 0xff, 0xff, 0xff, 0xff, 0xff, 0xff, 0xff, 0xff, 0xff, 0xff, 0xff, 0xff, 0xff, 0xff, 0xff,
    0xff, 0xff, 0xff, 0xff, 0xff, 0xff, 0xff, 0xff, 0xff, 0xff, 0xff, 0xff, 0xff, 0xff, 0xff, 0xff,
    0xff, 0xff, 0xff, 0xff, 0xff, 0xff, 0xff, 0xff, 0xff, 0xff, 0xff, 0xff, 0xfc, 0xfb, 0xfe, 0xff,
    0xff, 0xff, 0xff, 0xff, 0xff, 0xfb, 0xff, 0xd5, 0x11, 0x02, 0x01, 0x00, 0x00, 0x00, 0x00, 0x00,
    0x00, 0x00, 0x00, 0x00, 0x00, 0x00, 0x00, 0x00, 0x00, 0x04, 0x00, 0x5d, 0xfa, 0xff, 0xfb, 0xfe,
    0xff, 0xff, 0xff, 0xff, 0xff, 0xff, 0xff, 0xff, 0xfe, 0xfe, 0xfe, 0xfe, 0xfe, 0xfe, 0xfe, 0xfe,
    0xfe, 0xfe, 0xfe, 0xfe, 0xfe, 0xfe, 0xfe, 0xfe, 0xfe, 0xfe, 0xfe, 0xfe, 0xfe, 0xfe, 0xfe, 0xfe,
    0xfe, 0xfe, 0xfe, 0xfe, 0xfe, 0xfe, 0xfe, 0xfe, 0xfe, 0xfe, 0xfe, 0xfe, 0xfe, 0xfe, 0xfe, 0xfe,
    0xfe, 0xfe, 0xfe, 0xfe, 0xfe, 0xfe, 0xfe, 0xfe, 0xfe, 0xfe, 0xfe, 0xfe, 0xff, 0xff, 0xff, 0xff,
    0xff, 0xff, 0xff, 0xff, 0xfa, 0xff, 0xdf, 0x20, 0x00, 0x02, 0x00, 0x00, 0x00, 0x00, 0x00, 0x00,
    0x00, 0x00, 0x00, 0x00, 0x00, 0x00, 0x00, 0x00, 0x00, 0x00, 0x04, 0x00, 0x39, 0xd5, 0xff, 0xff,
    0xfc, 0xff, 0xff, 0xff, 0xff, 0xff, 0xff, 0xff, 0xff, 0xff, 0xff, 0xff, 0xff, 0xff, 0xff, 0xff,
    0xff, 0xff, 0xff, 0xff, 0xff, 0xff, 0xff, 0xff, 0xff, 0xff, 0xff, 0xff, 0xff, 0xff, 0xff, 0xff,
    0xff, 0xff, 0xff, 0xff, 0xff, 0xff, 0xff, 0xff, 0xff, 0xff, 0xff, 0xff, 0xff, 0xff, 0xff, 0xff,
    0xff, 0xff, 0xff, 0xff, 0xff, 0xff, 0xff, 0xff, 0xff, 0xff, 0xff, 0xff, 0xff, 0xff, 0xff, 0xff,
    0xff, 0xff, 0xfe, 0xfb, 0xff, 0xd2, 0x20, 0x00, 0x03, 0x00, 0x00, 0x00, 0x00, 0x00, 0x00, 0x00,
    0x00, 0x00, 0x00, 0x00, 0x00, 0x00, 0x00, 0x00, 0x00, 0x00, 0x00, 0x04, 0x00, 0x0e, 0x8d, 0xf9,
    0xff, 0xff, 0xfb, 0xfd, 0xff, 0xff, 0xff, 0xff, 0xff, 0xff, 0xff, 0xff, 0xff, 0xff, 0xff, 0xff,
    0xff, 0xff, 0xff, 0xff, 0xff, 0xff, 0xff, 0xff, 0xff, 0xff, 0xff, 0xff, 0xff, 0xff, 0xff, 0xff,
    0xff, 0xff, 0xff, 0xff, 0xff, 0xff, 0xff, 0xff, 0xff, 0xff, 0xff, 0xff, 0xff, 0xff, 0xff, 0xff,
    0xff, 0xff, 0xff, 0xff, 0xff, 0xff, 0xff, 0xff, 0xff, 0xff, 0xff, 0xff, 0xff, 0xff, 0xff, 0xff,
    0xfd, 0xfb, 0xff, 0xff, 0xaa, 0x11, 0x00, 0x03, 0x00, 0x00, 0x00, 0x00, 0x00, 0x00, 0x00, 0x00,
    0x00, 0x00, 0x00, 0x00, 0x00, 0x00, 0x00, 0x00, 0x00, 0x00, 0x00, 0x00, 0x03, 0x00, 0x00, 0x32,
    0xab, 0xfb, 0xff, 0xff, 0xff, 0xfb, 0xfb, 0xfc, 0xfd, 0xfe, 0xfe, 0xfe, 0xfe, 0xfe, 0xfe, 0xfe,
    0xfe, 0xfe, 0xfe, 0xfe, 0xfe, 0xfe, 0xfe, 0xfe, 0xfe, 0xfe, 0xfe, 0xfe, 0xfe, 0xfe, 0xfe, 0xfe,
    0xfe, 0xfe, 0xfe, 0xfe, 0xfe, 0xfe, 0xfe, 0xfe, 0xfe, 0xfe, 0xfe, 0xfe, 0xfe, 0xfe, 0xfe, 0xfe,
    0xfe, 0xfe, 0xfe, 0xfe, 0xfe, 0xfe, 0xfe, 0xfe, 0xfe, 0xfe, 0xfe, 0xfe, 0xfd, 0xfc, 0xfb, 0xfe,
    0xff, 0xff, 0xe2, 0x61, 0x00, 0x00, 0x02, 0x00, 0x00, 0x00, 0x00, 0x00, 0x00, 0x00, 0x00, 0x00,
    0x00, 0x00, 0x00, 0x00, 0x00, 0x00, 0x00, 0x00, 0x00, 0x00, 0x00, 0x00, 0x00, 0x01, 0x03, 0x00,
    0x00, 0x2f, 0x89, 0xd7, 0xff, 0xff, 0xff, 0xff, 0xff, 0xff, 0xff, 0xff, 0xff, 0xff, 0xff, 0xff,
    0xff, 0xff, 0xff, 0xff, 0xff, 0xff, 0xff, 0xff, 0xff, 0xff, 0xff, 0xff, 0xff, 0xff, 0xff, 0xff,
    0xff, 0xff, 0xff, 0xff, 0xff, 0xff, 0xff, 0xff, 0xff, 0xff, 0xff, 0xff, 0xff, 0xff, 0xff, 0xff,
    0xff, 0xff, 0xff, 0xff, 0xff, 0xff, 0xff, 0xff, 0xff, 0xff, 0xff, 0xff, 0xff, 0xff, 0xff, 0xff,
    0xd7, 0x77, 0x13, 0x00, 0x02, 0x01, 0x00, 0x00, 0x00, 0x00, 0x00, 0x00, 0x00, 0x00, 0x00, 0x00,
    0x00, 0x00, 0x00, 0x00, 0x00, 0x00, 0x00, 0x00, 0x00, 0x00, 0x00, 0x00, 0x00, 0x00, 0x00, 0x02,
    0x02, 0x00, 0x00, 0x04, 0x30, 0x6b, 0x9d, 0xc6, 0xe2, 0xe9, 0xee, 0xee, 0xee, 0xee, 0xee, 0xee,
    0xee, 0xee, 0xee, 0xee, 0xee, 0xee, 0xee, 0xee, 0xee, 0xee, 0xee, 0xee, 0xee, 0xee, 0xee, 0xee,
    0xee, 0xee, 0xee, 0xee, 0xee, 0xee, 0xee, 0xee, 0xee, 0xee, 0xee, 0xee, 0xee, 0xee, 0xee, 0xee,
    0xee, 0xee, 0xee, 0xee, 0xee, 0xee, 0xee, 0xee, 0xee, 0xee, 0xed, 0xe6, 0xd2, 0xb3, 0x7c, 0x3c,
    0x04, 0x00, 0x00, 0x03, 0x00, 0x00, 0x00, 0x00, 0x00, 0x00, 0x00, 0x00, 0x00, 0x00, 0x00, 0x00,
    0x00, 0x00, 0x00, 0x00, 0x00, 0x00, 0x00, 0x00, 0x00, 0x00, 0x00, 0x00, 0x00, 0x00, 0x00, 0x00,
    0x00, 0x02, 0x04, 0x00, 0x00, 0x00, 0x00, 0x00, 0x09, 0x0d, 0x10, 0x11, 0x11, 0x11, 0x11, 0x11,
    0x11, 0x11, 0x11, 0x11, 0x11, 0x11, 0x11, 0x11, 0x11, 0x11, 0x11, 0x11, 0x11, 0x11, 0x11, 0x11,
    0x11, 0x11, 0x11, 0x11, 0x11, 0x11, 0x11, 0x11, 0x11, 0x11, 0x11, 0x11, 0x11, 0x11, 0x11, 0x11,
    0x11, 0x11, 0x11, 0x11, 0x11, 0x11, 0x11, 0x11, 0x11, 0x11, 0x0f, 0x0c, 0x01, 0x00, 0x00, 0x00,
    0x00, 0x04, 0x01, 0x00, 0x00, 0x00, 0x00, 0x00, 0x00, 0x00, 0x00, 0x00, 0x00, 0x00, 0x00, 0x00,
    0x00, 0x00, 0x00, 0x00, 0x00, 0x00, 0x00, 0x00, 0x00, 0x00, 0x00, 0x00, 0x00, 0x00, 0x00, 0x00,
    0x00, 0x00, 0x00, 0x01, 0x02, 0x04, 0x03, 0x01, 0x00, 0x00, 0x00, 0x00, 0x00, 0x00, 0x00, 0x00,
    0x00, 0x00, 0x00, 0x00, 0x00, 0x00, 0x00, 0x00, 0x00, 0x00, 0x00, 0x00, 0x00, 0x00, 0x00, 0x00,
    0x00, 0x00, 0x00, 0x00, 0x00, 0x00, 0x00, 0x00, 0x00, 0x00, 0x00, 0x00, 0x00, 0x00, 0x00, 0x00,
    0x00, 0x00, 0x00, 0x00, 0x00, 0x00, 0x00, 0x00, 0x00, 0x00, 0x00, 0x00, 0x00, 0x03, 0x04, 0x03,
    0x01, 0x00, 0x00, 0x00, 0x00, 0x00, 0x00, 0x00, 0x00, 0x00, 0x00, 0x00, 0x00, 0x00, 0x00, 0x00,
    0x00, 0x00, 0x00, 0x00, 0x00, 0x00, 0x00, 0x00, 0x00, 0x00, 0x00, 0x00, 0x00, 0x00, 0x00, 0x00,
    0x00, 0x00, 0x00, 0x00, 0x00, 0x00, 0x00, 0x00, 0x01, 0x01, 0x01, 0x01, 0x01, 0x01, 0x01, 0x01,
    0x01, 0x01, 0x01, 0x01, 0x01, 0x01, 0x01, 0x01, 0x01, 0x01, 0x01, 0x01, 0x01, 0x01, 0x01, 0x01,
    0x01, 0x01, 0x01, 0x01, 0x01, 0x01, 0x01, 0x01, 0x01, 0x01, 0x01, 0x01, 0x01, 0x01, 0x01, 0x01,
    0x01, 0x01, 0x01, 0x01, 0x01, 0x01, 0x01, 0x01, 0x01, 0x01, 0x01, 0x01, 0x01, 0x00, 0x00, 0x00,
    0x00, 0x00, 0x00, 0x00, 0x00, 0x00, 0x00, 0x00, 0x00, 0x00, 0x00, 0x00, 0x00, 0x00, 0x00, 0x00,
    0x00, 0x00, 0x00, 0x00, 0x00, 0x00, 0x00, 0x00, 0x00, 0x00, 0x00, 0x00, 0x00, 0x00, 0x00, 0x00,
    0x00, 0x00, 0x00, 0x00, 0x00, 0x00, 0x00, 0x00, 0x00, 0x00, 0x00, 0x00, 0x00, 0x00, 0x00, 0x00,
    0x00, 0x00, 0x00, 0x00, 0x00, 0x00, 0x00, 0x00, 0x00, 0x00, 0x00, 0x00, 0x00, 0x00, 0x00, 0x00,
    0x00, 0x00, 0x00, 0x00, 0x00, 0x00, 0x00, 0x00, 0x00, 0x00, 0x00, 0x00, 0x00, 0x00, 0x00, 0x00,
    0x00, 0x00, 0x00, 0x00, 0x00, 0x00, 0x00, 0x00, 0x00, 0x00, 0x00, 0x00, 0x00, 0x00, 0x00, 0x00,
    0x00, 0x00, 0x00, 0x00, 0x00, 0x00, 0x00, 0x00, 0x00, 0x00, 0x00, 0x00, 0x00, 0x00, 0x00, 0x00,
    0x00, 0x00, 0x00, 0x00, 0x00, 0x00, 0x00, 0x00, 0x00, 0x00, 0x00, 0x00, 0x00, 0x00, 0x00, 0x00,
    0x00, 0x00, 0x00, 0x00, 0x00, 0x00, 0x00, 0x00, 0x00, 0x00, 0x00, 0x00, 0x00, 0x00, 0x00, 0x00,
    0x00, 0x00, 0x00, 0x00, 0x00, 0x00, 0x00, 0x00, 0x00, 0x00, 0x00, 0x00, 0x00, 0x00, 0x00, 0x00,
    0x00, 0x00, 0x00, 0x00, 0x00, 0x00, 0x00, 0x00, 0x00, 0x00, 0x00, 0x00, 0x00, 0x00, 0x00, 0x00,
    0x00, 0x00, 0x00, 0x00, 0x00, 0x00, 0x00, 0x00, 0x00, 0x00, 0x00, 0x00, 0x00, 0x00, 0x00, 0x00,
    0x00, 0x00, 0x00, 0x00, 0x00, 0x00, 0x00, 0x00, 0x00, 0x00, 0x00, 0x00, 0x00, 0x00, 0x00, 0x00,
    0x00, 0x00, 0x00, 0x00, 0x00, 0x00, 0x00, 0x00, 0x00, 0x00, 0x00, 0x00, 0x00, 0x00, 0x00, 0x00,
    0x00, 0x00, 0x00, 0x00, 0x00, 0x00, 0x00, 0x00, 0x00, 0x00, 0x00, 0x00, 0x00, 0x00, 0x00, 0x00,
    0x00, 0x00, 0x00, 0x00, 0x00, 0x00, 0x00, 0x00, 0x00, 0x00, 0x00, 0x00, 0x00, 0x00, 0x00, 0x00,
    0x00, 0x00, 0x00, 0x00, 0x00, 0x00, 0x00, 0x00, 0x00, 0x00, 0x00, 0x00, 0x00, 0x00, 0x00, 0x00,
    0x00, 0x00, 0x00, 0x00, 0x00, 0x00, 0x00, 0x00, 0x00, 0x00, 0x00, 0x00, 0x00, 0x00, 0x00, 0x00,
    0x00, 0x00, 0x00, 0x00, 0x00, 0x00, 0x00, 0x00, 0x00, 0x00, 0x00, 0x00, 0x00, 0x00, 0x00, 0x00,
    0x00, 0x00, 0x00, 0x00, 0x00, 0x00, 0x00, 0x00, 0x00, 0x00, 0x00, 0x00, 0x00, 0x00, 0x00, 0x00,
    0x00, 0x00, 0x00, 0x00, 0x00, 0x00, 0x00, 0x00, 0x00, 0x00, 0x00, 0x00, 0x00, 0x00, 0x00, 0x00,
    0x00, 0x00, 0x00, 0x00, 0x00, 0x00, 0x00, 0x00, 0x00, 0x00, 0x00, 0x00, 0x00, 0x00, 0x00, 0x00,
    0x00, 0x00, 0x00, 0x00, 0x00, 0x00, 0x00, 0x00, 0x00, 0x00, 0x00, 0x00, 0x00, 0x00, 0x00, 0x00,
    0x00, 0x00, 0x00, 0x00, 0x00, 0x00, 0x00, 0x00, 0x00, 0x00, 0x00, 0x00, 0x00, 0x00, 0x00, 0x00,
    0x00, 0x00, 0x00, 0x00, 0x00, 0x00, 0x00, 0x00, 0x00, 0x00, 0x00, 0x00, 0x00, 0x00, 0x00, 0x00,
    0x00, 0x00, 0x00, 0x00, 0x00, 0x00, 0x00, 0x00, 0x00, 0x00, 0x00, 0x00, 0x00, 0x00, 0x00, 0x00,
    0x00, 0x00, 0x00, 0x00, 0x00, 0x00, 0x00, 0x00, 0x00, 0x00, 0x00, 0x00, 0x00, 0x00, 0x00, 0x00,
    0x00, 0x00, 0x00, 0x00, 0x00, 0x00, 0x00, 0x00, 0x00, 0x00, 0x00, 0x00, 0x00, 0x00, 0x00, 0x00,
    0x00, 0x00, 0x00, 0x00, 0x00, 0x00, 0x00, 0x00, 0x00, 0x00, 0x00, 0x00, 0x00, 0x00, 0x00, 0x00,
    0x00, 0x00, 0x00, 0x00, 0x00, 0x00, 0x00, 0x00, 0x00, 0x00, 0x00, 0x00, 0x00, 0x00, 0x00, 0x00,
    0x00, 0x00, 0x00, 0x00, 0x00, 0x00, 0x00, 0x00, 0x00, 0x00, 0x00, 0x00, 0x00, 0x00, 0x00, 0x00,
    0x00, 0x00, 0x00, 0x00, 0x00, 0x00, 0x00, 0x00, 0x00, 0x00, 0x00, 0x00, 0x00, 0x00, 0x00, 0x00,
    0x00, 0x00, 0x00, 0x00, 0x00, 0x00, 0x00, 0x00, 0x00, 0x00, 0x00, 0x00, 0x00, 0x00, 0x00, 0x00,
    0x00, 0x00, 0x00, 0x00, 0x00, 0x00, 0x00, 0x00, 0x00, 0x00, 0x00, 0x00, 0x00, 0x00, 0x00, 0x00,
    0x00, 0x00, 0x00, 0x00, 0x00, 0x00, 0x00, 0x00, 0x00, 0x00, 0x00, 0x00, 0x00, 0x00, 0x00, 0x00,
    0x00, 0x00, 0x00, 0x00, 0x00, 0x00, 0x00, 0x00, 0x00, 0x00, 0x00, 0x00, 0x00, 0x00, 0x00, 0x00,
    0x00, 0x00, 0x00, 0x00, 0x00, 0x00, 0x00, 0x00, 0x00, 0x00, 0x00, 0x00, 0x00, 0x00, 0x00, 0x00,
    0x00, 0x00, 0x00, 0x00, 0x00, 0x00, 0x00, 0x00, 0x00, 0x00, 0x00, 0x00, 0x00, 0x00, 0x00, 0x00,
    0x00, 0x00, 0x00, 0x00, 0x00, 0x00, 0x00, 0x00, 0x00, 0x00, 0x00, 0x00, 0x00, 0x00, 0x00, 0x00,
    0x00, 0x00, 0x00, 0x00, 0x00, 0x00, 0x00, 0x00, 0x00, 0x00, 0x00, 0x00, 0x00, 0x00, 0x00, 0x00,
    0x00, 0x00, 0x00, 0x00, 0x00, 0x00, 0x00, 0x00, 0x00, 0x00, 0x00, 0x00, 0x00, 0x00, 0x00, 0x00,
    0x00, 0x00, 0x00, 0x00, 0x00, 0x00, 0x00, 0x00, 0x00, 0x00, 0x00, 0x00, 0x00, 0x00, 0x00, 0x00,
    0x00, 0x00, 0x00, 0x00, 0x00, 0x00, 0x00, 0x00, 0x00, 0x00, 0x00, 0x00, 0x00, 0x00, 0x00, 0x00,
    0x00, 0x00, 0x00, 0x00, 0x00, 0x00, 0x00, 0x00, 0x00, 0x00, 0x00, 0x00, 0x00, 0x00, 0x00, 0x00,
    0x00, 0x00, 0x00, 0x00, 0x00, 0x00, 0x00, 0x00, 0x00, 0x00, 0x00, 0x00, 0x00, 0x00, 0x00, 0x00,
    0x00, 0x00, 0x00, 0x00, 0x00, 0x00, 0x00, 0x00, 0x00, 0x00, 0x00, 0x00, 0x00, 0x00, 0x00, 0x00,
    0x00, 0x00, 0x00, 0x00, 0x00, 0x00, 0x00, 0x00, 0x00, 0x00, 0x00, 0x00, 0x00, 0x00, 0x00, 0x00,
    0x00, 0x00, 0x00, 0x00, 0x00, 0x00, 0x00, 0x00, 0x00, 0x00, 0x00, 0x00, 0x00, 0x00, 0x00, 0x00,
    0x00, 0x00, 0x00, 0x00, 0x00, 0x00, 0x00, 0x00, 0x00, 0x00, 0x00, 0x00, 0x00, 0x00, 0x00, 0x00,
    0x00, 0x00, 0x00, 0x00, 0x00, 0x00, 0x00, 0x00, 0x00, 0x00, 0x00, 0x00, 0x00, 0x00, 0x00, 0x00,
    0x00, 0x00, 0x00, 0x00, 0x00, 0x00, 0x00, 0x00, 0x00, 0x00, 0x00, 0x00, 0x00, 0x00, 0x00, 0x00,
    0x00, 0x00, 0x00, 0x00, 0x00, 0x00, 0x00, 0x00, 0x00, 0x00, 0x00, 0x00, 0x00, 0x00, 0x00, 0x00,
    0x00, 0x00, 0x00, 0x00, 0x00, 0x00, 0x00, 0x00, 0x00, 0x00, 0x00, 0x00, 0x00, 0x00, 0x00, 0x00,
    0x00, 0x00, 0x00, 0x00, 0x00, 0x00, 0x00, 0x00, 0x00, 0x00, 0x00, 0x00, 0x00, 0x00, 0x00, 0x00,
    0x00, 0x00, 0x00, 0x00, 0x00, 0x00, 0x00, 0x00, 0x00, 0x00, 0x00, 0x00, 0x00, 0x00, 0x00, 0x00,
    0x00, 0x00, 0x00, 0x00, 0x00, 0x00, 0x00, 0x00, 0x00, 0x00, 0x00, 0x00, 0x00, 0x00, 0x00, 0x00,
    0x00, 0x00, 0x00, 0x00, 0x00, 0x00, 0x00, 0x00, 0x00, 0x00, 0x00, 0x00, 0x00, 0x00, 0x00, 0x00,
    0x00, 0x00, 0x00, 0x00, 0x00, 0x00, 0x00, 0x00, 0x00, 0x00, 0x00, 0x00, 0x00, 0x00, 0x00, 0x00,
    0x00, 0x00, 0x00, 0x00, 0x00, 0x00, 0x00, 0x00, 0x00, 0x00, 0x00, 0x00, 0x00, 0x00, 0x00, 0x00,
    0x00, 0x00, 0x00, 0x00, 0x00, 0x00, 0x00, 0x00, 0x00, 0x00, 0x00, 0x00, 0x00, 0x00, 0x00, 0x00,
    0x00, 0x00, 0x00, 0x00, 0x00, 0x00, 0x00, 0x00, 0x00, 0x00, 0x00, 0x00, 0x00, 0x00, 0x00, 0x00,
    0x00, 0x00, 0x00, 0x00, 0x00, 0x00, 0x00, 0x00, 0x00, 0x00, 0x00, 0x00, 0x00, 0x00, 0x00, 0x00,
    0x00, 0x00, 0x00, 0x00, 0x00, 0x00, 0x00, 0x00, 0x00, 0x00, 0x00, 0x00, 0x00, 0x00, 0x00, 0x00,
    0x00, 0x00, 0x00, 0x00, 0x00, 0x00, 0x00, 0x00, 0x00, 0x00, 0x00, 0x00, 0x00, 0x00, 0x00, 0x00,
    0x00, 0x00, 0x00, 0x00, 0x00, 0x00, 0x00, 0x00, 0x00, 0x00, 0x00, 0x00, 0x00, 0x00, 0x00, 0x00,
    0x00, 0x00, 0x00, 0x00, 0x00, 0x00, 0x00, 0x00, 0x00, 0x00, 0x00, 0x00, 0x00, 0x00, 0x00, 0x00,
    0x00, 0x00, 0x00, 0x00, 0x00, 0x00, 0x00, 0x00, 0x00, 0x00, 0x00, 0x00, 0x00, 0x00, 0x00, 0x00,
    0x00, 0x00, 0x00, 0x00, 0x00, 0x00, 0x00, 0x00, 0x00, 0x00, 0x00, 0x00, 0x00, 0x00, 0x00, 0x00,
    0x00, 0x00, 0x00, 0x00, 0x00, 0x00, 0x00, 0x00, 0x00, 0x00, 0x00, 0x00, 0x00, 0x00, 0x00, 0x00,
    0x00, 0x00, 0x00, 0x00, 0x00, 0x00, 0x00, 0x00, 0x00, 0x00, 0x00, 0x00, 0x00, 0x00, 0x00, 0x00,
    0x00, 0x00, 0x00, 0x00, 0x00, 0x00, 0x00, 0x00, 0x00, 0x00, 0x00, 0x00, 0x00, 0x00, 0x00, 0x00,
    0x00, 0x00, 0x00, 0x00, 0x00, 0x00, 0x00, 0x00, 0x00, 0x00, 0x00, 0x00, 0x00, 0x00, 0x00, 0x00,
    0x00, 0x00, 0x00, 0x00, 0x00, 0x00, 0x00, 0x00, 0x00, 0x00, 0x00, 0x00, 0x00, 0x00, 0x00, 0x00,
    0x00, 0x00, 0x00, 0x00, 0x00, 0x00, 0x00, 0x00, 0x00, 0x00, 0x00, 0x00, 0x00, 0x00, 0x00, 0x00,
    0x00, 0x00, 0x00, 0x00, 0x00, 0x00, 0x00, 0x00, 0x00, 0x00, 0x00, 0x00, 0x00, 0x00, 0x00, 0x00,
    0x00, 0x00, 0x00, 0x00, 0x00, 0x00, 0x00, 0x00, 0x00, 0x00, 0x00, 0x00, 0x00, 0x00, 0x00, 0x00,
    0x00, 0x00, 0x00, 0x00, 0x00, 0x00, 0x00, 0x00, 0x00, 0x00, 0x00, 0x00, 0x00, 0x00, 0x00, 0x00,
    0x00, 0x00, 0x00, 0x00, 0x00, 0x00, 0x00, 0x00, 0x00, 0x00, 0x00, 0x00, 0x00, 0x00, 0x00, 0x00,
    0x00, 0x00, 0x00, 0x00, 0x00, 0x00, 0x00, 0x00, 0x00, 0x00, 0x00, 0x00, 0x00, 0x00, 0x00, 0x00,
    0x00, 0x00, 0x00, 0x00, 0x00, 0x00, 0x00, 0x00, 0x00, 0x00, 0x00, 0x00, 0x00, 0x00, 0x00, 0x00,
    0x00, 0x00, 0x00, 0x00, 0x00, 0x00, 0x00, 0x00, 0x00, 0x00, 0x00, 0x00, 0x00, 0x00, 0x00, 0x00,
    0x00, 0x00, 0x00, 0x00, 0x00, 0x00, 0x00, 0x00, 0x00, 0x00, 0x00, 0x00, 0x00, 0x00, 0x00, 0x00,
    0x00, 0x00, 0x00, 0x00, 0x00, 0x00, 0x00, 0x00, 0x00, 0x00, 0x00, 0x00, 0x00, 0x00, 0x00, 0x00,
    0x00, 0x00, 0x00, 0x00, 0x00, 0x00, 0x00, 0x00, 0x00, 0x00, 0x00, 0x00, 0x00, 0x00, 0x00, 0x00,
    0x00, 0x00, 0x00, 0x00, 0x00, 0x00, 0x00, 0x00, 0x00, 0x00, 0x00, 0x00, 0x00, 0x00, 0x00, 0x00,
    0x00, 0x00, 0x00, 0x00, 0x00, 0x00, 0x00, 0x00, 0x00, 0x00, 0x00, 0x00, 0x00, 0x00, 0x00, 0x00,
    0x00, 0x00, 0x00, 0x00, 0x00, 0x00, 0x00, 0x00, 0x00, 0x00, 0x00, 0x00, 0x00, 0x00, 0x00, 0x00,
    0x00, 0x00, 0x00, 0x00, 0x00, 0x00, 0x00, 0x00, 0x00, 0x00, 0x00, 0x00, 0x00, 0x00, 0x00, 0x00,
    0x00, 0x00, 0x00, 0x00, 0x00, 0x00, 0x00, 0x00, 0x00, 0x00, 0x00, 0x00, 0x00, 0x00, 0x00, 0x00,
    0x00, 0x00, 0x00, 0x00, 0x00, 0x00, 0x00, 0x00, 0x00, 0x00, 0x00, 0x00, 0x00, 0x00, 0x00, 0x00,
    0x00, 0x00, 0x00, 0x00, 0x00, 0x00, 0x00, 0x00, 0x00, 0x00, 0x00, 0x00, 0x00, 0x00, 0x00, 0x00,
    0x00, 0x00, 0x00, 0x00, 0x00, 0x00, 0x00, 0x00, 0x00, 0x00, 0x00, 0x00, 0x00, 0x00, 0x00, 0x00,
    0x00, 0x00, 0x00, 0x00, 0x00, 0x00, 0x00, 0x00, 0x00, 0x00, 0x00, 0x00, 0x00, 0x00, 0x00, 0x00,
    0x00, 0x00, 0x00, 0x00, 0x00, 0x00, 0x00, 0x00, 0x00, 0x00, 0x00, 0x00, 0x00, 0x00, 0x00, 0x00,
    0x00, 0x00, 0x00, 0x00, 0x00, 0x00, 0x00, 0x00, 0x00, 0x00, 0x00, 0x00, 0x00, 0x00, 0x00, 0x00,
    0x00, 0x00, 0x00, 0x00, 0x00, 0x00, 0x00, 0x00, 0x00, 0x00, 0x00, 0x00, 0x00, 0x00, 0x00, 0x00,
    0x00, 0x00, 0x00, 0x00, 0x00, 0x00, 0x00, 0x00, 0x00, 0x00, 0x00, 0x00, 0x00, 0x00, 0x00, 0x00,
    0x00, 0x00, 0x00, 0x00, 0x00, 0x00, 0x00, 0x00, 0x00, 0x00, 0x00, 0x00, 0x00, 0x00, 0x00, 0x00,
    0x00, 0x00, 0x00, 0x00, 0x00, 0x00, 0x00, 0x00, 0x00, 0x00, 0x00, 0x00, 0x00, 0x00, 0x00, 0x00,
    0x00, 0x00, 0x00, 0x00, 0x00, 0x00, 0x00, 0x00, 0x00, 0x00, 0x00, 0x00, 0x00, 0x00, 0x00, 0x00,
    0x00, 0x00, 0x00, 0x00, 0x00, 0x00, 0x00, 0x00, 0x00, 0x00, 0x00, 0x00, 0x00, 0x00, 0x00, 0x00,
    0x00, 0x00, 0x00, 0x00, 0x00, 0x00, 0x00, 0x00, 0x00, 0x00, 0x00, 0x00, 0x00, 0x00, 0x00, 0x00,
    0x00, 0x00, 0x00, 0x00, 0x00, 0x00, 0x00, 0x00, 0x00, 0x00, 0x00, 0x00, 0x00, 0x00, 0x00, 0x00,
};

/* cloud-fog 16px */
static const uint8_t icon_cloud_fog_16_map[] = {
    0x00, 0x00, 0x00, 0x00, 0x01, 0x00, 0x00, 0x00, 0x00, 0x00, 0x00, 0x02, 0x00, 0x00, 0x00, 0x00,
    0x00, 0x00, 0x00, 0x02, 0x00, 0x07, 0x62, 0xb4, 0xcc, 0xa9, 0x49, 0x00, 0x01, 0x00, 0x00, 0x00,
    0x00, 0x00, 0x05, 0x00, 0x1a, 0xcf, 0xff, 0xe7, 0xcd, 0xf6, 0xff, 0x90, 0x00, 0x02, 0x00, 0x00,
    0x00, 0x01, 0x00, 0x09, 0xb3, 0xff, 0x52, 0x01, 0x00, 0x0e, 0x9a, 0xff, 0x5c, 0x03, 0x06, 0x00,
    0x02, 0x00, 0x74, 0xee, 0xff, 0x88, 0x00, 0x02, 0x03, 0x00, 0x00, 0xdf, 0xc5, 0x00, 0x00, 0x02,
    0x00, 0x7a, 0xff, 0xca, 0x72, 0x10, 0x03, 0x02, 0x00, 0x04, 0x00, 0xc6, 0xff, 0xa9, 0x37, 0x00,
    0x1a, 0xfa, 0xba, 0x00, 0x00, 0x00, 0x00, 0x00, 0x00, 0x02, 0x01, 0x7d, 0xcd, 0xff, 0xf7, 0x35,
    0x43, 0xff, 0x56, 0x03, 0x0a, 0x03, 0x02, 0x02, 0x02, 0x02, 0x02, 0x00, 0x00, 0x2f, 0xf4, 0xba,
    0x2d, 0xff, 0x87, 0x00, 0x00, 0x00, 0x00, 0x00, 0x00, 0x00, 0x00, 0x00, 0x00, 0x00, 0xd6, 0xdd,
    0x02, 0xbc, 0xff, 0x6d, 0x2c, 0x26, 0x25, 0x25, 0x25, 0x25, 0x25, 0x27, 0x28, 0x6f, 0xff, 0x90,
    0x01, 0x19, 0xc9, 0xff, 0xff, 0xff, 0xff, 0xff, 0xff, 0xff, 0xff, 0xff, 0xff, 0xff, 0xc4, 0x11,
    0x01, 0x00, 0x00, 0x31, 0x5a, 0x5f, 0x5e, 0x5f, 0x5f, 0x5f, 0x5f, 0x5e, 0x61, 0x51, 0x06, 0x00,
    0x01, 0x01, 0x1f, 0x61, 0x5f, 0x5e, 0x5f, 0x5f, 0x5f, 0x5f, 0x5e, 0x5e, 0x5c, 0x10, 0x00, 0x02,
    0x04, 0x00, 0x62, 0xff, 0xff, 0xff, 0xff, 0xff, 0xff, 0xff, 0xff, 0xff, 0xff, 0x64, 0x01, 0x04,
    0x00, 0x00, 0x02, 0x22, 0x25, 0x24, 0x25, 0x25, 0x25, 0x25, 0x24, 0x25, 0x22, 0x02, 0x00, 0x00,
    0x00, 0x00, 0x00, 0x00, 0x00, 0x00, 0x00, 0x00, 0x00, 0x00, 0x00, 0x00, 0x00, 0x00, 0x00, 0x00,
};

/* cloud-fog 24px */
static const uint8_t icon_cloud_fog_24_map[] = {
    0x00, 0x00, 0x00, 0x00, 0x00, 0x00, 0x00, 0x00, 0x01, 0x04, 0x02, 0x00, 0x00, 0x00, 0x02, 0x04,
    0x01, 0x00, 0x00, 0x00, 0x00, 0x00, 0x00, 0x00, 0x00, 0x00, 0x00, 0x00, 0x00, 0x00, 0x00, 0x01,
    0x00, 0x00, 0x00, 0x0f, 0x17, 0x0c, 0x00, 0x00, 0x00, 0x01, 0x00, 0x00, 0x00, 0x00, 0x00, 0x00,
    0x00, 0x00, 0x00, 0x00, 0x00, 0x00, 0x01, 0x00, 0x01, 0x5f, 0xbb, 0xee, 0xf9, 0xe9, 0xbb, 0x65,
    0x05, 0x00, 0x02, 0x00, 0x00, 0x00, 0x00, 0x00, 0x00, 0x00, 0x00, 0x00, 0x00, 0x02, 0x00, 0x1c,
    0xbc, 0xff, 0xff, 0xfc, 0xed, 0xff, 0xff, 0xff, 0xc3, 0x1c, 0x00, 0x02, 0x00, 0x00, 0x00, 0x00,
    0x00, 0x00, 0x00, 0x01, 0x04, 0x03, 0x0b, 0xd0, 0xff, 0xd4, 0x61, 0x20, 0x0f, 0x24, 0x68, 0xdd,
    0xff, 0xcd, 0x0b, 0x02, 0x01, 0x00, 0x00, 0x00, 0x00, 0x00, 0x01, 0x00, 0x00, 0x00, 0x7c, 0xff,
    0xc6, 0x11, 0x00, 0x00, 0x00, 0x00, 0x00, 0x19, 0xcf, 0xff, 0x7b, 0x00, 0x04, 0x00, 0x00, 0x00,
    0x00, 0x01, 0x00, 0x07, 0x72, 0xc1, 0xfa, 0xff, 0x39, 0x00, 0x07, 0x01, 0x01, 0x02, 0x06, 0x00,
    0x3f, 0xfe, 0xdc, 0x03, 0x02, 0x03, 0x00, 0x00, 0x01, 0x01, 0x12, 0xc1, 0xff, 0xff, 0xf5, 0xbf,
    0x04, 0x02, 0x00, 0x00, 0x00, 0x00, 0x01, 0x01, 0x06, 0xe3, 0xfc, 0x24, 0x00, 0x00, 0x02, 0x00,
    0x02, 0x02, 0xb7, 0xff, 0xd5, 0x4e, 0x1a, 0x04, 0x00, 0x00, 0x00, 0x00, 0x00, 0x00, 0x01, 0x00,
    0x0c, 0xeb, 0xff, 0xe7, 0xb6, 0x3f, 0x00, 0x02, 0x00, 0x4c, 0xff, 0xe0, 0x1c, 0x00, 0x00, 0x00,
    0x00, 0x00, 0x00, 0x00, 0x00, 0x00, 0x01, 0x01, 0x08, 0xc0, 0xee, 0xfd, 0xff, 0xfd, 0x55, 0x00,
    0x00, 0x95, 0xfe, 0x72, 0x00, 0x07, 0x01, 0x01, 0x00, 0x00, 0x00, 0x00, 0x00, 0x00, 0x00, 0x00,
    0x00, 0x02, 0x12, 0x23, 0x90, 0xff, 0xec, 0x19, 0x00, 0xa9, 0xff, 0x4a, 0x03, 0x03, 0x00, 0x00,
    0x00, 0x00, 0x00, 0x00, 0x00, 0x00, 0x00, 0x00, 0x00, 0x00, 0x00, 0x00, 0x00, 0xc0, 0xff, 0x62,
    0x00, 0x92, 0xfe, 0x71, 0x00, 0x07, 0x01, 0x01, 0x01, 0x01, 0x01, 0x01, 0x01, 0x01, 0x01, 0x01,
    0x01, 0x02, 0x02, 0x08, 0x03, 0x81, 0xfd, 0x7f, 0x00, 0x48, 0xff, 0xdd, 0x1b, 0x00, 0x00, 0x00,
    0x00, 0x00, 0x00, 0x00, 0x00, 0x00, 0x00, 0x00, 0x00, 0x00, 0x00, 0x00, 0x00, 0xba, 0xff, 0x67,
    0x02, 0x02, 0xb7, 0xff, 0xda, 0x5b, 0x1a, 0x11, 0x10, 0x0f, 0x0f, 0x0f, 0x0f, 0x0f, 0x0f, 0x0f,
    0x0f, 0x10, 0x11, 0x27, 0x90, 0xff, 0xec, 0x1a, 0x01, 0x01, 0x12, 0xba, 0xff, 0xff, 0xfa, 0xf3,
    0xf3, 0xf3, 0xf3, 0xf3, 0xf3, 0xf3, 0xf3, 0xf3, 0xf3, 0xf3, 0xf3, 0xff, 0xff, 0xfe, 0x54, 0x00,
    0x00, 0x01, 0x00, 0x02, 0x62, 0xbc, 0xe8, 0xf3, 0xf4, 0xf4, 0xf4, 0xf4, 0xf4, 0xf4, 0xf4, 0xf4,
    0xf4, 0xf4, 0xf3, 0xe8, 0xb6, 0x40, 0x00, 0x02, 0x00, 0x00, 0x01, 0x00, 0x00, 0x00, 0x06, 0x0b,
    0x0b, 0x0b, 0x0b, 0x0b, 0x0b, 0x0b, 0x0b, 0x0b, 0x0b, 0x0b, 0x0b, 0x0c, 0x00, 0x00, 0x02, 0x00,
    0x00, 0x00, 0x00, 0x00, 0x04, 0x11, 0x0c, 0x0b, 0x0b, 0x0b, 0x0b, 0x0b, 0x0b, 0x0b, 0x0b, 0x0b,
    0x0b, 0x0b, 0x0b, 0x00, 0x00, 0x03, 0x00, 0x00, 0x00, 0x01, 0x00, 0x07, 0xc7, 0xf3, 0xf2, 0xf4,
    0xf4, 0xf4, 0xf4, 0xf4, 0xf4, 0xf4, 0xf4, 0xf4, 0xf4, 0xf2, 0xf4, 0xc8, 0x08, 0x00, 0x01, 0x00,
    0x00, 0x01, 0x00, 0x07, 0xc7, 0xf3, 0xf1, 0xf3, 0xf3, 0xf3, 0xf3, 0xf3, 0xf3, 0xf3, 0xf3, 0xf3,
    0xf3, 0xf1, 0xf3, 0xc7, 0x07, 0x00, 0x01, 0x00, 0x00, 0x00, 0x00, 0x00, 0x01, 0x0f, 0x0f, 0x0f,
    0x0f, 0x0f, 0x0f, 0x0f, 0x0f, 0x0f, 0x0f, 0x0f, 0x0f, 0x0f, 0x0f, 0x01, 0x00, 0x00, 0x00, 0x00,
    0x00, 0x00, 0x00, 0x00, 0x00, 0x00, 0x00, 0x00, 0x00, 0x00, 0x00, 0x00, 0x00, 0x00, 0x00, 0x00,
    0x00, 0x00, 0x00, 0x00, 0x00, 0x00, 0x00, 0x00, 0x00, 0x00, 0x00, 0x00, 0x01, 0x01, 0x01, 0x01,
    0x01, 0x01, 0x01, 0x01, 0x01, 0x01, 0x01, 0x01, 0x01, 0x01, 0x01, 0x01, 0x00, 0x00, 0x00, 0x00,
};

/* cloud-fog 40px */
static const uint8_t icon_cloud_fog_40_map[] = {
    0x00, 0x00, 0x00, 0x00, 0x00, 0x00, 0x00, 0x00, 0x00, 0x00, 0x00, 0x00, 0x00, 0x00, 0x00, 0x00,
    0x00, 0x00, 0x00, 0x00, 0x00, 0x00, 0x00, 0x00, 0x00, 0x00, 0x00, 0x00, 0x00, 0x00, 0x00, 0x00,
    0x00, 0x00, 0x00, 0x00, 0x00, 0x00, 0x00, 0x00, 0x00, 0x00, 0x00, 0x00, 0x00, 0x00, 0x00, 0x00,
    0x00, 0x00, 0x00, 0x00, 0x00, 0x00, 0x00, 0x00, 0x01, 0x03, 0x04, 0x03, 0x02, 0x03, 0x03, 0x04,
    0x02, 0x00, 0x00, 0x00, 0x00, 0x00, 0x00, 0x00, 0x00, 0x00, 0x00, 0x00, 0x00, 0x00, 0x00, 0x00,
    0x00, 0x00, 0x00, 0x00, 0x00, 0x00, 0x00, 0x00, 0x00, 0x00, 0x00, 0x00, 0x00, 0x00, 0x01, 0x03,
    0x00, 0x00, 0x00, 0x00, 0x00, 0x00, 0x00, 0x00, 0x00, 0x00, 0x03, 0x00, 0x00, 0x00, 0x00, 0x00,
    0x00, 0x00, 0x00, 0x00, 0x00, 0x00, 0x00, 0x00, 0x00, 0x00, 0x00, 0x00, 0x00, 0x00, 0x00, 0x00,
    0x00, 0x00, 0x00, 0x00, 0x00, 0x02, 0x00, 0x00, 0x08, 0x42, 0x7c, 0xa4, 0xb9, 0xb4, 0x9a, 0x6b,
    0x2e, 0x00, 0x00, 0x01, 0x01, 0x00, 0x00, 0x00, 0x00, 0x00, 0x00, 0x00, 0x00, 0x00, 0x00, 0x00,
    0x00, 0x00, 0x00, 0x00, 0x00, 0x00, 0x00, 0x00, 0x00, 0x00, 0x00, 0x00, 0x03, 0x00, 0x0d, 0x7d,
    0xdc, 0xff, 0xff, 0xff, 0xff, 0xff, 0xff, 0xff, 0xfe, 0xc2, 0x53, 0x00, 0x00, 0x02, 0x00, 0x00,
    0x00, 0x00, 0x00, 0x00, 0x00, 0x00, 0x00, 0x00, 0x00, 0x00, 0x00, 0x00, 0x00, 0x00, 0x00, 0x00,
    0x00, 0x00, 0x00, 0x04, 0x00, 0x39, 0xd5, 0xff, 0xff, 0xfc, 0xff, 0xff, 0xff, 0xff, 0xff, 0xff,
    0xfc, 0xff, 0xff, 0xb0, 0x14, 0x00, 0x02, 0x00, 0x00, 0x00, 0x00, 0x00, 0x00, 0x00, 0x00, 0x00,
    0x00, 0x00, 0x00, 0x00, 0x00, 0x00, 0x00, 0x00, 0x00, 0x00, 0x03, 0x00, 0x56, 0xfb, 0xff, 0xf8,
    0xff, 0xff, 0xdb, 0xaa, 0x92, 0xa0, 0xc5, 0xf2, 0xff, 0xff, 0xf9, 0xff, 0xd4, 0x15, 0x00, 0x02,
    0x00, 0x00, 0x00, 0x00, 0x00, 0x00, 0x00, 0x00, 0x00, 0x00, 0x00, 0x00, 0x00, 0x00, 0x00, 0x00,
    0x00, 0x03, 0x00, 0x39, 0xf9, 0xfe, 0xfa, 0xff, 0xc1, 0x4a, 0x08, 0x00, 0x00, 0x00, 0x00, 0x1b,
    0x70, 0xe8, 0xff, 0xf7, 0xff, 0xc1, 0x05, 0x03, 0x01, 0x00, 0x00, 0x00, 0x00, 0x00, 0x00, 0x00,
    0x00, 0x00, 0x00, 0x00, 0x00, 0x00, 0x00, 0x02, 0x05, 0x04, 0x06, 0xd3, 0xff, 0xf9, 0xff, 0x83,
    0x00, 0x00, 0x00, 0x03, 0x04, 0x03, 0x01, 0x00, 0x00, 0x1e, 0xc7, 0xff, 0xf8, 0xff, 0x79, 0x00,
    0x03, 0x00, 0x00, 0x00, 0x00, 0x00, 0x00, 0x00, 0x00, 0x00, 0x00, 0x00, 0x00, 0x01, 0x03, 0x00,
    0x00, 0x00, 0x5b, 0xff, 0xf9, 0xff, 0x8a, 0x00, 0x03, 0x04, 0x01, 0x00, 0x00, 0x00, 0x00, 0x01,
    0x05, 0x00, 0x12, 0xd5, 0xfe, 0xfc, 0xf1, 0x17, 0x00, 0x02, 0x00, 0x00, 0x00, 0x00, 0x00, 0x00,
    0x00, 0x00, 0x00, 0x00, 0x01, 0x00, 0x00, 0x1c, 0x70, 0xb4, 0xed, 0xfb, 0xfd, 0xd6, 0x05, 0x03,
    0x02, 0x00, 0x00, 0x00, 0x00, 0x00, 0x00, 0x00, 0x00, 0x04, 0x00, 0x3b, 0xfe, 0xfb, 0xff, 0x69,
    0x00, 0x04, 0x00, 0x00, 0x00, 0x00, 0x00, 0x00, 0x00, 0x00, 0x00, 0x01, 0x00, 0x02, 0x81, 0xee,
    0xff, 0xff, 0xff, 0xf8, 0xff, 0x77, 0x00, 0x04, 0x00, 0x00, 0x00, 0x00, 0x00, 0x00, 0x00, 0x00,
    0x00, 0x00, 0x03, 0x00, 0xc3, 0xff, 0xfe, 0xae, 0x03, 0x07, 0x02, 0x00, 0x00, 0x00, 0x00, 0x00,
    0x00, 0x00, 0x01, 0x01, 0x0c, 0xb6, 0xff, 0xff, 0xfc, 0xff, 0xff, 0xff, 0xf8, 0x26, 0x01, 0x02,
    0x00, 0x00, 0x00, 0x00, 0x00, 0x00, 0x00, 0x00, 0x00, 0x00, 0x04, 0x01, 0x89, 0xff, 0xff, 0xca,
    0x00, 0x00, 0x00, 0x03, 0x01, 0x00, 0x00, 0x00, 0x00, 0x01, 0x03, 0x03, 0xb4, 0xff, 0xf7, 0xff,
    0xfc, 0xb0, 0x70, 0x57, 0x2f, 0x00, 0x01, 0x00, 0x00, 0x00, 0x00, 0x00, 0x00, 0x00, 0x00, 0x00,
    0x00, 0x00, 0x04, 0x00, 0x7b, 0xff, 0xfd, 0xee, 0x9b, 0x70, 0x26, 0x00, 0x00, 0x02, 0x00, 0x00,
    0x00, 0x03, 0x00, 0x76, 0xff, 0xf7, 0xff, 0xd1, 0x33, 0x00, 0x00, 0x00, 0x00, 0x01, 0x00, 0x00,
    0x00, 0x00, 0x00, 0x00, 0x00, 0x00, 0x00, 0x00, 0x00, 0x00, 0x03, 0x00, 0x9d, 0xfb, 0xf8, 0xfe,
    0xff, 0xff, 0xf8, 0x95, 0x0e, 0x00, 0x02, 0x00, 0x02, 0x00, 0x1c, 0xf1, 0xfb, 0xfe, 0xd2, 0x12,
    0x00, 0x04, 0x04, 0x03, 0x02, 0x00, 0x00, 0x00, 0x00, 0x00, 0x00, 0x00, 0x00, 0x00, 0x00, 0x00,
    0x00, 0x00, 0x04, 0x00, 0x8c, 0xff, 0xff, 0xff, 0xff, 0xfd, 0xfd, 0xff, 0xd0, 0x16, 0x00, 0x02,
    0x04, 0x00, 0x6e, 0xff, 0xfb, 0xfa, 0x32, 0x00, 0x05, 0x00, 0x00, 0x00, 0x00, 0x00, 0x00, 0x00,
    0x00, 0x00, 0x00, 0x00, 0x00, 0x00, 0x00, 0x00, 0x00, 0x00, 0x01, 0x01, 0x0f, 0x8b, 0xb0, 0xaf,
    0xc3, 0xf9, 0xff, 0xf7, 0xff, 0xc2, 0x05, 0x02, 0x03, 0x00, 0xa8, 0xfe, 0xff, 0xbd, 0x00, 0x03,
    0x00, 0x00, 0x00, 0x00, 0x00, 0x00, 0x00, 0x00, 0x00, 0x00, 0x00, 0x00, 0x00, 0x00, 0x00, 0x00,
    0x00, 0x00, 0x00, 0x00, 0x00, 0x00, 0x00, 0x00, 0x00, 0x2b, 0xc0, 0xff, 0xf8, 0xff, 0x63, 0x00,
    0x02, 0x00, 0xc3, 0xff, 0xff, 0x8a, 0x01, 0x04, 0x00, 0x00, 0x00, 0x00, 0x00, 0x00, 0x00, 0x00,
    0x00, 0x00, 0x00, 0x00, 0x00, 0x00, 0x00, 0x00, 0x00, 0x00, 0x00, 0x00, 0x01, 0x04, 0x03, 0x03,
    0x03, 0x00, 0x0b, 0xd7, 0xfd, 0xfd, 0xc7, 0x01, 0x01, 0x00, 0xcb, 0xff, 0xff, 0x83, 0x01, 0x04,
    0x00, 0x00, 0x00, 0x00, 0x00, 0x00, 0x00, 0x00, 0x00, 0x00, 0x00, 0x00, 0x00, 0x00, 0x00, 0x00,
    0x00, 0x00, 0x00, 0x00, 0x00, 0x00, 0x00, 0x00, 0x00, 0x06, 0x00, 0x62, 0xff, 0xff, 0xee, 0x18,
    0x03, 0x00, 0xb8, 0xff, 0xff, 0xa9, 0x00, 0x03, 0x00, 0x00, 0x00, 0x00, 0x00, 0x00, 0x00, 0x00,
    0x00, 0x00, 0x00, 0x00, 0x00, 0x00, 0x00, 0x00, 0x00, 0x00, 0x00, 0x00, 0x00, 0x00, 0x00, 0x00,
    0x00, 0x03, 0x01, 0x36, 0xff, 0xff, 0xf8, 0x2e, 0x04, 0x00, 0x87, 0xfe, 0xfd, 0xeb, 0x0f, 0x02,
    0x02, 0x00, 0x00, 0x00, 0x00, 0x00, 0x00, 0x00, 0x00, 0x00, 0x00, 0x00, 0x00, 0x00, 0x00, 0x00,
    0x00, 0x00, 0x00, 0x00, 0x00, 0x00, 0x00, 0x00, 0x00, 0x03, 0x02, 0x3c, 0xff, 0xff, 0xf7, 0x28,
    0x03, 0x00, 0x36, 0xff, 0xfa, 0xff, 0x9a, 0x00, 0x01, 0x04, 0x02, 0x01, 0x01, 0x01, 0x01, 0x01,
    0x01, 0x01, 0x01, 0x01, 0x01, 0x01, 0x01, 0x01, 0x01, 0x01, 0x01, 0x01, 0x01, 0x01, 0x01, 0x01,
    0x02, 0x07, 0x00, 0x89, 0xff, 0xff, 0xe2, 0x0c, 0x00, 0x02, 0x00, 0xb4, 0xff, 0xf8, 0xff, 0x91,
    0x06, 0x00, 0x00, 0x00, 0x00, 0x00, 0x00, 0x00, 0x00, 0x00, 0x00, 0x00, 0x00, 0x00, 0x00, 0x00,
    0x00, 0x00, 0x00, 0x00, 0x00, 0x00, 0x00, 0x00, 0x00, 0x00, 0x40, 0xf6, 0xfb, 0xff, 0xa7, 0x00,
    0x00, 0x02, 0x01, 0x22, 0xeb, 0xff, 0xf8, 0xff, 0xcf, 0x69, 0x2d, 0x14, 0x11, 0x11, 0x11, 0x11,
    0x11, 0x11, 0x11, 0x11, 0x11, 0x11, 0x11, 0x11, 0x11, 0x11, 0x11, 0x11, 0x11, 0x11, 0x11, 0x11,
    0x26, 0x76, 0xf5, 0xff, 0xfa, 0xff, 0x34, 0x00, 0x00, 0x00, 0x02, 0x00, 0x3c, 0xf1, 0xff, 0xf8,
    0xff, 0xff, 0xfe, 0xf0, 0xee, 0xef, 0xee, 0xee, 0xee, 0xee, 0xee, 0xee, 0xee, 0xee, 0xee, 0xee,
    0xee, 0xee, 0xee, 0xee, 0xee, 0xee, 0xef, 0xee, 0xfa, 0xff, 0xfe, 0xfb, 0xff, 0x7c, 0x00, 0x03,
    0x00, 0x00, 0x00, 0x03, 0x00, 0x2d, 0xcc, 0xff, 0xff, 0xfd, 0xfd, 0xff, 0xff, 0xff, 0xff, 0xff,
    0xff, 0xff, 0xff, 0xff, 0xff, 0xff, 0xff, 0xff, 0xff, 0xff, 0xff, 0xff, 0xff, 0xff, 0xff, 0xff,
    0xfe, 0xfd, 0xff, 0xff, 0x88, 0x00, 0x03, 0x01, 0x00, 0x00, 0x00, 0x00, 0x03, 0x00, 0x05, 0x67,
    0xce, 0xf9, 0xff, 0xff, 0xff, 0xff, 0xff, 0xff, 0xff, 0xff, 0xff, 0xff, 0xff, 0xff, 0xff, 0xff,
    0xff, 0xff, 0xff, 0xff, 0xff, 0xff, 0xff, 0xff, 0xff, 0xf7, 0xc4, 0x4b, 0x00, 0x02, 0x00, 0x00,
    0x00, 0x00, 0x00, 0x00, 0x00, 0x02, 0x00, 0x00, 0x00, 0x25, 0x41, 0x4d, 0x51, 0x51, 0x51, 0x51,
    0x51, 0x51, 0x51, 0x51, 0x51, 0x51, 0x51, 0x51, 0x51, 0x51, 0x51, 0x51, 0x51, 0x51, 0x51, 0x50,
    0x42, 0x22, 0x00, 0x00, 0x02, 0x00, 0x00, 0x00, 0x00, 0x00, 0x00, 0x00, 0x00, 0x00, 0x01, 0x05,
    0x03, 0x00, 0x00, 0x00, 0x00, 0x00, 0x00, 0x00, 0x00, 0x00, 0x00, 0x00, 0x00, 0x00, 0x00, 0x00,
    0x00, 0x00, 0x00, 0x00, 0x00, 0x00, 0x00, 0x00, 0x00, 0x00, 0x01, 0x03, 0x00, 0x00, 0x00, 0x00,
    0x00, 0x00, 0x00, 0x00, 0x00, 0x00, 0x01, 0x00, 0x00, 0x00, 0x00, 0x00, 0x00, 0x00, 0x00, 0x00,
    0x00, 0x00, 0x00, 0x00, 0x00, 0x00, 0x00, 0x00, 0x00, 0x00, 0x00, 0x00, 0x00, 0x00, 0x00, 0x00,
    0x00, 0x03, 0x00, 0x00, 0x00, 0x00, 0x00, 0x00, 0x00, 0x00, 0x00, 0x00, 0x00, 0x01, 0x00, 0x1d,
    0x4e, 0x51, 0x51, 0x51, 0x51, 0x51, 0x51, 0x51, 0x51, 0x51, 0x51, 0x51, 0x51, 0x51, 0x51, 0x51,
    0x51, 0x51, 0x51, 0x51, 0x51, 0x51, 0x51, 0x4e, 0x1d, 0x00, 0x01, 0x00, 0x00, 0x00, 0x00, 0x00,
    0x00, 0x00, 0x00, 0x00, 0x02, 0x00, 0x27, 0xe9, 0xff, 0xff, 0xff, 0xff, 0xff, 0xff, 0xff, 0xff,
    0xff, 0xff, 0xff, 0xff, 0xff, 0xff, 0xff, 0xff, 0xff, 0xff, 0xff, 0xff, 0xff, 0xff, 0xff, 0xff,
    0xe8, 0x26, 0x00, 0x02, 0x00, 0x00, 0x00, 0x00, 0x00, 0x00, 0x00, 0x00, 0x04, 0x00, 0x50, 0xff,
    0xfe, 0xff, 0xff, 0xff, 0xff, 0xff, 0xff, 0xff, 0xff, 0xff, 0xff, 0xff, 0xff, 0xff, 0xff, 0xff,
    0xff, 0xff, 0xff, 0xff, 0xff, 0xff, 0xff, 0xfe, 0xff, 0x50, 0x00, 0x03, 0x00, 0x00, 0x00, 0x00,
    0x00, 0x00, 0x00, 0x00, 0x01, 0x01, 0x0c, 0xab, 0xee, 0xed, 0xee, 0xee, 0xee, 0xee, 0xee, 0xee,
    0xee, 0xee, 0xee, 0xee, 0xee, 0xee, 0xee, 0xee, 0xee, 0xee, 0xee, 0xee, 0xee, 0xee, 0xed, 0xee,
    0xab, 0x0b, 0x01, 0x01, 0x00, 0x00, 0x00, 0x00, 0x00, 0x00, 0x00, 0x00, 0x00, 0x00, 0x00, 0x00,
    0x10, 0x10, 0x10, 0x11, 0x11, 0x11, 0x11, 0x11, 0x11, 0x11, 0x11, 0x11, 0x11, 0x11, 0x11, 0x11,
    0x11, 0x11, 0x11, 0x11, 0x11, 0x10, 0x10, 0x10, 0x00, 0x00, 0x00, 0x00, 0x00, 0x00, 0x00, 0x00,
    0x00, 0x00, 0x00, 0x00, 0x00, 0x00, 0x01, 0x01, 0x00, 0x00, 0x00, 0x00, 0x00, 0x00, 0x00, 0x00,
    0x00, 0x00, 0x00, 0x00, 0x00, 0x00, 0x00, 0x00, 0x00, 0x00, 0x00, 0x00, 0x00, 0x00, 0x00, 0x00,
    0x01, 0x01, 0x00, 0x00, 0x00, 0x00, 0x00, 0x00, 0x00, 0x00, 0x00, 0x00, 0x00, 0x00, 0x00, 0x00,
    0x01, 0x01, 0x01, 0x01, 0x01, 0x01, 0x01, 0x01, 0x01, 0x01, 0x01, 0x01, 0x01, 0x01, 0x01, 0x01,
    0x01, 0x01, 0x01, 0x01, 0x01, 0x01, 0x01, 0x01, 0x00, 0x00, 0x00, 0x00, 0x00, 0x00, 0x00, 0x00,
    0x00, 0x00, 0x00, 0x00, 0x00, 0x00, 0x00, 0x00, 0x00, 0x00, 0x00, 0x00, 0x00, 0x00, 0x00, 0x00,
    0x00, 0x00, 0x00, 0x00, 0x00, 0x00, 0x00, 0x00, 0x00, 0x00, 0x00, 0x00, 0x00, 0x00, 0x00, 0x00,
    0x00, 0x00, 0x00, 0x00, 0x00, 0x00, 0x00, 0x00, 0x00, 0x00, 0x00, 0x00, 0x00, 0x00, 0x00, 0x00,
    0x00, 0x00, 0x00, 0x00, 0x00, 0x00, 0x00, 0x00, 0x00, 0x00, 0x00, 0x00, 0x00, 0x00, 0x00, 0x00,
    0x00, 0x00, 0x00, 0x00, 0x00, 0x00, 0x00, 0x00, 0x00, 0x00, 0x00, 0x00, 0x00, 0x00, 0x00, 0x00,
};

/* cloud-fog 96px */
static const uint8_t icon_cloud_fog_96_map[] = {
    0x00, 0x00, 0x00, 0x00, 0x00, 0x00, 0x00, 0x00, 0x00, 0x00, 0x00, 0x00, 0x00, 0x00, 0x00, 0x00,
    0x00, 0x00, 0x00, 0x00, 0x00, 0x00, 0x00, 0x00, 0x00, 0x00, 0x00, 0x00, 0x00, 0x00, 0x00, 0x00,
    0x00, 0x00, 0x00, 0x00, 0x00, 0x00, 0x00, 0x00, 0x00, 0x00, 0x00, 0x00, 0x00, 0x00, 0x00, 0x00,
    0x00, 0x00, 0x00, 0x00, 0x00, 0x00, 0x00, 0x00, 0x00, 0x00, 0x00, 0x00, 0x00, 0x00, 0x00, 0x00,
    0x00, 0x00, 0x00, 0x00, 0x00, 0x00, 0x00, 0x00, 0x00, 0x00, 0x00, 0x00, 0x00, 0x00, 0x00, 0x00,
    0x00, 0x00, 0x00, 0x00, 0x00, 0x00, 0x00, 0x00, 0x00, 0x00, 0x00, 0x00, 0x00, 0x00, 0x00, 0x00,
    0x00, 0x00, 0x00, 0x00, 0x00, 0x00, 0x00, 0x00, 0x00, 0x00, 0x00, 0x00, 0x00, 0x00, 0x00, 0x00,
    0x00, 0x00, 0x00, 0x00, 0x00, 0x00, 0x00, 0x00, 0x00, 0x00, 0x00, 0x00, 0x00, 0x00, 0x00, 0x00,
    0x00, 0x00, 0x00, 0x00, 0x00, 0x00, 0x00, 0x00, 0x00, 0x00, 0x00, 0x00, 0x00, 0x00, 0x00, 0x00,
    0x00, 0x00, 0x00, 0x00, 0x00, 0x00, 0x00, 0x00, 0x00, 0x00, 0x00, 0x00, 0x00, 0x00, 0x00, 0x00,
    0x00, 0x00, 0x00, 0x00, 0x00, 0x00, 0x00, 0x00, 0x00, 0x00, 0x00, 0x00, 0x00, 0x00, 0x00, 0x00,
    0x00, 0x00, 0x00, 0x00, 0x00, 0x00, 0x00, 0x00, 0x00, 0x00, 0x00, 0x00, 0x00, 0x00, 0x00, 0x00,
    0x00, 0x00, 0x00, 0x00, 0x00, 0x00, 0x00, 0x00, 0x00, 0x00, 0x00, 0x00, 0x00, 0x00, 0x00, 0x00,
    0x00, 0x00, 0x00, 0x00, 0x00, 0x00, 0x00, 0x00, 0x00, 0x00, 0x00, 0x00, 0x00, 0x00, 0x00, 0x00,
    0x00, 0x00, 0x00, 0x00, 0x00, 0x00, 0x00, 0x00, 0x00, 0x00, 0x00, 0x00, 0x00, 0x00, 0x00, 0x00,
    0x00, 0x00, 0x00, 0x00, 0x00, 0x00, 0x00, 0x00, 0x00, 0x00, 0x00, 0x00, 0x00, 0x00, 0x00, 0x00,
    0x00, 0x00, 0x00, 0x00, 0x00, 0x00, 0x00, 0x00, 0x00, 0x00, 0x00, 0x00, 0x00, 0x00, 0x00, 0x00,
    0x00, 0x00, 0x00, 0x00, 0x00, 0x00, 0x00, 0x00, 0x00, 0x00, 0x00, 0x00, 0x00, 0x00, 0x00, 0x00,
    0x00, 0x00, 0x00, 0x00, 0x00, 0x00, 0x00, 0x00, 0x00, 0x00, 0x00, 0x00, 0x00, 0x00, 0x00, 0x00,
    0x00, 0x00, 0x00, 0x00, 0x00, 0x00, 0x00, 0x00, 0x00, 0x00, 0x00, 0x00, 0x00, 0x00, 0x00, 0x00,
    0x00, 0x00, 0x00, 0x00, 0x00, 0x00, 0x00, 0x00, 0x00, 0x00, 0x00, 0x00, 0x00, 0x00, 0x00, 0x00,
    0x00, 0x00, 0x00, 0x00, 0x00, 0x00, 0x00, 0x00, 0x00, 0x00, 0x00, 0x00, 0x00, 0x00, 0x00, 0x00,
    0x00, 0x00, 0x00, 0x00, 0x00, 0x00, 0x00, 0x00, 0x00, 0x00, 0x00, 0x00, 0x00, 0x00, 0x00, 0x00,
    0x00, 0x00, 0x00, 0x00, 0x00, 0x00, 0x00, 0x00, 0x00, 0x00, 0x00, 0x00, 0x00, 0x00, 0x00, 0x00,
    0x00, 0x00, 0x00, 0x00, 0x00, 0x00, 0x00, 0x00, 0x00, 0x00, 0x00, 0x00, 0x00, 0x00, 0x00, 0x00,
    0x00, 0x00, 0x00, 0x00, 0x00, 0x00, 0x00, 0x00, 0x00, 0x00, 0x00, 0x00, 0x00, 0x00, 0x00, 0x00,
    0x00, 0x00, 0x00, 0x00, 0x00, 0x00, 0x00, 0x00, 0x00, 0x00, 0x00, 0x00, 0x00, 0x00, 0x00, 0x00,
    0x00, 0x00, 0x00, 0x00, 0x00, 0x00, 0x00, 0x00, 0x00, 0x00, 0x00, 0x00, 0x00, 0x00, 0x00, 0x00,
    0x00, 0x00, 0x00, 0x00, 0x00, 0x00, 0x00, 0x00, 0x00, 0x00, 0x00, 0x00, 0x00, 0x00, 0x00, 0x00,
    0x00, 0x00, 0x00, 0x00, 0x00, 0x00, 0x00, 0x00, 0x00, 0x00, 0x00, 0x00, 0x00, 0x00, 0x00, 0x00,
    0x00, 0x00, 0x00, 0x00, 0x00, 0x00, 0x00, 0x00, 0x00, 0x00, 0x00, 0x00, 0x00, 0x00, 0x00, 0x00,
    0x00, 0x00, 0x00, 0x00, 0x00, 0x00, 0x00, 0x00, 0x00, 0x00, 0x00, 0x00, 0x00, 0x00, 0x00, 0x00,
    0x00, 0x00, 0x00, 0x00, 0x00, 0x00, 0x00, 0x00, 0x00, 0x00, 0x00, 0x00, 0x00, 0x00, 0x01, 0x02,
    0x02, 0x02, 0x02, 0x02, 0x02, 0x01, 0x00, 0x00, 0x00, 0x00, 0x00, 0x00, 0x00, 0x00, 0x00, 0x00,
    0x00, 0x00, 0x00, 0x00, 0x00, 0x00, 0x00, 0x00, 0x00, 0x00, 0x00, 0x00, 0x00, 0x00, 0x00, 0x00,
    0x00, 0x00, 0x00, 0x00, 0x00, 0x00, 0x00, 0x00, 0x00, 0x00, 0x00, 0x00, 0x00, 0x00, 0x00, 0x00,
    0x00, 0x00, 0x00, 0x00, 0x00, 0x00, 0x00, 0x00, 0x00, 0x00, 0x00, 0x00, 0x00, 0x00, 0x00, 0x00,
    0x00, 0x00, 0x00, 0x00, 0x00, 0x00, 0x00, 0x00, 0x00, 0x00, 0x00, 0x00, 0x00, 0x00, 0x00, 0x00,
    0x00, 0x00, 0x00, 0x00, 0x00, 0x00, 0x00, 0x00, 0x00, 0x01, 0x02, 0x04, 0x03, 0x01, 0x00, 0x00,
    0x00, 0x00, 0x00, 0x00, 0x00, 0x00, 0x00, 0x03, 0x04, 0x03, 0x01, 0x00, 0x00, 0x00, 0x00, 0x00,
    0x00, 0x00, 0x00, 0x00, 0x00, 0x00, 0x00, 0x00, 0x00, 0x00, 0x00, 0x00, 0x00, 0x00, 0x00, 0x00,
    0x00, 0x00, 0x00, 0x00, 0x00, 0x00, 0x00, 0x00, 0x00, 0x00, 0x00, 0x00, 0x00, 0x00, 0x00, 0x00,
    0x00, 0x00, 0x00, 0x00, 0x00, 0x00, 0x00, 0x00, 0x00, 0x00, 0x00, 0x00, 0x00, 0x00, 0x00, 0x00,
    0x00, 0x00, 0x00, 0x00, 0x00, 0x00, 0x00, 0x00, 0x00, 0x00, 0x00, 0x00, 0x00, 0x00, 0x00, 0x00,
    0x00, 0x00, 0x00, 0x00, 0x00, 0x00, 0x00, 0x02, 0x04, 0x00, 0x00, 0x00, 0x00, 0x00, 0x0d, 0x22,
    0x2e, 0x33, 0x31, 0x27, 0x1c, 0x0c, 0x00, 0x00, 0x00, 0x00, 0x00, 0x04, 0x02, 0x00, 0x00, 0x00,
    0x00, 0x00, 0x00, 0x00, 0x00, 0x00, 0x00, 0x00, 0x00, 0x00, 0x00, 0x00, 0x00, 0x00, 0x00, 0x00,
    0x00, 0x00, 0x00, 0x00, 0x00, 0x00, 0x00, 0x00, 0x00, 0x00, 0x00, 0x00, 0x00, 0x00, 0x00, 0x00,
    0x00, 0x00, 0x00, 0x00, 0x00, 0x00, 0x00, 0x00, 0x00, 0x00, 0x00, 0x00, 0x00, 0x00, 0x00, 0x00,
    0x00, 0x00, 0x00, 0x00, 0x00, 0x00, 0x00, 0x00, 0x00, 0x00, 0x00, 0x00, 0x00, 0x00, 0x00, 0x00,
    0x00, 0x00, 0x00, 0x00, 0x00, 0x03, 0x01, 0x00, 0x00, 0x03, 0x34, 0x6b, 0x9e, 0xcb, 0xe7, 0xf9,
    0xff, 0xff, 0xff, 0xfb, 0xf5, 0xe6, 0xcc, 0xa9, 0x71, 0x38, 0x05, 0x00, 0x00, 0x01, 0x03, 0x00,
    0x00, 0x00, 0x00, 0x00, 0x00, 0x00, 0x00, 0x00, 0x00, 0x00, 0x00, 0x00, 0x00, 0x00, 0x00, 0x00,
    0x00, 0x00, 0x00, 0x00, 0x00, 0x00, 0x00, 0x00, 0x00, 0x00, 0x00, 0x00, 0x00, 0x00, 0x00, 0x00,
    0x00, 0x00, 0x00, 0x00, 0x00, 0x00, 0x00, 0x00, 0x00, 0x00, 0x00, 0x00, 0x00, 0x00, 0x00, 0x00,
    0x00, 0x00, 0x00, 0x00, 0x00, 0x00, 0x00, 0x00, 0x00, 0x00, 0x00, 0x00, 0x00, 0x00, 0x00, 0x00,
    0x00, 0x00, 0x00, 0x03, 0x01, 0x00, 0x00, 0x35, 0x8f, 0xd6, 0xff, 0xff, 0xff, 0xff, 0xff, 0xff,
    0xff, 0xff, 0xff, 0xff, 0xff, 0xff, 0xff, 0xff, 0xff, 0xff, 0xd9, 0x95, 0x3a, 0x00, 0x00, 0x01,
    0x03, 0x00, 0x00, 0x00, 0x00, 0x00, 0x00, 0x00, 0x00, 0x00, 0x00, 0x00, 0x00, 0x00, 0x00, 0x00,
    0x00, 0x00, 0x00, 0x00, 0x00, 0x00, 0x00, 0x00, 0x00, 0x00, 0x00, 0x00, 0x00, 0x00, 0x00, 0x00,
    0x00, 0x00, 0x00, 0x00, 0x00, 0x00, 0x00, 0x00, 0x00, 0x00, 0x00, 0x00, 0x00, 0x00, 0x00, 0x00,
    0x00, 0x00, 0x00, 0x00, 0x00, 0x00, 0x00, 0x00, 0x00, 0x00, 0x00, 0x00, 0x00, 0x00, 0x00, 0x00,
    0x00, 0x01, 0x03, 0x00, 0x00, 0x4e, 0xbb, 0xff, 0xff, 0xff, 0xff, 0xfb, 0xfb, 0xfc, 0xfe, 0xfe,
    0xfe, 0xff, 0xff, 0xfe, 0xfe, 0xfe, 0xfd, 0xfc, 0xfb, 0xfe, 0xff, 0xff, 0xff, 0xc2, 0x56, 0x00,
    0x00, 0x03, 0x01, 0x00, 0x00, 0x00, 0x00, 0x00, 0x00, 0x00, 0x00, 0x00, 0x00, 0x00, 0x00, 0x00,
    0x00, 0x00, 0x00, 0x00, 0x00, 0x00, 0x00, 0x00, 0x00, 0x00, 0x00, 0x00, 0x00, 0x00, 0x00, 0x00,
    0x00, 0x00, 0x00, 0x00, 0x00, 0x00, 0x00, 0x00, 0x00, 0x00, 0x00, 0x00, 0x00, 0x00, 0x00, 0x00,
    0x00, 0x00, 0x00, 0x00, 0x00, 0x00, 0x00, 0x00, 0x00, 0x00, 0x00, 0x00, 0x00, 0x00, 0x00, 0x00,
    0x02, 0x00, 0x00, 0x3e, 0xbc, 0xff, 0xff, 0xff, 0xfb, 0xfd, 0xff, 0xff, 0xff, 0xff, 0xff, 0xff,
    0xff, 0xff, 0xff, 0xff, 0xff, 0xff, 0xff, 0xff, 0xff, 0xff, 0xfd, 0xfb, 0xfe, 0xff, 0xff, 0xc0,
    0x3d, 0x00, 0x00, 0x02, 0x00, 0x00, 0x00, 0x00, 0x00, 0x00, 0x00, 0x00, 0x00, 0x00, 0x00, 0x00,
    0x00, 0x00, 0x00, 0x00, 0x00, 0x00, 0x00, 0x00, 0x00, 0x00, 0x00, 0x00, 0x00, 0x00, 0x00, 0x00,
    0x00, 0x00, 0x00, 0x00, 0x00, 0x00, 0x00, 0x00, 0x00, 0x00, 0x00, 0x00, 0x00, 0x00, 0x00, 0x00,
    0x00, 0x00, 0x00, 0x00, 0x00, 0x00, 0x00, 0x00, 0x00, 0x00, 0x00, 0x00, 0x00, 0x00, 0x00, 0x04,
    0x00, 0x0c, 0x93, 0xff, 0xff, 0xfd, 0xfc, 0xff, 0xff, 0xff, 0xff, 0xff, 0xff, 0xff, 0xff, 0xff,
    0xff, 0xff, 0xff, 0xff, 0xff, 0xff, 0xff, 0xff, 0xff, 0xff, 0xff, 0xff, 0xff, 0xfc, 0xfc, 0xff,
    0xfe, 0x8e, 0x0b, 0x00, 0x03, 0x00, 0x00, 0x00, 0x00, 0x00, 0x00, 0x00, 0x00, 0x00, 0x00, 0x00,
    0x00, 0x00, 0x00, 0x00, 0x00, 0x00, 0x00, 0x00, 0x00, 0x00, 0x00, 0x00, 0x00, 0x00, 0x00, 0x00,
    0x00, 0x00, 0x00, 0x00, 0x00, 0x00, 0x00, 0x00, 0x00, 0x00, 0x00, 0x00, 0x00, 0x00, 0x00, 0x00,
    0x00, 0x00, 0x00, 0x00, 0x00, 0x00, 0x00, 0x00, 0x00, 0x00, 0x00, 0x00, 0x00, 0x00, 0x04, 0x00,
    0x30, 0xd1, 0xff, 0xfe, 0xfc, 0xff, 0xff, 0xff, 0xff, 0xff, 0xff, 0xff, 0xff, 0xff, 0xfe, 0xfd,
    0xfd, 0xfc, 0xfc, 0xfc, 0xfd, 0xfe, 0xff, 0xff, 0xff, 0xff, 0xff, 0xff, 0xff, 0xff, 0xff, 0xfc,
    0xfe, 0xff, 0xd0, 0x2a, 0x00, 0x04, 0x00, 0x00, 0x00, 0x00, 0x00, 0x00, 0x00, 0x00, 0x00, 0x00,
    0x00, 0x00, 0x00, 0x00, 0x00, 0x00, 0x00, 0x00, 0x00, 0x00, 0x00, 0x00, 0x00, 0x00, 0x00, 0x00,
    0x00, 0x00, 0x00, 0x00, 0x00, 0x00, 0x00, 0x00, 0x00, 0x00, 0x00, 0x00, 0x00, 0x00, 0x00, 0x00,
    0x00, 0x00, 0x00, 0x00, 0x00, 0x00, 0x00, 0x00, 0x00, 0x00, 0x00, 0x00, 0x00, 0x04, 0x00, 0x4e,
    0xf3, 0xff, 0xfb, 0xff, 0xff, 0xff, 0xff, 0xff, 0xff, 0xff, 0xff, 0xfc, 0xfb, 0xfd, 0xff, 0xff,
    0xff, 0xff, 0xff, 0xff, 0xff, 0xff, 0xfc, 0xfb, 0xfd, 0xff, 0xff, 0xff, 0xff, 0xff, 0xff, 0xff,
    0xff, 0xfb, 0xff, 0xef, 0x4e, 0x00, 0x04, 0x00, 0x00, 0x00, 0x00, 0x00, 0x00, 0x00, 0x00, 0x00,
    0x00, 0x00, 0x00, 0x00, 0x00, 0x00, 0x00, 0x00, 0x00, 0x00, 0x00, 0x00, 0x00, 0x00, 0x00, 0x00,
    0x00, 0x00, 0x00, 0x00, 0x00, 0x00, 0x00, 0x00, 0x00, 0x00, 0x00, 0x00, 0x00, 0x00, 0x00, 0x00,
    0x00, 0x00, 0x00, 0x00, 0x00, 0x00, 0x00, 0x00, 0x00, 0x00, 0x00, 0x00, 0x04, 0x00, 0x5c, 0xfe,
    0xff, 0xfc, 0xff, 0xff, 0xff, 0xff, 0xff, 0xff, 0xff, 0xfc, 0xff, 0xff, 0xff, 0xff, 0xf5, 0xde,
    0xcf, 0xc1, 0xc1, 0xc9, 0xe2, 0xf9, 0xff, 0xff, 0xff, 0xff, 0xfb, 0xfe, 0xff, 0xff, 0xff, 0xff,
    0xff, 0xff, 0xfc, 0xff, 0xfe, 0x56, 0x00, 0x04, 0x00, 0x00, 0x00, 0x00, 0x00, 0x00, 0x00, 0x00,
    0x00, 0x00, 0x00, 0x00, 0x00, 0x00, 0x00, 0x00, 0x00, 0x00, 0x00, 0x00, 0x00, 0x00, 0x00, 0x00,
    0x00, 0x00, 0x00, 0x00, 0x00, 0x00, 0x00, 0x00, 0x00, 0x00, 0x00, 0x00, 0x00, 0x00, 0x00, 0x00,
    0x00, 0x00, 0x00, 0x00, 0x00, 0x00, 0x00, 0x00, 0x00, 0x00, 0x00, 0x04, 0x00, 0x58, 0xff, 0xfd,
    0xfd, 0xff, 0xff, 0xff, 0xff, 0xff, 0xff, 0xfc, 0xff, 0xff, 0xff, 0xc8, 0x7a, 0x47, 0x1d, 0x08,
    0x00, 0x00, 0x00, 0x00, 0x0a, 0x24, 0x52, 0x8f, 0xd1, 0xff, 0xff, 0xff, 0xfc, 0xff, 0xff, 0xff,
    0xff, 0xff, 0xff, 0xfd, 0xfd, 0xfe, 0x50, 0x00, 0x04, 0x00, 0x00, 0x00, 0x00, 0x00, 0x00, 0x00,
    0x00, 0x00, 0x00, 0x00, 0x00, 0x00, 0x00, 0x00, 0x00, 0x00, 0x00, 0x00, 0x00, 0x00, 0x00, 0x00,
    0x00, 0x00, 0x00, 0x00, 0x00, 0x00, 0x00, 0x00, 0x00, 0x00, 0x00, 0x00, 0x00, 0x00, 0x00, 0x00,
    0x00, 0x00, 0x00, 0x00, 0x00, 0x00, 0x00, 0x00, 0x00, 0x00, 0x03, 0x00, 0x39, 0xfa, 0xfd, 0xfd,
    0xff, 0xff, 0xff, 0xff, 0xff, 0xfe, 0xfc, 0xff, 0xfe, 0xa6, 0x37, 0x00, 0x00, 0x00, 0x00, 0x00,
    0x00, 0x02, 0x02, 0x01, 0x00, 0x00, 0x00, 0x00, 0x01, 0x38, 0x96, 0xf1, 0xff, 0xfd, 0xfe, 0xff,
    0xff, 0xff, 0xff, 0xff, 0xfd, 0xfe, 0xf4, 0x31, 0x00, 0x02, 0x00, 0x00, 0x00, 0x00, 0x00, 0x00,
    0x00, 0x00, 0x00, 0x00, 0x00, 0x00, 0x00, 0x00, 0x00, 0x00, 0x00, 0x00, 0x00, 0x00, 0x00, 0x00,
    0x00, 0x00, 0x00, 0x00, 0x00, 0x00, 0x00, 0x00, 0x00, 0x00, 0x00, 0x00, 0x00, 0x00, 0x00, 0x00,
    0x00, 0x00, 0x00, 0x00, 0x00, 0x00, 0x00, 0x00, 0x00, 0x02, 0x02, 0x13, 0xe1, 0xff, 0xfd, 0xff,
    0xff, 0xff, 0xff, 0xff, 0xfd, 0xff, 0xff, 0xb3, 0x37, 0x00, 0x00, 0x01, 0x04, 0x03, 0x02, 0x01,
    0x00, 0x00, 0x00, 0x00, 0x01, 0x02, 0x03, 0x04, 0x00, 0x00, 0x00, 0x23, 0xa0, 0xff, 0xff, 0xfd,
    0xff, 0xff, 0xff, 0xff, 0xff, 0xfc, 0xff, 0xdf, 0x10, 0x02, 0x02, 0x00, 0x00, 0x00, 0x00, 0x00,
    0x00, 0x00, 0x00, 0x00, 0x00, 0x00, 0x00, 0x00, 0x00, 0x00, 0x00, 0x00, 0x00, 0x00, 0x00, 0x00,
    0x00, 0x00, 0x00, 0x00, 0x00, 0x00, 0x00, 0x00, 0x00, 0x00, 0x00, 0x00, 0x00, 0x00, 0x00, 0x00,
    0x00, 0x00, 0x00, 0x00, 0x00, 0x00, 0x00, 0x00, 0x00, 0x03, 0x00, 0xa2, 0xff, 0xfb, 0xff, 0xff,
    0xff, 0xff, 0xff, 0xfc, 0xff, 0xf3, 0x63, 0x00, 0x00, 0x03, 0x02, 0x00, 0x00, 0x00, 0x00, 0x00,
    0x00, 0x00, 0x00, 0x00, 0x00, 0x00, 0x00, 0x00, 0x00, 0x02, 0x04, 0x00, 0x00, 0x52, 0xea, 0xff,
    0xfc, 0xff, 0xff, 0xff, 0xff, 0xff, 0xfb, 0xff, 0x9e, 0x00, 0x03, 0x00, 0x00, 0x00, 0x00, 0x00,
    0x00, 0x00, 0x00, 0x00, 0x00, 0x00, 0x00, 0x00, 0x00, 0x00, 0x00, 0x00, 0x00, 0x00, 0x00, 0x00,
    0x00, 0x00, 0x00, 0x00, 0x00, 0x00, 0x00, 0x00, 0x00, 0x00, 0x00, 0x00, 0x00, 0x00, 0x00, 0x00,
    0x00, 0x00, 0x00, 0x00, 0x00, 0x00, 0x00, 0x00, 0x03, 0x00, 0x46, 0xff, 0xfb, 0xff, 0xff, 0xff,
    0xff, 0xff, 0xfc, 0xff, 0xdc, 0x30, 0x00, 0x03, 0x02, 0x00, 0x00, 0x00, 0x00, 0x00, 0x00, 0x00,
    0x00, 0x00, 0x00, 0x00, 0x00, 0x00, 0x00, 0x00, 0x00, 0x00, 0x00, 0x02, 0x04, 0x00, 0x27, 0xd9,
    0xff, 0xfc, 0xff, 0xff, 0xff, 0xff, 0xff, 0xfb, 0xff, 0x44, 0x00, 0x03, 0x00, 0x00, 0x00, 0x00,
    0x00, 0x00, 0x00, 0x00, 0x00, 0x00, 0x00, 0x00, 0x00, 0x00, 0x00, 0x00, 0x00, 0x00, 0x00, 0x00,
    0x00, 0x00, 0x00, 0x00, 0x00, 0x00, 0x00, 0x00, 0x00, 0x00, 0x00, 0x00, 0x00, 0x00, 0x00, 0x00,
    0x00, 0x00, 0x00, 0x00, 0x00, 0x00, 0x00, 0x00, 0x02, 0x02, 0xcc, 0xff, 0xfc, 0xff, 0xff, 0xff,
    0xff, 0xfd, 0xff, 0xd5, 0x1c, 0x00, 0x05, 0x00, 0x00, 0x00, 0x00, 0x00, 0x00, 0x00, 0x00, 0x00,
    0x00, 0x00, 0x00, 0x00, 0x00, 0x00, 0x00, 0x00, 0x00, 0x00, 0x00, 0x00, 0x00, 0x05, 0x00, 0x1d,
    0xdb, 0xff, 0xfd, 0xff, 0xff, 0xff, 0xff, 0xfc, 0xff, 0xc9, 0x02, 0x02, 0x00, 0x00, 0x00, 0x00,
    0x00, 0x00, 0x00, 0x00, 0x00, 0x00, 0x00, 0x00, 0x00, 0x00, 0x00, 0x00, 0x00, 0x00, 0x00, 0x00,
    0x00, 0x00, 0x00, 0x00, 0x00, 0x00, 0x00, 0x00, 0x00, 0x00, 0x00, 0x00, 0x00, 0x00, 0x00, 0x00,
    0x00, 0x00, 0x00, 0x00, 0x00, 0x02, 0x03, 0x07, 0x02, 0x53, 0xff, 0xfc, 0xff, 0xff, 0xff, 0xff,
    0xfd, 0xfe, 0xe8, 0x21, 0x00, 0x04, 0x00, 0x00, 0x00, 0x00, 0x00, 0x00, 0x00, 0x00, 0x00, 0x00,
    0x00, 0x00, 0x00, 0x00, 0x00, 0x00, 0x00, 0x00, 0x00, 0x00, 0x00, 0x00, 0x00, 0x00, 0x04, 0x00,
    0x2a, 0xef, 0xfd, 0xfe, 0xff, 0xff, 0xff, 0xff, 0xfc, 0xff, 0x50, 0x00, 0x03, 0x00, 0x00, 0x00,
    0x00, 0x00, 0x00, 0x00, 0x00, 0x00, 0x00, 0x00, 0x00, 0x00, 0x00, 0x00, 0x00, 0x00, 0x00, 0x00,
    0x00, 0x00, 0x00, 0x00, 0x00, 0x00, 0x00, 0x00, 0x00, 0x00, 0x00, 0x00, 0x00, 0x00, 0x00, 0x00,
    0x00, 0x00, 0x01, 0x04, 0x01, 0x00, 0x00, 0x00, 0x00, 0xc0, 0xfe, 0xfc, 0xff, 0xff, 0xff, 0xff,
    0xfc, 0xff, 0x47, 0x00, 0x05, 0x00, 0x00, 0x00, 0x00, 0x00, 0x00, 0x00, 0x00, 0x00, 0x00, 0x00,
    0x00, 0x00, 0x00, 0x00, 0x00, 0x00, 0x00, 0x00, 0x00, 0x00, 0x00, 0x00, 0x00, 0x00, 0x00, 0x05,
    0x00, 0x53, 0xff, 0xfc, 0xff, 0xff, 0xff, 0xff, 0xfc, 0xfe, 0xbc, 0x00, 0x02, 0x00, 0x00, 0x00,
    0x00, 0x00, 0x00, 0x00, 0x00, 0x00, 0x00, 0x00, 0x00, 0x00, 0x00, 0x00, 0x00, 0x00, 0x00, 0x00,
    0x00, 0x00, 0x00, 0x00, 0x00, 0x00, 0x00, 0x00, 0x00, 0x00, 0x00, 0x00, 0x00, 0x00, 0x00, 0x00,
    0x01, 0x03, 0x00, 0x00, 0x00, 0x20, 0x56, 0x8f, 0xb9, 0xfc, 0xff, 0xff, 0xff, 0xff, 0xff, 0xfc,
    0xff, 0xa1, 0x00, 0x04, 0x00, 0x00, 0x00, 0x00, 0x00, 0x00, 0x00, 0x00, 0x00, 0x00, 0x00, 0x00,
    0x00, 0x00, 0x00, 0x00, 0x00, 0x00, 0x00, 0x00, 0x00, 0x00, 0x00, 0x00, 0x00, 0x00, 0x00, 0x00,
    0x04, 0x00, 0xa7, 0xff, 0xfc, 0xff, 0xff, 0xff, 0xff, 0xfe, 0xf9, 0x27, 0x00, 0x02, 0x00, 0x00,
    0x00, 0x00, 0x00, 0x00, 0x00, 0x00, 0x00, 0x00, 0x00, 0x00, 0x00, 0x00, 0x00, 0x00, 0x00, 0x00,
    0x00, 0x00, 0x00, 0x00, 0x00, 0x00, 0x00, 0x00, 0x00, 0x00, 0x00, 0x00, 0x00, 0x00, 0x00, 0x03,
    0x00, 0x00, 0x18, 0x6d, 0xbe, 0xf5, 0xff, 0xff, 0xff, 0xff, 0xff, 0xff, 0xff, 0xff, 0xfe, 0xfe,
    0xf6, 0x21, 0x01, 0x02, 0x00, 0x00, 0x00, 0x00, 0x00, 0x00, 0x00, 0x00, 0x00, 0x00, 0x00, 0x00,
    0x00, 0x00, 0x00, 0x00, 0x00, 0x00, 0x00, 0x00, 0x00, 0x00, 0x00, 0x00, 0x00, 0x00, 0x00, 0x00,
    0x02, 0x01, 0x21, 0xf5, 0xfe, 0xfe, 0xff, 0xff, 0xff, 0xfb, 0xff, 0x78, 0x00, 0x04, 0x00, 0x00,
    0x00, 0x00, 0x00, 0x00, 0x00, 0x00, 0x00, 0x00, 0x00, 0x00, 0x00, 0x00, 0x00, 0x00, 0x00, 0x00,
    0x00, 0x00, 0x00, 0x00, 0x00, 0x00, 0x00, 0x00, 0x00, 0x00, 0x00, 0x00, 0x00, 0x01, 0x02, 0x00,
    0x19, 0x88, 0xea, 0xff, 0xff, 0xff, 0xfc, 0xfb, 0xfc, 0xff, 0xff, 0xff, 0xff, 0xff, 0xfb, 0xff,
    0xa7, 0x00, 0x03, 0x00, 0x00, 0x00, 0x00, 0x00, 0x00, 0x00, 0x00, 0x00, 0x00, 0x00, 0x00, 0x00,
    0x00, 0x00, 0x00, 0x00, 0x00, 0x00, 0x00, 0x00, 0x00, 0x00, 0x00, 0x00, 0x00, 0x00, 0x00, 0x00,
    0x00, 0x03, 0x00, 0xa1, 0xff, 0xfb, 0xff, 0xff, 0xff, 0xfc, 0xff, 0xb7, 0x00, 0x02, 0x00, 0x00,
    0x00, 0x00, 0x00, 0x00, 0x00, 0x00, 0x00, 0x00, 0x00, 0x00, 0x00, 0x00, 0x00, 0x00, 0x00, 0x00,
    0x00, 0x00, 0x00, 0x00, 0x00, 0x00, 0x00, 0x00, 0x00, 0x00, 0x00, 0x00, 0x03, 0x00, 0x00, 0x6c,
    0xe9, 0xff, 0xff, 0xfb, 0xfc, 0xfe, 0xff, 0xff, 0xff, 0xff, 0xff, 0xff, 0xff, 0xff, 0xfc, 0xff,
    0x4c, 0x01, 0x03, 0x00, 0x00, 0x00, 0x00, 0x00, 0x00, 0x00, 0x00, 0x00, 0x00, 0x00, 0x00, 0x00,
    0x00, 0x00, 0x00, 0x00, 0x00, 0x00, 0x00, 0x00, 0x00, 0x00, 0x00, 0x00, 0x00, 0x00, 0x00, 0x00,
    0x00, 0x03, 0x01, 0x43, 0xff, 0xfd, 0xff, 0xff, 0xff, 0xfd, 0xff, 0xe9, 0x0f, 0x00, 0x01, 0x00,
    0x00, 0x00, 0x00, 0x00, 0x00, 0x00, 0x00, 0x00, 0x00, 0x00, 0x00, 0x00, 0x00, 0x00, 0x00, 0x00,
    0x00, 0x00, 0x00, 0x00, 0x00, 0x00, 0x00, 0x00, 0x00, 0x00, 0x00, 0x03, 0x00, 0x18, 0xb1, 0xff,
    0xff, 0xfb, 0xfe, 0xff, 0xff, 0xff, 0xff, 0xff, 0xff, 0xff, 0xff, 0xff, 0xff, 0xfe, 0xfe, 0xee,
    0x11, 0x00, 0x01, 0x00, 0x00, 0x00, 0x00, 0x00, 0x00, 0x00, 0x00, 0x00, 0x00, 0x00, 0x00, 0x00,
    0x00, 0x00, 0x00, 0x00, 0x00, 0x00, 0x00, 0x00, 0x00, 0x00, 0x00, 0x00, 0x00, 0x00, 0x00, 0x00,
    0x00, 0x01, 0x00, 0x0d, 0xe9, 0xff, 0xfe, 0xff, 0xff, 0xff, 0xff, 0xfe, 0x2e, 0x00, 0x02, 0x00,
    0x00, 0x00, 0x00, 0x00, 0x00, 0x00, 0x00, 0x00, 0x00, 0x00, 0x00, 0x00, 0x00, 0x00, 0x00, 0x00,
    0x00, 0x00, 0x00, 0x00, 0x00, 0x00, 0x00, 0x00, 0x00, 0x00, 0x04, 0x00, 0x32, 0xde, 0xff, 0xfb,
    0xfe, 0xff, 0xff, 0xff, 0xff, 0xff, 0xff, 0xff, 0xff, 0xff, 0xfe, 0xfe, 0xfd, 0xf8, 0xff, 0xae,
    0x00, 0x02, 0x00, 0x00, 0x00, 0x00, 0x00, 0x00, 0x00, 0x00, 0x00, 0x00, 0x00, 0x00, 0x00, 0x00,
    0x00, 0x00, 0x00, 0x00, 0x00, 0x00, 0x00, 0x00, 0x00, 0x00, 0x00, 0x00, 0x00, 0x00, 0x00, 0x00,
    0x00, 0x00, 0x02, 0x00, 0xbc, 0xff, 0xfc, 0xff, 0xff, 0xff, 0xfc, 0xff, 0x4b, 0x01, 0x04, 0x00,
    0x00, 0x00, 0x00, 0x00, 0x00, 0x00, 0x00, 0x00, 0x00, 0x00, 0x00, 0x00, 0x00, 0x00, 0x00, 0x00,
    0x00, 0x00, 0x00, 0x00, 0x00, 0x00, 0x00, 0x00, 0x00, 0x03, 0x00, 0x3e, 0xf1, 0xff, 0xfb, 0xff,
    0xff, 0xff, 0xff, 0xff, 0xff, 0xff, 0xfe, 0xfb, 0xfc, 0xfe, 0xff, 0xff, 0xff, 0xff, 0xee, 0x29,
    0x01, 0x02, 0x00, 0x00, 0x00, 0x00, 0x00, 0x00, 0x00, 0x00, 0x00, 0x00, 0x00, 0x00, 0x00, 0x00,
    0x00, 0x00, 0x00, 0x00, 0x00, 0x00, 0x00, 0x00, 0x00, 0x00, 0x00, 0x00, 0x00, 0x00, 0x00, 0x00,
    0x00, 0x00, 0x04, 0x00, 0x9a, 0xff, 0xfb, 0xff, 0xff, 0xff, 0xfc, 0xff, 0x61, 0x00, 0x04, 0x03,
    0x04, 0x02, 0x00, 0x00, 0x00, 0x00, 0x00, 0x00, 0x00, 0x00, 0x00, 0x00, 0x00, 0x00, 0x00, 0x00,
    0x00, 0x00, 0x00, 0x00, 0x00, 0x00, 0x00, 0x00, 0x03, 0x00, 0x34, 0xf0, 0xff, 0xfc, 0xff, 0xff,
    0xff, 0xff, 0xff, 0xff, 0xfd, 0xfc, 0xff, 0xff, 0xff, 0xff, 0xf6, 0xef, 0xdc, 0xa0, 0x2a, 0x00,
    0x01, 0x00, 0x00, 0x00, 0x00, 0x00, 0x00, 0x00, 0x00, 0x00, 0x00, 0x00, 0x00, 0x00, 0x00, 0x00,
    0x00, 0x00, 0x00, 0x00, 0x00, 0x00, 0x00, 0x00, 0x00, 0x00, 0x00, 0x00, 0x00, 0x00, 0x00, 0x00,
    0x00, 0x00, 0x04, 0x00, 0x8b, 0xff, 0xfb, 0xff, 0xff, 0xff, 0xfb, 0xff, 0x72, 0x09, 0x03, 0x00,
    0x00, 0x00, 0x00, 0x03, 0x01, 0x00, 0x00, 0x00, 0x00, 0x00, 0x00, 0x00, 0x00, 0x00, 0x00, 0x00,
    0x00, 0x00, 0x00, 0x00, 0x00, 0x00, 0x00, 0x02, 0x01, 0x18, 0xe4, 0xff, 0xfc, 0xff, 0xff, 0xff,
    0xff, 0xff, 0xff, 0xfc, 0xff, 0xff, 0xe6, 0x9c, 0x5e, 0x37, 0x1e, 0x14, 0x07, 0x00, 0x00, 0x02,
    0x00, 0x00, 0x00, 0x00, 0x00, 0x00, 0x00, 0x00, 0x00, 0x00, 0x00, 0x00, 0x00, 0x00, 0x00, 0x00,
    0x00, 0x00, 0x00, 0x00, 0x00, 0x00, 0x00, 0x00, 0x00, 0x00, 0x00, 0x00, 0x00, 0x00, 0x00, 0x00,
    0x00, 0x00, 0x04, 0x00, 0x8e, 0xff, 0xfb, 0xff, 0xff, 0xff, 0xff, 0xff, 0xef, 0xe2, 0xd0, 0xae,
    0x72, 0x31, 0x00, 0x00, 0x00, 0x03, 0x00, 0x00, 0x00, 0x00, 0x00, 0x00, 0x00, 0x00, 0x00, 0x00,
    0x00, 0x00, 0x00, 0x00, 0x00, 0x00, 0x01, 0x03, 0x02, 0xbd, 0xff, 0xfb, 0xff, 0xff, 0xff, 0xff,
    0xff, 0xfe, 0xfe, 0xff, 0xd3, 0x67, 0x13, 0x00, 0x00, 0x00, 0x00, 0x00, 0x00, 0x03, 0x02, 0x00,
    0x00, 0x00, 0x00, 0x00, 0x00, 0x00, 0x00, 0x00, 0x00, 0x00, 0x00, 0x00, 0x00, 0x00, 0x00, 0x00,
    0x00, 0x00, 0x00, 0x00, 0x00, 0x00, 0x00, 0x00, 0x00, 0x00, 0x00, 0x00, 0x00, 0x00, 0x00, 0x00,
    0x00, 0x00, 0x03, 0x00, 0xa2, 0xff, 0xfb, 0xff, 0xff, 0xff, 0xff, 0xff, 0xff, 0xff, 0xff, 0xff,
    0xff, 0xff, 0xc9, 0x65, 0x0a, 0x00, 0x03, 0x01, 0x00, 0x00, 0x00, 0x00, 0x00, 0x00, 0x00, 0x00,
    0x00, 0x00, 0x00, 0x00, 0x00, 0x00, 0x03, 0x00, 0x6c, 0xff, 0xfb, 0xff, 0xff, 0xff, 0xff, 0xff,
    0xfd, 0xff, 0xff, 0x87, 0x09, 0x00, 0x00, 0x03, 0x04, 0x03, 0x02, 0x01, 0x01, 0x00, 0x00, 0x00,
    0x00, 0x00, 0x00, 0x00, 0x00, 0x00, 0x00, 0x00, 0x00, 0x00, 0x00, 0x00, 0x00, 0x00, 0x00, 0x00,
    0x00, 0x00, 0x00, 0x00, 0x00, 0x00, 0x00, 0x00, 0x00, 0x00, 0x00, 0x00, 0x00, 0x00, 0x00, 0x00,
    0x00, 0x00, 0x01, 0x00, 0xc7, 0xff, 0xfc, 0xff, 0xff, 0xff, 0xff, 0xff, 0xfe, 0xfd, 0xfd, 0xfc,
    0xfb, 0xff, 0xff, 0xff, 0xd5, 0x52, 0x00, 0x00, 0x02, 0x00, 0x00, 0x00, 0x00, 0x00, 0x00, 0x00,
    0x00, 0x00, 0x00, 0x00, 0x00, 0x02, 0x01, 0x1c, 0xf0, 0xfd, 0xfd, 0xff, 0xff, 0xff, 0xff, 0xfd,
    0xff, 0xf2, 0x4b, 0x00, 0x00, 0x04, 0x01, 0x00, 0x00, 0x00, 0x00, 0x00, 0x00, 0x00, 0x00, 0x00,
    0x00, 0x00, 0x00, 0x00, 0x00, 0x00, 0x00, 0x00, 0x00, 0x00, 0x00, 0x00, 0x00, 0x00, 0x00, 0x00,
    0x00, 0x00, 0x00, 0x00, 0x00, 0x00, 0x00, 0x00, 0x00, 0x00, 0x00, 0x00, 0x00, 0x00, 0x00, 0x00,
    0x00, 0x01, 0x00, 0x0d, 0xe8, 0xff, 0xfe, 0xff, 0xff, 0xff, 0xff, 0xff, 0xff, 0xff, 0xff, 0xff,
    0xff, 0xff, 0xfd, 0xfc, 0xff, 0xff, 0x9d, 0x09, 0x00, 0x02, 0x00, 0x00, 0x00, 0x00, 0x00, 0x00,
    0x00, 0x00, 0x00, 0x00, 0x00, 0x03, 0x00, 0x8e, 0xff, 0xfb, 0xff, 0xff, 0xff, 0xff, 0xfe, 0xfe,
    0xf1, 0x3b, 0x00, 0x05, 0x01, 0x00, 0x00, 0x00, 0x00, 0x00, 0x00, 0x00, 0x00, 0x00, 0x00, 0x00,
    0x00, 0x00, 0x00, 0x00, 0x00, 0x00, 0x00, 0x00, 0x00, 0x00, 0x00, 0x00, 0x00, 0x00, 0x00, 0x00,
    0x00, 0x00, 0x00, 0x00, 0x00, 0x00, 0x00, 0x00, 0x00, 0x00, 0x00, 0x00, 0x00, 0x00, 0x00, 0x00,
    0x00, 0x01, 0x00, 0x0b, 0xe8, 0xfe, 0xfe, 0xff, 0xff, 0xff, 0xff, 0xff, 0xff, 0xff, 0xff, 0xff,
    0xff, 0xff, 0xff, 0xff, 0xfd, 0xfc, 0xff, 0xc6, 0x18, 0x00, 0x02, 0x00, 0x00, 0x00, 0x00, 0x00,
    0x00, 0x00, 0x00, 0x00, 0x01, 0x00, 0x16, 0xee, 0xfe, 0xfe, 0xff, 0xff, 0xff, 0xfe, 0xfc, 0xfd,
    0x47, 0x00, 0x05, 0x00, 0x00, 0x00, 0x00, 0x00, 0x00, 0x00, 0x00, 0x00, 0x00, 0x00, 0x00, 0x00,
    0x00, 0x00, 0x00, 0x00, 0x00, 0x00, 0x00, 0x00, 0x00, 0x00, 0x00, 0x00, 0x00, 0x00, 0x00, 0x00,
    0x00, 0x00, 0x00, 0x00, 0x00, 0x00, 0x00, 0x00, 0x00, 0x00, 0x00, 0x00, 0x00, 0x00, 0x00, 0x00,
    0x00, 0x00, 0x02, 0x00, 0xb0, 0xff, 0xf8, 0xfe, 0xfe, 0xfe, 0xfe, 0xfe, 0xfe, 0xfe, 0xff, 0xff,
    0xff, 0xff, 0xff, 0xff, 0xff, 0xff, 0xfa, 0xff, 0xd5, 0x15, 0x00, 0x02, 0x00, 0x00, 0x00, 0x00,
    0x00, 0x00, 0x00, 0x00, 0x04, 0x00, 0x6b, 0xff, 0xfb, 0xff, 0xff, 0xff, 0xff, 0xfc, 0xff, 0x7f,
    0x00, 0x05, 0x00, 0x00, 0x00, 0x00, 0x00, 0x00, 0x00, 0x00, 0x00, 0x00, 0x00, 0x00, 0x00, 0x00,
    0x00, 0x00, 0x00, 0x00, 0x00, 0x00, 0x00, 0x00, 0x00, 0x00, 0x00, 0x00, 0x00, 0x00, 0x00, 0x00,
    0x00, 0x00, 0x00, 0x00, 0x00, 0x00, 0x00, 0x00, 0x00, 0x00, 0x00, 0x00, 0x00, 0x00, 0x00, 0x00,
    0x00, 0x00, 0x02, 0x01, 0x27, 0xeb, 0xff, 0xff, 0xff, 0xff, 0xff, 0xff, 0xff, 0xff, 0xfc, 0xfb,
    0xfe, 0xff, 0xff, 0xff, 0xff, 0xff, 0xff, 0xfb, 0xff, 0xc6, 0x0b, 0x03, 0x01, 0x00, 0x00, 0x00,
    0x00, 0x00, 0x00, 0x00, 0x01, 0x00, 0xc2, 0xfe, 0xfc, 0xff, 0xff, 0xff, 0xfc, 0xfe, 0xd3, 0x05,
    0x03, 0x01, 0x00, 0x00, 0x00, 0x00, 0x00, 0x00, 0x00, 0x00, 0x00, 0x00, 0x00, 0x00, 0x00, 0x00,
    0x00, 0x00, 0x00, 0x00, 0x00, 0x00, 0x00, 0x00, 0x00, 0x00, 0x00, 0x00, 0x00, 0x00, 0x00, 0x00,
    0x00, 0x00, 0x00, 0x00, 0x00, 0x00, 0x00, 0x00, 0x00, 0x00, 0x00, 0x00, 0x00, 0x00, 0x00, 0x00,
    0x00, 0x00, 0x00, 0x01, 0x00, 0x29, 0xa5, 0xdf, 0xee, 0xee, 0xef, 0xee, 0xf3, 0xff, 0xff, 0xff,
    0xff, 0xfc, 0xff, 0xff, 0xff, 0xff, 0xff, 0xff, 0xfa, 0xff, 0xa2, 0x00, 0x03, 0x00, 0x00, 0x00,
    0x00, 0x00, 0x00, 0x02, 0x00, 0x1b, 0xf6, 0xff, 0xfe, 0xff, 0xff, 0xff, 0xfc, 0xff, 0x59, 0x00,
    0x04, 0x00, 0x00, 0x00, 0x00, 0x00, 0x00, 0x00, 0x00, 0x00, 0x00, 0x00, 0x00, 0x00, 0x00, 0x00,
    0x00, 0x00, 0x00, 0x00, 0x00, 0x00, 0x00, 0x00, 0x00, 0x00, 0x00, 0x00, 0x00, 0x00, 0x00, 0x00,
    0x00, 0x00, 0x00, 0x00, 0x00, 0x00, 0x00, 0x00, 0x00, 0x00, 0x00, 0x00, 0x00, 0x00, 0x00, 0x00,
    0x00, 0x00, 0x00, 0x00, 0x02, 0x00, 0x00, 0x09, 0x10, 0x10, 0x11, 0x11, 0x1a, 0x2e, 0x59, 0xa0,
    0xf2, 0xff, 0xfd, 0xff, 0xff, 0xff, 0xff, 0xff, 0xff, 0xfa, 0xff, 0x50, 0x00, 0x03, 0x00, 0x00,
    0x00, 0x00, 0x00, 0x03, 0x00, 0x53, 0xff, 0xfc, 0xff, 0xff, 0xff, 0xfd, 0xff, 0xe4, 0x0a, 0x01,
    0x01, 0x00, 0x00, 0x00, 0x00, 0x00, 0x00, 0x00, 0x00, 0x00, 0x00, 0x00, 0x00, 0x00, 0x00, 0x00,
    0x00, 0x00, 0x00, 0x00, 0x00, 0x00, 0x00, 0x00, 0x00, 0x00, 0x00, 0x00, 0x00, 0x00, 0x00, 0x00,
    0x00, 0x00, 0x00, 0x00, 0x00, 0x00, 0x00, 0x00, 0x00, 0x00, 0x00, 0x00, 0x00, 0x00, 0x00, 0x00,
    0x00, 0x00, 0x00, 0x00, 0x00, 0x02, 0x03, 0x00, 0x00, 0x00, 0x00, 0x00, 0x00, 0x00, 0x00, 0x00,
    0x24, 0xa1, 0xff, 0xfd, 0xfe, 0xff, 0xff, 0xff, 0xff, 0xfd, 0xfe, 0xe0, 0x0a, 0x01, 0x01, 0x00,
    0x00, 0x00, 0x00, 0x04, 0x00, 0x84, 0xff, 0xfb, 0xff, 0xff, 0xff, 0xfb, 0xff, 0xa1, 0x00, 0x03,
    0x00, 0x00, 0x00, 0x00, 0x00, 0x00, 0x00, 0x00, 0x00, 0x00, 0x00, 0x00, 0x00, 0x00, 0x00, 0x00,
    0x00, 0x00, 0x00, 0x00, 0x00, 0x00, 0x00, 0x00, 0x00, 0x00, 0x00, 0x00, 0x00, 0x00, 0x00, 0x00,
    0x00, 0x00, 0x00, 0x00, 0x00, 0x00, 0x00, 0x00, 0x00, 0x00, 0x00, 0x00, 0x00, 0x00, 0x00, 0x00,
    0x00, 0x00, 0x00, 0x00, 0x00, 0x00, 0x00, 0x01, 0x01, 0x01, 0x01, 0x01, 0x01, 0x02, 0x03, 0x04,
    0x00, 0x00, 0x72, 0xff, 0xfc, 0xfe, 0xff, 0xff, 0xff, 0xff, 0xfc, 0xff, 0x66, 0x00, 0x04, 0x00,
    0x00, 0x00, 0x00, 0x03, 0x00, 0xa7, 0xff, 0xfc, 0xff, 0xff, 0xff, 0xfb, 0xff, 0x6a, 0x01, 0x04,
    0x00, 0x00, 0x00, 0x00, 0x00, 0x00, 0x00, 0x00, 0x00, 0x00, 0x00, 0x00, 0x00, 0x00, 0x00, 0x00,
    0x00, 0x00, 0x00, 0x00, 0x00, 0x00, 0x00, 0x00, 0x00, 0x00, 0x00, 0x00, 0x00, 0x00, 0x00, 0x00,
    0x00, 0x00, 0x00, 0x00, 0x00, 0x00, 0x00, 0x00, 0x00, 0x00, 0x00, 0x00, 0x00, 0x00, 0x00, 0x00,
    0x00, 0x00, 0x00, 0x00, 0x00, 0x00, 0x00, 0x00, 0x00, 0x00, 0x00, 0x00, 0x00, 0x00, 0x00, 0x00,
    0x02, 0x05, 0x00, 0x77, 0xff, 0xfc, 0xff, 0xff, 0xff, 0xff, 0xfc, 0xfe, 0xce, 0x01, 0x01, 0x00,
    0x00, 0x00, 0x00, 0x02, 0x00, 0xbe, 0xff, 0xfc, 0xff, 0xff, 0xff, 0xfd, 0xff, 0x47, 0x00, 0x03,
    0x00, 0x00, 0x00, 0x00, 0x00, 0x00, 0x00, 0x00, 0x00, 0x00, 0x00, 0x00, 0x00, 0x00, 0x00, 0x00,
    0x00, 0x00, 0x00, 0x00, 0x00, 0x00, 0x00, 0x00, 0x00, 0x00, 0x00, 0x00, 0x00, 0x00, 0x00, 0x00,
    0x00, 0x00, 0x00, 0x00, 0x00, 0x00, 0x00, 0x00, 0x00, 0x00, 0x00, 0x00, 0x00, 0x00, 0x00, 0x00,
    0x00, 0x00, 0x00, 0x00, 0x00, 0x00, 0x00, 0x00, 0x00, 0x00, 0x00, 0x00, 0x00, 0x00, 0x00, 0x00,
    0x00, 0x01, 0x05, 0x00, 0xaa, 0xff, 0xfc, 0xff, 0xff, 0xff, 0xff, 0xfe, 0xfc, 0x2d, 0x00, 0x02,
    0x00, 0x00, 0x00, 0x01, 0x00, 0xc7, 0xff, 0xfc, 0xff, 0xff, 0xff, 0xfe, 0xff, 0x38, 0x00, 0x03,
    0x00, 0x00, 0x00, 0x00, 0x00, 0x00, 0x00, 0x00, 0x00, 0x00, 0x00, 0x00, 0x00, 0x00, 0x00, 0x00,
    0x00, 0x00, 0x00, 0x00, 0x00, 0x00, 0x00, 0x00, 0x00, 0x00, 0x00, 0x00, 0x00, 0x00, 0x00, 0x00,
    0x00, 0x00, 0x00, 0x00, 0x00, 0x00, 0x00, 0x00, 0x00, 0x00, 0x00, 0x00, 0x00, 0x00, 0x00, 0x00,
    0x00, 0x00, 0x00, 0x00, 0x00, 0x00, 0x00, 0x00, 0x00, 0x00, 0x00, 0x00, 0x00, 0x00, 0x00, 0x00,
    0x00, 0x00, 0x02, 0x01, 0x20, 0xf3, 0xfe, 0xfe, 0xff, 0xff, 0xff, 0xfb, 0xff, 0x77, 0x00, 0x04,
    0x00, 0x00, 0x00, 0x01, 0x00, 0xc7, 0xff, 0xfc, 0xff, 0xff, 0xff, 0xfe, 0xff, 0x38, 0x00, 0x03,
    0x00, 0x00, 0x00, 0x00, 0x00, 0x00, 0x00, 0x00, 0x00, 0x00, 0x00, 0x00, 0x00, 0x00, 0x00, 0x00,
    0x00, 0x00, 0x00, 0x00, 0x00, 0x00, 0x00, 0x00, 0x00, 0x00, 0x00, 0x00, 0x00, 0x00, 0x00, 0x00,
    0x00, 0x00, 0x00, 0x00, 0x00, 0x00, 0x00, 0x00, 0x00, 0x00, 0x00, 0x00, 0x00, 0x00, 0x00, 0x00,
    0x00, 0x00, 0x00, 0x00, 0x00, 0x00, 0x00, 0x00, 0x00, 0x00, 0x00, 0x00, 0x00, 0x00, 0x00, 0x00,
    0x00, 0x00, 0x00, 0x04, 0x00, 0xa0, 0xff, 0xfb, 0xff, 0xff, 0xff, 0xfb, 0xff, 0xac, 0x00, 0x03,
    0x00, 0x00, 0x00, 0x02, 0x00, 0xbd, 0xff, 0xfc, 0xff, 0xff, 0xff, 0xfd, 0xff, 0x45, 0x00, 0x03,
    0x00, 0x00, 0x00, 0x00, 0x00, 0x00, 0x00, 0x00, 0x00, 0x00, 0x00, 0x00, 0x00, 0x00, 0x00, 0x00,
    0x00, 0x00, 0x00, 0x00, 0x00, 0x00, 0x00, 0x00, 0x00, 0x00, 0x00, 0x00, 0x00, 0x00, 0x00, 0x00,
    0x00, 0x00, 0x00, 0x00, 0x00, 0x00, 0x00, 0x00, 0x00, 0x00, 0x00, 0x00, 0x00, 0x00, 0x00, 0x00,
    0x00, 0x00, 0x00, 0x00, 0x00, 0x00, 0x00, 0x00, 0x00, 0x00, 0x00, 0x00, 0x00, 0x00, 0x00, 0x00,
    0x00, 0x00, 0x00, 0x04, 0x01, 0x54, 0xff, 0xfc, 0xff, 0xff, 0xff, 0xfd, 0xff, 0xcd, 0x00, 0x01,
    0x00, 0x00, 0x00, 0x03, 0x00, 0xa5, 0xff, 0xfc, 0xff, 0xff, 0xff, 0xfb, 0xff, 0x68, 0x01, 0x04,
    0x00, 0x00, 0x00, 0x00, 0x00, 0x00, 0x00, 0x00, 0x00, 0x00, 0x00, 0x00, 0x00, 0x00, 0x00, 0x00,
    0x00, 0x00, 0x00, 0x00, 0x00, 0x00, 0x00, 0x00, 0x00, 0x00, 0x00, 0x00, 0x00, 0x00, 0x00, 0x00,
    0x00, 0x00, 0x00, 0x00, 0x00, 0x00, 0x00, 0x00, 0x00, 0x00, 0x00, 0x00, 0x00, 0x00, 0x00, 0x00,
    0x00, 0x00, 0x00, 0x00, 0x00, 0x00, 0x00, 0x00, 0x00, 0x00, 0x00, 0x00, 0x00, 0x00, 0x00, 0x00,
    0x00, 0x00, 0x00, 0x02, 0x00, 0x2b, 0xfe, 0xff, 0xff, 0xff, 0xff, 0xfd, 0xff, 0xe2, 0x09, 0x00,
    0x00, 0x00, 0x00, 0x04, 0x00, 0x82, 0xff, 0xfb, 0xff, 0xff, 0xff, 0xfb, 0xff, 0xa0, 0x00, 0x03,
    0x00, 0x00, 0x00, 0x00, 0x00, 0x00, 0x00, 0x00, 0x00, 0x00, 0x00, 0x00, 0x00, 0x00, 0x00, 0x00,
    0x00, 0x00, 0x00, 0x00, 0x00, 0x00, 0x00, 0x00, 0x00, 0x00, 0x00, 0x00, 0x00, 0x00, 0x00, 0x00,
    0x00, 0x00, 0x00, 0x00, 0x00, 0x00, 0x00, 0x00, 0x00, 0x00, 0x00, 0x00, 0x00, 0x00, 0x00, 0x00,
    0x00, 0x00, 0x00, 0x00, 0x00, 0x00, 0x00, 0x00, 0x00, 0x00, 0x00, 0x00, 0x00, 0x00, 0x00, 0x00,
    0x00, 0x00, 0x00, 0x01, 0x00, 0x1a, 0xf4, 0xff, 0xfe, 0xff, 0xff, 0xfe, 0xff, 0xed, 0x0f, 0x00,
    0x00, 0x00, 0x00, 0x03, 0x00, 0x57, 0xff, 0xfc, 0xff, 0xff, 0xff, 0xfd, 0xff, 0xe4, 0x0a, 0x01,
    0x01, 0x00, 0x00, 0x00, 0x00, 0x00, 0x00, 0x00, 0x00, 0x00, 0x00, 0x00, 0x00, 0x00, 0x00, 0x00,
    0x00, 0x00, 0x00, 0x00, 0x00, 0x00, 0x00, 0x00, 0x00, 0x00, 0x00, 0x00, 0x00, 0x00, 0x00, 0x00,
    0x00, 0x00, 0x00, 0x00, 0x00, 0x00, 0x00, 0x00, 0x00, 0x00, 0x00, 0x00, 0x00, 0x00, 0x00, 0x00,
    0x00, 0x00, 0x00, 0x00, 0x00, 0x00, 0x00, 0x00, 0x00, 0x00, 0x00, 0x00, 0x00, 0x00, 0x00, 0x00,
    0x00, 0x00, 0x00, 0x01, 0x00, 0x19, 0xf3, 0xff, 0xfe, 0xff, 0xff, 0xfe, 0xff, 0xed, 0x0f, 0x00,
    0x00, 0x00, 0x00, 0x02, 0x00, 0x1f, 0xf8, 0xff, 0xfe, 0xff, 0xff, 0xff, 0xfc, 0xff, 0x58, 0x00,
    0x04, 0x00, 0x00, 0x00, 0x00, 0x00, 0x00, 0x00, 0x00, 0x00, 0x00, 0x00, 0x00, 0x00, 0x00, 0x00,
    0x00, 0x00, 0x00, 0x00, 0x00, 0x00, 0x00, 0x00, 0x00, 0x00, 0x00, 0x00, 0x00, 0x00, 0x00, 0x00,
    0x00, 0x00, 0x00, 0x00, 0x00, 0x00, 0x00, 0x00, 0x00, 0x00, 0x00, 0x00, 0x00, 0x00, 0x00, 0x00,
    0x00, 0x00, 0x00, 0x00, 0x00, 0x00, 0x00, 0x00, 0x00, 0x00, 0x00, 0x00, 0x00, 0x00, 0x00, 0x00,
    0x00, 0x00, 0x00, 0x02, 0x00, 0x2a, 0xfe, 0xff, 0xfe, 0xff, 0xff, 0xfd, 0xff, 0xe2, 0x08, 0x00,
    0x00, 0x00, 0x00, 0x00, 0x01, 0x01, 0xc6, 0xfe, 0xfc, 0xff, 0xff, 0xff, 0xfc, 0xfe, 0xd1, 0x04,
    0x03, 0x01, 0x00, 0x00, 0x00, 0x00, 0x00, 0x00, 0x00, 0x00, 0x00, 0x00, 0x00, 0x00, 0x00, 0x00,
    0x00, 0x00, 0x00, 0x00, 0x00, 0x00, 0x00, 0x00, 0x00, 0x00, 0x00, 0x00, 0x00, 0x00, 0x00, 0x00,
    0x00, 0x00, 0x00, 0x00, 0x00, 0x00, 0x00, 0x00, 0x00, 0x00, 0x00, 0x00, 0x00, 0x00, 0x00, 0x00,
    0x00, 0x00, 0x00, 0x00, 0x00, 0x00, 0x00, 0x00, 0x00, 0x00, 0x00, 0x00, 0x00, 0x00, 0x00, 0x00,
    0x00, 0x00, 0x00, 0x04, 0x01, 0x55, 0xff, 0xfc, 0xff, 0xff, 0xff, 0xfd, 0xff, 0xce, 0x00, 0x01,
    0x00, 0x00, 0x00, 0x00, 0x04, 0x00, 0x6d, 0xff, 0xfb, 0xff, 0xff, 0xff, 0xff, 0xfc, 0xff, 0x79,
    0x00, 0x05, 0x00, 0x00, 0x00, 0x00, 0x00, 0x00, 0x00, 0x00, 0x00, 0x00, 0x00, 0x00, 0x00, 0x00,
    0x00, 0x00, 0x00, 0x00, 0x00, 0x00, 0x00, 0x00, 0x00, 0x00, 0x00, 0x00, 0x00, 0x00, 0x00, 0x00,
    0x00, 0x00, 0x00, 0x00, 0x00, 0x00, 0x00, 0x00, 0x00, 0x00, 0x00, 0x00, 0x00, 0x00, 0x00, 0x00,
    0x00, 0x00, 0x00, 0x00, 0x00, 0x00, 0x00, 0x00, 0x00, 0x00, 0x00, 0x00, 0x00, 0x00, 0x00, 0x00,
    0x00, 0x00, 0x00, 0x04, 0x00, 0xa4, 0xff, 0xfb, 0xff, 0xff, 0xff, 0xfb, 0xff, 0xae, 0x00, 0x03,
    0x00, 0x00, 0x00, 0x00, 0x01, 0x00, 0x16, 0xee, 0xfe, 0xfe, 0xff, 0xff, 0xff, 0xfe, 0xfc, 0xfb,
    0x44, 0x00, 0x05, 0x00, 0x00, 0x00, 0x00, 0x00, 0x00, 0x00, 0x00, 0x00, 0x00, 0x00, 0x00, 0x00,
    0x00, 0x00, 0x00, 0x00, 0x00, 0x00, 0x00, 0x00, 0x00, 0x00, 0x00, 0x00, 0x00, 0x00, 0x00, 0x00,
    0x00, 0x00, 0x00, 0x00, 0x00, 0x00, 0x00, 0x00, 0x00, 0x00, 0x00, 0x00, 0x00, 0x00, 0x00, 0x00,
    0x00, 0x00, 0x00, 0x00, 0x00, 0x00, 0x00, 0x00, 0x00, 0x00, 0x00, 0x00, 0x00, 0x00, 0x00, 0x00,
    0x00, 0x00, 0x02, 0x01, 0x22, 0xf4, 0xfe, 0xfe, 0xff, 0xff, 0xff, 0xfb, 0xff, 0x77, 0x00, 0x04,
    0x00, 0x00, 0x00, 0x00, 0x00, 0x04, 0x00, 0x8a, 0xff, 0xfb, 0xff, 0xff, 0xff, 0xff, 0xfe, 0xfe,
    0xf1, 0x3c, 0x00, 0x04, 0x01, 0x00, 0x00, 0x00, 0x00, 0x00, 0x00, 0x00, 0x00, 0x00, 0x00, 0x00,
    0x00, 0x00, 0x00, 0x00, 0x00, 0x00, 0x00, 0x00, 0x00, 0x00, 0x00, 0x00, 0x00, 0x00, 0x00, 0x00,
    0x00, 0x00, 0x00, 0x00, 0x00, 0x00, 0x00, 0x00, 0x00, 0x00, 0x00, 0x00, 0x00, 0x00, 0x00, 0x00,
    0x00, 0x00, 0x00, 0x00, 0x00, 0x00, 0x00, 0x00, 0x00, 0x00, 0x00, 0x00, 0x00, 0x00, 0x00, 0x00,
    0x00, 0x01, 0x05, 0x00, 0xac, 0xff, 0xfc, 0xff, 0xff, 0xff, 0xff, 0xfe, 0xfc, 0x2e, 0x00, 0x02,
    0x00, 0x00, 0x00, 0x00, 0x00, 0x02, 0x01, 0x19, 0xed, 0xfd, 0xfd, 0xff, 0xff, 0xff, 0xff, 0xfd,
    0xff, 0xf4, 0x52, 0x00, 0x00, 0x04, 0x01, 0x00, 0x00, 0x00, 0x00, 0x00, 0x00, 0x00, 0x00, 0x00,
    0x00, 0x00, 0x00, 0x00, 0x00, 0x00, 0x00, 0x00, 0x00, 0x00, 0x00, 0x00, 0x00, 0x00, 0x00, 0x00,
    0x00, 0x00, 0x00, 0x00, 0x00, 0x00, 0x00, 0x00, 0x00, 0x00, 0x00, 0x00, 0x00, 0x00, 0x00, 0x00,
    0x00, 0x00, 0x00, 0x00, 0x00, 0x00, 0x00, 0x00, 0x00, 0x00, 0x00, 0x00, 0x00, 0x00, 0x00, 0x00,
    0x02, 0x04, 0x00, 0x78, 0xff, 0xfc, 0xff, 0xff, 0xff, 0xff, 0xfc, 0xfe, 0xcd, 0x01, 0x01, 0x00,
    0x00, 0x00, 0x00, 0x00, 0x00, 0x00, 0x03, 0x00, 0x69, 0xff, 0xfb, 0xff, 0xff, 0xff, 0xff, 0xff,
    0xfd, 0xff, 0xff, 0x8b, 0x0d, 0x00, 0x00, 0x03, 0x04, 0x03, 0x02, 0x01, 0x01, 0x01, 0x01, 0x01,
    0x01, 0x01, 0x01, 0x01, 0x01, 0x01, 0x01, 0x01, 0x01, 0x01, 0x01, 0x01, 0x01, 0x01, 0x01, 0x01,
    0x01, 0x01, 0x01, 0x01, 0x01, 0x01, 0x01, 0x01, 0x01, 0x01, 0x01, 0x01, 0x01, 0x01, 0x01, 0x01,
    0x01, 0x01, 0x01, 0x01, 0x01, 0x01, 0x01, 0x01, 0x01, 0x01, 0x01, 0x01, 0x02, 0x02, 0x03, 0x04,
    0x00, 0x00, 0x78, 0xff, 0xfc, 0xfe, 0xff, 0xff, 0xff, 0xff, 0xfc, 0xff, 0x62, 0x00, 0x04, 0x00,
    0x00, 0x00, 0x00, 0x00, 0x00, 0x00, 0x00, 0x03, 0x01, 0xb4, 0xff, 0xfb, 0xff, 0xff, 0xff, 0xff,
    0xff, 0xfe, 0xfe, 0xff, 0xdb, 0x6d, 0x14, 0x00, 0x00, 0x00, 0x00, 0x00, 0x00, 0x00, 0x00, 0x00,
    0x00, 0x00, 0x00, 0x00, 0x00, 0x00, 0x00, 0x00, 0x00, 0x00, 0x00, 0x00, 0x00, 0x00, 0x00, 0x00,
    0x00, 0x00, 0x00, 0x00, 0x00, 0x00, 0x00, 0x00, 0x00, 0x00, 0x00, 0x00, 0x00, 0x00, 0x00, 0x00,
    0x00, 0x00, 0x00, 0x00, 0x00, 0x00, 0x00, 0x00, 0x00, 0x00, 0x00, 0x00, 0x00, 0x00, 0x00, 0x00,
    0x2b, 0xac, 0xff, 0xfd, 0xff, 0xff, 0xff, 0xff, 0xff, 0xfd, 0xff, 0xdb, 0x08, 0x01, 0x01, 0x00,
    0x00, 0x00, 0x00, 0x00, 0x00, 0x00, 0x00, 0x02, 0x01, 0x14, 0xe1, 0xff, 0xfc, 0xff, 0xff, 0xff,
    0xff, 0xff, 0xff, 0xfc, 0xff, 0xff, 0xe7, 0xa7, 0x6d, 0x3d, 0x1f, 0x14, 0x11, 0x11, 0x11, 0x11,
    0x11, 0x11, 0x11, 0x11, 0x11, 0x11, 0x11, 0x11, 0x11, 0x11, 0x11, 0x11, 0x11, 0x11, 0x11, 0x11,
    0x11, 0x11, 0x11, 0x11, 0x11, 0x11, 0x11, 0x11, 0x11, 0x11, 0x11, 0x11, 0x11, 0x11, 0x11, 0x11,
    0x11, 0x11, 0x11, 0x11, 0x11, 0x11, 0x11, 0x11, 0x11, 0x11, 0x11, 0x11, 0x1c, 0x34, 0x5b, 0xa4,
    0xf6, 0xff, 0xfc, 0xff, 0xff, 0xff, 0xff, 0xff, 0xff, 0xfb, 0xff, 0x49, 0x00, 0x03, 0x00, 0x00,
    0x00, 0x00, 0x00, 0x00, 0x00, 0x00, 0x00, 0x00, 0x02, 0x00, 0x32, 0xef, 0xff, 0xfc, 0xff, 0xff,
    0xff, 0xff, 0xff, 0xff, 0xfd, 0xfc, 0xff, 0xff, 0xff, 0xff, 0xf7, 0xf0, 0xee, 0xef, 0xee, 0xee,
    0xee, 0xee, 0xee, 0xee, 0xee, 0xee, 0xee, 0xee, 0xee, 0xee, 0xee, 0xee, 0xee, 0xee, 0xee, 0xee,
    0xee, 0xee, 0xee, 0xee, 0xee, 0xee, 0xee, 0xee, 0xee, 0xee, 0xee, 0xee, 0xee, 0xee, 0xee, 0xee,
    0xee, 0xee, 0xee, 0xee, 0xee, 0xee, 0xee, 0xee, 0xee, 0xee, 0xef, 0xee, 0xf5, 0xff, 0xff, 0xff,
    0xff, 0xfc, 0xff, 0xff, 0xff, 0xff, 0xff, 0xff, 0xfa, 0xff, 0x98, 0x00, 0x03, 0x00, 0x00, 0x00,
    0x00, 0x00, 0x00, 0x00, 0x00, 0x00, 0x00, 0x00, 0x00, 0x03, 0x00, 0x3e, 0xf1, 0xff, 0xfb, 0xff,
    0xff, 0xff, 0xff, 0xff, 0xff, 0xff, 0xfe, 0xfc, 0xfb, 0xfd, 0xff, 0xff, 0xff, 0xff, 0xff, 0xff,
    0xff, 0xff, 0xff, 0xff, 0xff, 0xff, 0xff, 0xff, 0xff, 0xff, 0xff, 0xff, 0xff, 0xff, 0xff, 0xff,
    0xff, 0xff, 0xff, 0xff, 0xff, 0xff, 0xff, 0xff, 0xff, 0xff, 0xff, 0xff, 0xff, 0xff, 0xff, 0xff,
    0xff, 0xff, 0xff, 0xff, 0xff, 0xff, 0xff, 0xff, 0xff, 0xff, 0xff, 0xff, 0xff, 0xff, 0xfc, 0xfb,
    0xfe, 0xff, 0xff, 0xff, 0xff, 0xff, 0xff, 0xfb, 0xff, 0xc1, 0x07, 0x03, 0x01, 0x00, 0x00, 0x00,
    0x00, 0x00, 0x00, 0x00, 0x00, 0x00, 0x00, 0x00, 0x00, 0x00, 0x04, 0x00, 0x31, 0xdf, 0xff, 0xfb,
    0xfe, 0xff, 0xff, 0xff, 0xff, 0xff, 0xff, 0xff, 0xff, 0xff, 0xfe, 0xfe, 0xfe, 0xfe, 0xfe, 0xfe,
    0xfe, 0xfe, 0xfe, 0xfe, 0xfe, 0xfe, 0xfe, 0xfe, 0xfe, 0xfe, 0xfe, 0xfe, 0xfe, 0xfe, 0xfe, 0xfe,
    0xfe, 0xfe, 0xfe, 0xfe, 0xfe, 0xfe, 0xfe, 0xfe, 0xfe, 0xfe, 0xfe, 0xfe, 0xfe, 0xfe, 0xfe, 0xfe,
    0xfe, 0xfe, 0xfe, 0xfe, 0xfe, 0xfe, 0xfe, 0xfe, 0xfe, 0xfe, 0xfe, 0xfe, 0xfe, 0xff, 0xff, 0xff,
    0xff, 0xff, 0xff, 0xff, 0xff, 0xff, 0xfa, 0xff, 0xd5, 0x14, 0x00, 0x01, 0x00, 0x00, 0x00, 0x00,
    0x00, 0x00, 0x00, 0x00, 0x00, 0x00, 0x00, 0x00, 0x00, 0x00, 0x00, 0x03, 0x00, 0x1b, 0xb3, 0xff,
    0xff, 0xfb, 0xfe, 0xff, 0xff, 0xff, 0xff, 0xff, 0xff, 0xff, 0xff, 0xff, 0xff, 0xff, 0xff, 0xff,
    0xff, 0xff, 0xff, 0xff, 0xff, 0xff, 0xff, 0xff, 0xff, 0xff, 0xff, 0xff, 0xff, 0xff, 0xff, 0xff,
    0xff, 0xff, 0xff, 0xff, 0xff, 0xff, 0xff, 0xff, 0xff, 0xff, 0xff, 0xff, 0xff, 0xff, 0xff, 0xff,
    0xff, 0xff, 0xff, 0xff, 0xff, 0xff, 0xff, 0xff, 0xff, 0xff, 0xff, 0xff, 0xff, 0xff, 0xff, 0xff,
    0xff, 0xff, 0xff, 0xff, 0xfd, 0xfb, 0xff, 0xc9, 0x19, 0x00, 0x02, 0x00, 0x00, 0x00, 0x00, 0x00,
    0x00, 0x00, 0x00, 0x00, 0x00, 0x00, 0x00, 0x00, 0x00, 0x00, 0x00, 0x00, 0x03, 0x00, 0x00, 0x6a,
    0xe6, 0xff, 0xff, 0xfb, 0xfc, 0xfe, 0xff, 0xff, 0xff, 0xff, 0xff, 0xff, 0xff, 0xff, 0xff, 0xff,
    0xff, 0xff, 0xff, 0xff, 0xff, 0xff, 0xff, 0xff, 0xff, 0xff, 0xff, 0xff, 0xff, 0xff, 0xff, 0xff,
    0xff, 0xff, 0xff, 0xff, 0xff, 0xff, 0xff, 0xff, 0xff, 0xff, 0xff, 0xff, 0xff, 0xff, 0xff, 0xff,
    0xff, 0xff, 0xff, 0xff, 0xff, 0xff, 0xff, 0xff, 0xff, 0xff, 0xff, 0xff, 0xff, 0xff, 0xff, 0xff,
    0xff, 0xff, 0xfd, 0xfb, 0xff, 0xff, 0xa0, 0x0c, 0x00, 0x03, 0x00, 0x00, 0x00, 0x00, 0x00, 0x00,
    0x00, 0x00, 0x00, 0x00, 0x00, 0x00, 0x00, 0x00, 0x00, 0x00, 0x00, 0x00, 0x00, 0x01, 0x01, 0x00,
    0x15, 0x85, 0xe6, 0xff, 0xff, 0xff, 0xfc, 0xfb, 0xfc, 0xfd, 0xfe, 0xfe, 0xfe, 0xfe, 0xfe, 0xfe,
    0xfe, 0xfe, 0xfe, 0xfe, 0xfe, 0xfe, 0xfe, 0xfe, 0xfe, 0xfe, 0xfe, 0xfe, 0xfe, 0xfe, 0xfe, 0xfe,
    0xfe, 0xfe, 0xfe, 0xfe, 0xfe, 0xfe, 0xfe, 0xfe, 0xfe, 0xfe, 0xfe, 0xfe, 0xfe, 0xfe, 0xfe, 0xfe,
    0xfe, 0xfe, 0xfe, 0xfe, 0xfe, 0xfe, 0xfe, 0xfe, 0xfe, 0xfe, 0xfe, 0xfe, 0xfe, 0xfe, 0xfd, 0xfc,
    0xfb, 0xfe, 0xff, 0xff, 0xdb, 0x57, 0x00, 0x00, 0x02, 0x00, 0x00, 0x00, 0x00, 0x00, 0x00, 0x00,
    0x00, 0x00, 0x00, 0x00, 0x00, 0x00, 0x00, 0x00, 0x00, 0x00, 0x00, 0x00, 0x00, 0x00, 0x00, 0x03,
    0x00, 0x00, 0x14, 0x6d, 0xc1, 0xfa, 0xff, 0xff, 0xff, 0xff, 0xff, 0xff, 0xff, 0xff, 0xff, 0xff,
    0xff, 0xff, 0xff, 0xff, 0xff, 0xff, 0xff, 0xff, 0xff, 0xff, 0xff, 0xff, 0xff, 0xff, 0xff, 0xff,
    0xff, 0xff, 0xff, 0xff, 0xff, 0xff, 0xff, 0xff, 0xff, 0xff, 0xff, 0xff, 0xff, 0xff, 0xff, 0xff,
    0xff, 0xff, 0xff, 0xff, 0xff, 0xff, 0xff, 0xff, 0xff, 0xff, 0xff, 0xff, 0xff, 0xff, 0xff, 0xff,
    0xff, 0xff, 0xd0, 0x6e, 0x0e, 0x00, 0x02, 0x01, 0x00, 0x00, 0x00, 0x00, 0x00, 0x00, 0x00, 0x00,
    0x00, 0x00, 0x00, 0x00, 0x00, 0x00, 0x00, 0x00, 0x00, 0x00, 0x00, 0x00, 0x00, 0x00, 0x00, 0x00,
    0x01, 0x03, 0x00, 0x00, 0x00, 0x27, 0x5e, 0x90, 0xba, 0xd8, 0xe7, 0xec, 0xee, 0xee, 0xee, 0xee,
    0xee, 0xee, 0xee, 0xee, 0xee, 0xee, 0xee, 0xee, 0xee, 0xee, 0xee, 0xee, 0xee, 0xee, 0xee, 0xee,
    0xee, 0xee, 0xee, 0xee, 0xee, 0xee, 0xee, 0xee, 0xee, 0xee, 0xee, 0xee, 0xee, 0xee, 0xee, 0xee,
    0xee, 0xee, 0xee, 0xee, 0xee, 0xee, 0xee, 0xee, 0xee, 0xee, 0xee, 0xee, 0xec, 0xe5, 0xcf, 0xae,
    0x75, 0x36, 0x01, 0x00, 0x00, 0x03, 0x00, 0x00, 0x00, 0x00, 0x00, 0x00, 0x00, 0x00, 0x00, 0x00,
    0x00, 0x00, 0x00, 0x00, 0x00, 0x00, 0x00, 0x00, 0x00, 0x00, 0x00, 0x00, 0x00, 0x00, 0x00, 0x00,
    0x00, 0x00, 0x01, 0x04, 0x01, 0x00, 0x00, 0x00, 0x00, 0x03, 0x0c, 0x0f, 0x11, 0x11, 0x11, 0x11,
    0x11, 0x11, 0x11, 0x11, 0x11, 0x11, 0x11, 0x11, 0x11, 0x11, 0x11, 0x11, 0x11, 0x11, 0x11, 0x11,
    0x11, 0x11, 0x11, 0x11, 0x11, 0x11, 0x11, 0x11, 0x11, 0x11, 0x11, 0x11, 0x11, 0x11, 0x11, 0x11,
    0x11, 0x11, 0x11, 0x11, 0x11, 0x11, 0x11, 0x11, 0x11, 0x11, 0x11, 0x11, 0x0f, 0x0b, 0x00, 0x00,
    0x00, 0x00, 0x00, 0x03, 0x01, 0x00, 0x00, 0x00, 0x00, 0x00, 0x00, 0x00, 0x00, 0x00, 0x00, 0x00,
    0x00, 0x00, 0x00, 0x00, 0x00, 0x00, 0x00, 0x00, 0x00, 0x00, 0x00, 0x00, 0x00, 0x00, 0x00, 0x00,
    0x00, 0x00, 0x00, 0x00, 0x00, 0x02, 0x04, 0x04, 0x02, 0x00, 0x00, 0x00, 0x00, 0x00, 0x00, 0x00,
    0x00, 0x00, 0x00, 0x00, 0x00, 0x00, 0x00, 0x00, 0x00, 0x00, 0x00, 0x00, 0x00, 0x00, 0x00, 0x00,
    0x00, 0x00, 0x00, 0x00, 0x00, 0x00, 0x00, 0x00, 0x00, 0x00, 0x00, 0x00, 0x00, 0x00, 0x00, 0x00,
    0x00, 0x00, 0x00, 0x00, 0x00, 0x00, 0x00, 0x00, 0x00, 0x00, 0x00, 0x00, 0x00, 0x00, 0x00, 0x03,
    0x04, 0x03, 0x01, 0x00, 0x00, 0x00, 0x00, 0x00, 0x00, 0x00, 0x00, 0x00, 0x00, 0x00, 0x00, 0x00,
    0x00, 0x00, 0x00, 0x00, 0x00, 0x00, 0x00, 0x00, 0x00, 0x00, 0x00, 0x00, 0x00, 0x00, 0x00, 0x00,
    0x00, 0x00, 0x00, 0x00, 0x00, 0x00, 0x00, 0x00, 0x00, 0x01, 0x01, 0x01, 0x01, 0x01, 0x01, 0x01,
    0x01, 0x01, 0x01, 0x01, 0x01, 0x01, 0x01, 0x01, 0x01, 0x01, 0x01, 0x01, 0x01, 0x01, 0x01, 0x01,
    0x01, 0x01, 0x01, 0x01, 0x01, 0x01, 0x01, 0x01, 0x01, 0x01, 0x01, 0x01, 0x01, 0x01, 0x01, 0x01,
    0x01, 0x01, 0x01, 0x01, 0x01, 0x01, 0x01, 0x01, 0x01, 0x01, 0x01, 0x01, 0x01, 0x01, 0x00, 0x00,
    0x00, 0x00, 0x00, 0x00, 0x00, 0x00, 0x00, 0x00, 0x00, 0x00, 0x00, 0x00, 0x00, 0x00, 0x00, 0x00,
    0x00, 0x00, 0x00, 0x00, 0x00, 0x00, 0x00, 0x00, 0x00, 0x00, 0x00, 0x00, 0x00, 0x00, 0x00, 0x00,
    0x00, 0x00, 0x00, 0x00, 0x00, 0x00, 0x00, 0x00, 0x00, 0x00, 0x00, 0x00, 0x00, 0x00, 0x00, 0x00,
    0x00, 0x00, 0x00, 0x00, 0x00, 0x00, 0x00, 0x00, 0x00, 0x00, 0x00, 0x00, 0x00, 0x00, 0x00, 0x00,
    0x00, 0x00, 0x00, 0x00, 0x00, 0x00, 0x00, 0x00, 0x00, 0x00, 0x00, 0x00, 0x00, 0x00, 0x00, 0x00,
    0x00, 0x00, 0x00, 0x00, 0x00, 0x00, 0x00, 0x00, 0x00, 0x00, 0x00, 0x00, 0x00, 0x00, 0x00, 0x00,
    0x00, 0x00, 0x00, 0x00, 0x00, 0x00, 0x00, 0x00, 0x00, 0x00, 0x00, 0x00, 0x00, 0x00, 0x00, 0x00,
    0x00, 0x00, 0x00, 0x00, 0x00, 0x00, 0x00, 0x00, 0x00, 0x00, 0x00, 0x00, 0x00, 0x00, 0x00, 0x00,
    0x00, 0x00, 0x00, 0x00, 0x00, 0x00, 0x00, 0x00, 0x00, 0x00, 0x00, 0x00, 0x00, 0x00, 0x00, 0x00,
    0x00, 0x00, 0x00, 0x00, 0x00, 0x00, 0x00, 0x00, 0x00, 0x00, 0x00, 0x00, 0x00, 0x00, 0x00, 0x00,
    0x00, 0x00, 0x00, 0x00, 0x00, 0x00, 0x00, 0x00, 0x00, 0x00, 0x00, 0x00, 0x00, 0x00, 0x00, 0x00,
    0x00, 0x00, 0x00, 0x00, 0x00, 0x00, 0x00, 0x00, 0x00, 0x00, 0x00, 0x00, 0x00, 0x00, 0x00, 0x00,
    0x00, 0x00, 0x00, 0x00, 0x00, 0x00, 0x00, 0x00, 0x00, 0x00, 0x00, 0x00, 0x00, 0x00, 0x00, 0x00,
    0x00, 0x00, 0x00, 0x00, 0x00, 0x00, 0x00, 0x00, 0x00, 0x00, 0x00, 0x00, 0x00, 0x00, 0x00, 0x00,
    0x00, 0x00, 0x00, 0x01, 0x01, 0x01, 0x01, 0x01, 0x01, 0x01, 0x01, 0x01, 0x01, 0x01, 0x01, 0x01,
    0x01, 0x01, 0x01, 0x01, 0x01, 0x01, 0x01, 0x01, 0x01, 0x01, 0x01, 0x01, 0x01, 0x01, 0x01, 0x01,
    0x01, 0x01, 0x01, 0x01, 0x01, 0x01, 0x01, 0x01, 0x01, 0x01, 0x01, 0x01, 0x01, 0x01, 0x01, 0x01,
    0x01, 0x01, 0x01, 0x01, 0x01, 0x01, 0x01, 0x01, 0x01, 0x01, 0x01, 0x01, 0x01, 0x00, 0x00, 0x00,
    0x00, 0x00, 0x00, 0x00, 0x00, 0x00, 0x00, 0x00, 0x00, 0x00, 0x00, 0x00, 0x00, 0x00, 0x00, 0x00,
    0x00, 0x00, 0x00, 0x00, 0x00, 0x00, 0x00, 0x00, 0x00, 0x00, 0x00, 0x00, 0x00, 0x00, 0x00, 0x00,
    0x00, 0x02, 0x03, 0x00, 0x00, 0x00, 0x00, 0x00, 0x00, 0x00, 0x00, 0x00, 0x00, 0x00, 0x00, 0x00,
    0x00, 0x00, 0x00, 0x00, 0x00, 0x00, 0x00, 0x00, 0x00, 0x00, 0x00, 0x00, 0x00, 0x00, 0x00, 0x00,
    0x00, 0x00, 0x00, 0x00, 0x00, 0x00, 0x00, 0x00, 0x00, 0x00, 0x00, 0x00, 0x00, 0x00, 0x00, 0x00,
    0x00, 0x00, 0x00, 0x00, 0x00, 0x00, 0x00, 0x00, 0x00, 0x00, 0x00, 0x00, 0x00, 0x03, 0x02, 0x00,
    0x00, 0x00, 0x00, 0x00, 0x00, 0x00, 0x00, 0x00, 0x00, 0x00, 0x00, 0x00, 0x00, 0x00, 0x00, 0x00,
    0x00, 0x00, 0x00, 0x00, 0x00, 0x00, 0x00, 0x00, 0x00, 0x00, 0x00, 0x00, 0x00, 0x00, 0x00, 0x00,
    0x02, 0x00, 0x00, 0x0c, 0x10, 0x10, 0x11, 0x11, 0x11, 0x11, 0x11, 0x11, 0x11, 0x11, 0x11, 0x11,
    0x11, 0x11, 0x11, 0x11, 0x11, 0x11, 0x11, 0x11, 0x11, 0x11, 0x11, 0x11, 0x11, 0x11, 0x11, 0x11,
    0x11, 0x11, 0x11, 0x11, 0x11, 0x11, 0x11, 0x11, 0x11, 0x11, 0x11, 0x11, 0x11, 0x11, 0x11, 0x11,
    0x11, 0x11, 0x11, 0x11, 0x11, 0x11, 0x11, 0x11, 0x11, 0x11, 0x10, 0x10, 0x0c, 0x00, 0x00, 0x02,
    0x00, 0x00, 0x00, 0x00, 0x00, 0x00, 0x00, 0x00, 0x00, 0x00, 0x00, 0x00, 0x00, 0x00, 0x00, 0x00,
    0x00, 0x00, 0x00, 0x00, 0x00, 0x00, 0x00, 0x00, 0x00, 0x00, 0x00, 0x00, 0x00, 0x00, 0x00, 0x01,
    0x00, 0x28, 0xaa, 0xe5, 0xee, 0xee, 0xee, 0xee, 0xee, 0xee, 0xee, 0xee, 0xee, 0xee, 0xee, 0xee,
    0xee, 0xee, 0xee, 0xee, 0xee, 0xee, 0xee, 0xee, 0xee, 0xee, 0xee, 0xee, 0xee, 0xee, 0xee, 0xee,
    0xee, 0xee, 0xee, 0xee, 0xee, 0xee, 0xee, 0xee, 0xee, 0xee, 0xee, 0xee, 0xee, 0xee, 0xee, 0xee,
    0xee, 0xee, 0xee, 0xee, 0xee, 0xee, 0xee, 0xee, 0xee, 0xee, 0xee, 0xee, 0xe4, 0xa9, 0x27, 0x00,
    0x01, 0x00, 0x00, 0x00, 0x00, 0x00, 0x00, 0x00, 0x00, 0x00, 0x00, 0x00, 0x00, 0x00, 0x00, 0x00,
    0x00, 0x00, 0x00, 0x00, 0x00, 0x00, 0x00, 0x00, 0x00, 0x00, 0x00, 0x00, 0x00, 0x00, 0x02, 0x01,
    0x28, 0xea, 0xff, 0xff, 0xff, 0xff, 0xff, 0xff, 0xff, 0xff, 0xff, 0xff, 0xff, 0xff, 0xff, 0xff,
    0xff, 0xff, 0xff, 0xff, 0xff, 0xff, 0xff, 0xff, 0xff, 0xff, 0xff, 0xff, 0xff, 0xff, 0xff, 0xff,
    0xff, 0xff, 0xff, 0xff, 0xff, 0xff, 0xff, 0xff, 0xff, 0xff, 0xff, 0xff, 0xff, 0xff, 0xff, 0xff,
    0xff, 0xff, 0xff, 0xff, 0xff, 0xff, 0xff, 0xff, 0xff, 0xff, 0xff, 0xff, 0xff, 0xff, 0xea, 0x27,
    0x01, 0x02, 0x00, 0x00, 0x00, 0x00, 0x00, 0x00, 0x00, 0x00, 0x00, 0x00, 0x00, 0x00, 0x00, 0x00,
    0x00, 0x00, 0x00, 0x00, 0x00, 0x00, 0x00, 0x00, 0x00, 0x00, 0x00, 0x00, 0x00, 0x00, 0x02, 0x00,
    0xaf, 0xff, 0xf8, 0xfe, 0xfe, 0xfe, 0xfe, 0xfe, 0xfe, 0xfe, 0xfe, 0xfe, 0xfe, 0xfe, 0xfe, 0xfe,
    0xfe, 0xfe, 0xfe, 0xfe, 0xfe, 0xfe, 0xfe, 0xfe, 0xfe, 0xfe, 0xfe, 0xfe, 0xfe, 0xfe, 0xfe, 0xfe,
    0xfe, 0xfe, 0xfe, 0xfe, 0xfe, 0xfe, 0xfe, 0xfe, 0xfe, 0xfe, 0xfe, 0xfe, 0xfe, 0xfe, 0xfe, 0xfe,
    0xfe, 0xfe, 0xfe, 0xfe, 0xfe, 0xfe, 0xfe, 0xfe, 0xfe, 0xfe, 0xfe, 0xfe, 0xfe, 0xf8, 0xff, 0xaf,
    0x00, 0x02, 0x00, 0x00, 0x00, 0x00, 0x00, 0x00, 0x00, 0x00, 0x00, 0x00, 0x00, 0x00, 0x00, 0x00,
    0x00, 0x00, 0x00, 0x00, 0x00, 0x00, 0x00, 0x00, 0x00, 0x00, 0x00, 0x00, 0x00, 0x01, 0x00, 0x0b,
    0xe8, 0xfe, 0xfe, 0xff, 0xff, 0xff, 0xff, 0xff, 0xff, 0xff, 0xff, 0xff, 0xff, 0xff, 0xff, 0xff,
    0xff, 0xff, 0xff, 0xff, 0xff, 0xff, 0xff, 0xff, 0xff, 0xff, 0xff, 0xff, 0xff, 0xff, 0xff, 0xff,
    0xff, 0xff, 0xff, 0xff, 0xff, 0xff, 0xff, 0xff, 0xff, 0xff, 0xff, 0xff, 0xff, 0xff, 0xff, 0xff,
    0xff, 0xff, 0xff, 0xff, 0xff, 0xff, 0xff, 0xff, 0xff, 0xff, 0xff, 0xff, 0xff, 0xfe, 0xfe, 0xe8,
    0x0b, 0x00, 0x01, 0x00, 0x00, 0x00, 0x00, 0x00, 0x00, 0x00, 0x00, 0x00, 0x00, 0x00, 0x00, 0x00,
    0x00, 0x00, 0x00, 0x00, 0x00, 0x00, 0x00, 0x00, 0x00, 0x00, 0x00, 0x00, 0x00, 0x01, 0x00, 0x0b,
    0xe8, 0xfe, 0xfe, 0xff, 0xff, 0xff, 0xff, 0xff, 0xff, 0xff, 0xff, 0xff, 0xff, 0xff, 0xff, 0xff,
    0xff, 0xff, 0xff, 0xff, 0xff, 0xff, 0xff, 0xff, 0xff, 0xff, 0xff, 0xff, 0xff, 0xff, 0xff, 0xff,
    0xff, 0xff, 0xff, 0xff, 0xff, 0xff, 0xff, 0xff, 0xff, 0xff, 0xff, 0xff, 0xff, 0xff, 0xff, 0xff,
    0xff, 0xff, 0xff, 0xff, 0xff, 0xff, 0xff, 0xff, 0xff, 0xff, 0xff, 0xff, 0xff, 0xfe, 0xfe, 0xe8,
    0x0b, 0x00, 0x01, 0x00, 0x00, 0x00, 0x00, 0x00, 0x00, 0x00, 0x00, 0x00, 0x00, 0x00, 0x00, 0x00,
    0x00, 0x00, 0x00, 0x00, 0x00, 0x00, 0x00, 0x00, 0x00, 0x00, 0x00, 0x00, 0x00, 0x00, 0x02, 0x00,
    0xb0, 0xff, 0xf8, 0xfe, 0xfe, 0xfe, 0xfe, 0xfe, 0xfe, 0xfe, 0xfe, 0xfe, 0xfe, 0xfe, 0xfe, 0xfe,
    0xfe, 0xfe, 0xfe, 0xfe, 0xfe, 0xfe, 0xfe, 0xfe, 0xfe, 0xfe, 0xfe, 0xfe, 0xfe, 0xfe, 0xfe, 0xfe,
    0xfe, 0xfe, 0xfe, 0xfe, 0xfe, 0xfe, 0xfe, 0xfe, 0xfe, 0xfe, 0xfe, 0xfe, 0xfe, 0xfe, 0xfe, 0xfe,
    0xfe, 0xfe, 0xfe, 0xfe, 0xfe, 0xfe, 0xfe, 0xfe, 0xfe, 0xfe, 0xfe, 0xfe, 0xfe, 0xf8, 0xff, 0xaf,
    0x00, 0x03, 0x00, 0x00, 0x00, 0x00, 0x00, 0x00, 0x00, 0x00, 0x00, 0x00, 0x00, 0x00, 0x00, 0x00,
    0x00, 0x00, 0x00, 0x00, 0x00, 0x00, 0x00, 0x00, 0x00, 0x00, 0x00, 0x00, 0x00, 0x00, 0x02, 0x01,
    0x2b, 0xec, 0xff, 0xff, 0xff, 0xff, 0xff, 0xff, 0xff, 0xff, 0xff, 0xff, 0xff, 0xff, 0xff, 0xff,
    0xff, 0xff, 0xff, 0xff, 0xff, 0xff, 0xff, 0xff, 0xff, 0xff, 0xff, 0xff, 0xff, 0xff, 0xff, 0xff,
    0xff, 0xff, 0xff, 0xff, 0xff, 0xff, 0xff, 0xff, 0xff, 0xff, 0xff, 0xff, 0xff, 0xff, 0xff, 0xff,
    0xff, 0xff, 0xff, 0xff, 0xff, 0xff, 0xff, 0xff, 0xff, 0xff, 0xff, 0xff, 0xff, 0xff, 0xeb, 0x29,
    0x01, 0x02, 0x00, 0x00, 0x00, 0x00, 0x00, 0x00, 0x00, 0x00, 0x00, 0x00, 0x00, 0x00, 0x00, 0x00,
    0x00, 0x00, 0x00, 0x00, 0x00, 0x00, 0x00, 0x00, 0x00, 0x00, 0x00, 0x00, 0x00, 0x00, 0x00, 0x01,
    0x00, 0x28, 0xa8, 0xe4, 0xee, 0xee, 0xee, 0xee, 0xee, 0xee, 0xee, 0xee, 0xee, 0xee, 0xee, 0xee,
    0xee, 0xee, 0xee, 0xee, 0xee, 0xee, 0xee, 0xee, 0xee, 0xee, 0xee, 0xee, 0xee, 0xee, 0xee, 0xee,
    0xee, 0xee, 0xee, 0xee, 0xee, 0xee, 0xee, 0xee, 0xee, 0xee, 0xee, 0xee, 0xee, 0xee, 0xee, 0xee,
    0xee, 0xee, 0xee, 0xee, 0xee, 0xee, 0xee, 0xee, 0xee, 0xee, 0xee, 0xee, 0xe5, 0xa8, 0x27, 0x00,
    0x01, 0x00, 0x00, 0x00, 0x00, 0x00, 0x00, 0x00, 0x00, 0x00, 0x00, 0x00, 0x00, 0x00, 0x00, 0x00,
    0x00, 0x00, 0x00, 0x00, 0x00, 0x00, 0x00, 0x00, 0x00, 0x00, 0x00, 0x00, 0x00, 0x00, 0x00, 0x00,
    0x02, 0x00, 0x00, 0x0c, 0x10, 0x10, 0x11, 0x11, 0x11, 0x11, 0x11, 0x11, 0x11, 0x11, 0x11, 0x11,
    0x11, 0x11, 0x11, 0x11, 0x11, 0x11, 0x11, 0x11, 0x11, 0x11, 0x11, 0x11, 0x11, 0x11, 0x11, 0x11,
    0x11, 0x11, 0x11, 0x11, 0x11, 0x11, 0x11, 0x11, 0x11, 0x11, 0x11, 0x11, 0x11, 0x11, 0x11, 0x11,
    0x11, 0x11, 0x11, 0x11, 0x11, 0x11, 0x11, 0x11, 0x11, 0x11, 0x10, 0x10, 0x0c, 0x00, 0x00, 0x02,
    0x00, 0x00, 0x00, 0x00, 0x00, 0x00, 0x00, 0x00, 0x00, 0x00, 0x00, 0x00, 0x00, 0x00, 0x00, 0x00,
    0x00, 0x00, 0x00, 0x00, 0x00, 0x00, 0x00, 0x00, 0x00, 0x00, 0x00, 0x00, 0x00, 0x00, 0x00, 0x00,
    0x00, 0x02, 0x03, 0x00, 0x00, 0x00, 0x00, 0x00, 0x00, 0x00, 0x00, 0x00, 0x00, 0x00, 0x00, 0x00,
    0x00, 0x00, 0x00, 0x00, 0x00, 0x00, 0x00, 0x00, 0x00, 0x00, 0x00, 0x00, 0x00, 0x00, 0x00, 0x00,
    0x00, 0x00, 0x00, 0x00, 0x00, 0x00, 0x00, 0x00, 0x00, 0x00, 0x00, 0x00, 0x00, 0x00, 0x00, 0x00,
    0x00, 0x00, 0x00, 0x00, 0x00, 0x00, 0x00, 0x00, 0x00, 0x00, 0x00, 0x00, 0x00, 0x03, 0x02, 0x00,
    0x00, 0x00, 0x00, 0x00, 0x00, 0x00, 0x00, 0x00, 0x00, 0x00, 0x00, 0x00, 0x00, 0x00, 0x00, 0x00,
    0x00, 0x00, 0x00, 0x00, 0x00, 0x00, 0x00, 0x00, 0x00, 0x00, 0x00, 0x00, 0x00, 0x00, 0x00, 0x00,
    0x00, 0x00, 0x00, 0x01, 0x01, 0x01, 0x01, 0x01, 0x01, 0x01, 0x01, 0x01, 0x01, 0x01, 0x01, 0x01,
    0x01, 0x01, 0x01, 0x01, 0x01, 0x01, 0x01, 0x01, 0x01, 0x01, 0x01, 0x01, 0x01, 0x01, 0x01, 0x01,
    0x01, 0x01, 0x01, 0x01, 0x01, 0x01, 0x01, 0x01, 0x01, 0x01, 0x01, 0x01, 0x01, 0x01, 0x01, 0x01,
    0x01, 0x01, 0x01, 0x01, 0x01, 0x01, 0x01, 0x01, 0x01, 0x01, 0x01, 0x01, 0x01, 0x00, 0x00, 0x00,
    0x00, 0x00, 0x00, 0x00, 0x00, 0x00, 0x00, 0x00, 0x00, 0x00, 0x00, 0x00, 0x00, 0x00, 0x00, 0x00,
    0x00, 0x00, 0x00, 0x00, 0x00, 0x00, 0x00, 0x00, 0x00, 0x00, 0x00, 0x00, 0x00, 0x00, 0x00, 0x00,
    0x00, 0x00, 0x00, 0x00, 0x00, 0x00, 0x00, 0x00, 0x00, 0x00, 0x00, 0x00, 0x00, 0x00, 0x00, 0x00,
    0x00, 0x00, 0x00, 0x00, 0x00, 0x00, 0x00, 0x00, 0x00, 0x00, 0x00, 0x00, 0x00, 0x00, 0x00, 0x00,
    0x00, 0x00, 0x00, 0x00, 0x00, 0x00, 0x00, 0x00, 0x00, 0x00, 0x00, 0x00, 0x00, 0x00, 0x00, 0x00,
    0x00, 0x00, 0x00, 0x00, 0x00, 0x00, 0x00, 0x00, 0x00, 0x00, 0x00, 0x00, 0x00, 0x00, 0x00, 0x00,
    0x00, 0x00, 0x00, 0x00, 0x00, 0x00, 0x00, 0x00, 0x00, 0x00, 0x00, 0x00, 0x00, 0x00, 0x00, 0x00,
    0x00, 0x00, 0x00, 0x00, 0x00, 0x00, 0x00, 0x00, 0x00, 0x00, 0x00, 0x00, 0x00, 0x00, 0x00, 0x00,
    0x00, 0x00, 0x00, 0x00, 0x00, 0x00, 0x00, 0x00, 0x00, 0x00, 0x00, 0x00, 0x00, 0x00, 0x00, 0x00,
    0x00, 0x00, 0x00, 0x00, 0x00, 0x00, 0x00, 0x00, 0x00, 0x00, 0x00, 0x00, 0x00, 0x00, 0x00, 0x00,
    0x00, 0x00, 0x00, 0x00, 0x00, 0x00, 0x00, 0x00, 0x00, 0x00, 0x00, 0x00, 0x00, 0x00, 0x00, 0x00,
    0x00, 0x00, 0x00, 0x00, 0x00, 0x00, 0x00, 0x00, 0x00, 0x00, 0x00, 0x00, 0x00, 0x00, 0x00, 0x00,
    0x00, 0x00, 0x00, 0x00, 0x00, 0x00, 0x00, 0x00, 0x00, 0x00, 0x00, 0x00, 0x00, 0x00, 0x00, 0x00,
    0x00, 0x00, 0x00, 0x00, 0x00, 0x00, 0x00, 0x00, 0x00, 0x00, 0x00, 0x00, 0x00, 0x00, 0x00, 0x00,
    0x00, 0x00, 0x00, 0x00, 0x00, 0x00, 0x00, 0x00, 0x00, 0x00, 0x00, 0x00, 0x00, 0x00, 0x00, 0x00,
    0x00, 0x00, 0x00, 0x00, 0x00, 0x00, 0x00, 0x00, 0x00, 0x00, 0x00, 0x00, 0x00, 0x00, 0x00, 0x00,
    0x00, 0x00, 0x00, 0x00, 0x00, 0x00, 0x00, 0x00, 0x00, 0x00, 0x00, 0x00, 0x00, 0x00, 0x00, 0x00,
    0x00, 0x00, 0x00, 0x00, 0x00, 0x00, 0x00, 0x00, 0x00, 0x00, 0x00, 0x00, 0x00, 0x00, 0x00, 0x00,
    0x00, 0x00, 0x00, 0x00, 0x00, 0x00, 0x00, 0x00, 0x00, 0x00, 0x00, 0x00, 0x00, 0x00, 0x00, 0x00,
    0x00, 0x00, 0x00, 0x00, 0x00, 0x00, 0x00, 0x00, 0x00, 0x00, 0x00, 0x00, 0x00, 0x00, 0x00, 0x00,
    0x00, 0x00, 0x00, 0x00, 0x00, 0x00, 0x00, 0x00, 0x00, 0x00, 0x00, 0x00, 0x00, 0x00, 0x00, 0x00,
    0x00, 0x00, 0x00, 0x00, 0x00, 0x00, 0x00, 0x00, 0x00, 0x00, 0x00, 0x00, 0x00, 0x00, 0x00, 0x00,
    0x00, 0x00, 0x00, 0x00, 0x00, 0x00, 0x00, 0x00, 0x00, 0x00, 0x00, 0x00, 0x00, 0x00, 0x00, 0x00,
    0x00, 0x00, 0x00, 0x00, 0x00, 0x00, 0x00, 0x00, 0x00, 0x00, 0x00, 0x00, 0x00, 0x00, 0x00, 0x00,
    0x00, 0x00, 0x00, 0x00, 0x00, 0x00, 0x00, 0x00, 0x00, 0x00, 0x00, 0x00, 0x00, 0x00, 0x00, 0x00,
    0x00, 0x00, 0x00, 0x00, 0x00, 0x00, 0x00, 0x00, 0x00, 0x00, 0x00, 0x00, 0x00, 0x00, 0x00, 0x00,
    0x00, 0x00, 0x00, 0x00, 0x00, 0x00, 0x00, 0x00, 0x00, 0x00, 0x00, 0x00, 0x00, 0x00, 0x00, 0x00,
    0x00, 0x00, 0x00, 0x00, 0x00, 0x00, 0x00, 0x00, 0x00, 0x00, 0x00, 0x00, 0x00, 0x00, 0x00, 0x00,
    0x00, 0x00, 0x00, 0x00, 0x00, 0x00, 0x00, 0x00, 0x00, 0x00, 0x00, 0x00, 0x00, 0x00, 0x00, 0x00,
    0x00, 0x00, 0x00, 0x00, 0x00, 0x00, 0x00, 0x00, 0x00, 0x00, 0x00, 0x00, 0x00, 0x00, 0x00, 0x00,
    0x00, 0x00, 0x00, 0x00, 0x00, 0x00, 0x00, 0x00, 0x00, 0x00, 0x00, 0x00, 0x00, 0x00, 0x00, 0x00,
    0x00, 0x00, 0x00, 0x00, 0x00, 0x00, 0x00, 0x00, 0x00, 0x00, 0x00, 0x00, 0x00, 0x00, 0x00, 0x00,
    0x00, 0x00, 0x00, 0x00, 0x00, 0x00, 0x00, 0x00, 0x00, 0x00, 0x00, 0x00, 0x00, 0x00, 0x00, 0x00,
    0x00, 0x00, 0x00, 0x00, 0x00, 0x00, 0x00, 0x00, 0x00, 0x00, 0x00, 0x00, 0x00, 0x00, 0x00, 0x00,
    0x00, 0x00, 0x00, 0x00, 0x00, 0x00, 0x00, 0x00, 0x00, 0x00, 0x00, 0x00, 0x00, 0x00, 0x00, 0x00,
    0x00, 0x00, 0x00, 0x00, 0x00, 0x00, 0x00, 0x00, 0x00, 0x00, 0x00, 0x00, 0x00, 0x00, 0x00, 0x00,
    0x00, 0x00, 0x00, 0x00, 0x00, 0x00, 0x00, 0x00, 0x00, 0x00, 0x00, 0x00, 0x00, 0x00, 0x00, 0x00,
    0x00, 0x00, 0x00, 0x00, 0x00, 0x00, 0x00, 0x00, 0x00, 0x00, 0x00, 0x00, 0x00, 0x00, 0x00, 0x00,
    0x00, 0x00, 0x00, 0x00, 0x00, 0x00, 0x00, 0x00, 0x00, 0x00, 0x00, 0x00, 0x00, 0x00, 0x00, 0x00,
    0x00, 0x00, 0x00, 0x00, 0x00, 0x00, 0x00, 0x00, 0x00, 0x00, 0x00, 0x00, 0x00, 0x00, 0x00, 0x00,
    0x00, 0x00, 0x00, 0x00, 0x00, 0x00, 0x00, 0x00, 0x00, 0x00, 0x00, 0x00, 0x00, 0x00, 0x00, 0x00,
    0x00, 0x00, 0x00, 0x00, 0x00, 0x00, 0x00, 0x00, 0x00, 0x00, 0x00, 0x00, 0x00, 0x00, 0x00, 0x00,
    0x00, 0x00, 0x00, 0x00, 0x00, 0x00, 0x00, 0x00, 0x00, 0x00, 0x00, 0x00, 0x00, 0x00, 0x00, 0x00,
    0x00, 0x00, 0x00, 0x00, 0x00, 0x00, 0x00, 0x00, 0x00, 0x00, 0x00, 0x00, 0x00, 0x00, 0x00, 0x00,
    0x00, 0x00, 0x00, 0x00, 0x00, 0x00, 0x00, 0x00, 0x00, 0x00, 0x00, 0x00, 0x00, 0x00, 0x00, 0x00,
    0x00, 0x00, 0x00, 0x00, 0x00, 0x00, 0x00, 0x00, 0x00, 0x00, 0x00, 0x00, 0x00, 0x00, 0x00, 0x00,
    0x00, 0x00, 0x00, 0x00, 0x00, 0x00, 0x00, 0x00, 0x00, 0x00, 0x00, 0x00, 0x00, 0x00, 0x00, 0x00,
    0x00, 0x00, 0x00, 0x00, 0x00, 0x00, 0x00, 0x00, 0x00, 0x00, 0x00, 0x00, 0x00, 0x00, 0x00, 0x00,
    0x00, 0x00, 0x00, 0x00, 0x00, 0x00, 0x00, 0x00, 0x00, 0x00, 0x00, 0x00, 0x00, 0x00, 0x00, 0x00,
    0x00, 0x00, 0x00, 0x00, 0x00, 0x00, 0x00, 0x00, 0x00, 0x00, 0x00, 0x00, 0x00, 0x00, 0x00, 0x00,
    0x00, 0x00, 0x00, 0x00, 0x00, 0x00, 0x00, 0x00, 0x00, 0x00, 0x00, 0x00, 0x00, 0x00, 0x00, 0x00,
    0x00, 0x00, 0x00, 0x00, 0x00, 0x00, 0x00, 0x00, 0x00, 0x00, 0x00, 0x00, 0x00, 0x00, 0x00, 0x00,
    0x00, 0x00, 0x00, 0x00, 0x00, 0x00, 0x00, 0x00, 0x00, 0x00, 0x00, 0x00, 0x00, 0x00, 0x00, 0x00,
    0x00, 0x00, 0x00, 0x00, 0x00, 0x00, 0x00, 0x00, 0x00, 0x00, 0x00, 0x00, 0x00, 0x00, 0x00, 0x00,
    0x00, 0x00, 0x00, 0x00, 0x00, 0x00, 0x00, 0x00, 0x00, 0x00, 0x00, 0x00, 0x00, 0x00, 0x00, 0x00,
};

/* cloud-rain 16px */
static const uint8_t icon_cloud_rain_16_map[] = {
    0x00, 0x00, 0x00, 0x00, 0x00, 0x00, 0x02, 0x04, 0x04, 0x03, 0x01, 0x00, 0x00, 0x00, 0x00, 0x00,
    0x00, 0x00, 0x00, 0x00, 0x00, 0x03, 0x00, 0x00, 0x00, 0x00, 0x00, 0x02, 0x00, 0x00, 0x00, 0x00,
    0x00, 0x00, 0x00, 0x00, 0x00, 0x00, 0x1f, 0x62, 0x7a, 0x4a, 0x08, 0x00, 0x02, 0x00, 0x00, 0x00,
    0x00, 0x00, 0x03, 0x05, 0x02, 0x88, 0xff, 0xff, 0xff, 0xff, 0xe0, 0x48, 0x00, 0x02, 0x00, 0x00,
    0x00, 0x02, 0x00, 0x00, 0x7c, 0xff, 0xad, 0x39, 0x20, 0x49, 0xde, 0xfd, 0x33, 0x04, 0x03, 0x00,
    0x02, 0x00, 0x33, 0xa2, 0xff, 0xba, 0x00, 0x00, 0x00, 0x00, 0x19, 0xf4, 0xab, 0x00, 0x02, 0x01,
    0x00, 0x45, 0xfd, 0xff, 0xcf, 0x35, 0x00, 0x00, 0x02, 0x06, 0x00, 0xc3, 0xee, 0x48, 0x04, 0x00,
    0x0a, 0xe5, 0xe3, 0x2f, 0x00, 0x00, 0x07, 0x1b, 0x00, 0x05, 0x03, 0xb1, 0xff, 0xff, 0xc2, 0x13,
    0x3a, 0xff, 0x60, 0x00, 0x08, 0x01, 0x64, 0xf0, 0x19, 0x00, 0x00, 0x13, 0x2c, 0x70, 0xff, 0x95,
    0x3a, 0xff, 0x68, 0x00, 0x09, 0x01, 0x7f, 0xff, 0x1a, 0x84, 0x8e, 0x00, 0x00, 0x00, 0xd7, 0xdd,
    0x0a, 0xe3, 0xe6, 0x29, 0x00, 0x00, 0x3f, 0xac, 0x05, 0xe0, 0xe4, 0x00, 0x00, 0x2f, 0xf4, 0xba,
    0x00, 0x42, 0xfc, 0xff, 0xd9, 0x3c, 0x35, 0xaf, 0x05, 0xab, 0xaa, 0x0a, 0xc6, 0xff, 0xf6, 0x39,
    0x02, 0x00, 0x2f, 0x95, 0xce, 0x35, 0x73, 0xff, 0x1b, 0x4d, 0x53, 0x0d, 0xc3, 0xae, 0x31, 0x00,
    0x00, 0x02, 0x00, 0x00, 0x00, 0x00, 0x62, 0xee, 0x0d, 0xce, 0xd6, 0x00, 0x00, 0x00, 0x00, 0x02,
    0x00, 0x00, 0x02, 0x04, 0x02, 0x01, 0x05, 0x1b, 0x00, 0xd6, 0xd5, 0x00, 0x04, 0x03, 0x02, 0x00,
    0x00, 0x00, 0x00, 0x00, 0x00, 0x00, 0x00, 0x00, 0x00, 0x4f, 0x4e, 0x00, 0x02, 0x00, 0x00, 0x00,
};

/* cloud-rain 24px */
static const uint8_t icon_cloud_rain_24_map[] = {
    0x00, 0x00, 0x00, 0x00, 0x00, 0x00, 0x00, 0x00, 0x00, 0x00, 0x00, 0x00, 0x00, 0x00, 0x00, 0x00,
    0x00, 0x00, 0x00, 0x00, 0x00, 0x00, 0x00, 0x00, 0x00, 0x00, 0x00, 0x00, 0x00, 0x00, 0x00, 0x00,
    0x00, 0x00, 0x00, 0x01, 0x01, 0x01, 0x00, 0x00, 0x00, 0x00, 0x00, 0x00, 0x00, 0x00, 0x00, 0x00,
    0x00, 0x00, 0x00, 0x00, 0x00, 0x00, 0x00, 0x00, 0x01, 0x03, 0x01, 0x00, 0x00, 0x00, 0x02, 0x03,
    0x01, 0x00, 0x00, 0x00, 0x00, 0x00, 0x00, 0x00, 0x00, 0x00, 0x00, 0x00, 0x00, 0x00, 0x00, 0x01,
    0x00, 0x00, 0x00, 0x10, 0x17, 0x0c, 0x00, 0x00, 0x00, 0x01, 0x00, 0x00, 0x00, 0x00, 0x00, 0x00,
    0x00, 0x00, 0x00, 0x00, 0x00, 0x00, 0x01, 0x00, 0x01, 0x5f, 0xba, 0xec, 0xf8, 0xe8, 0xba, 0x64,
    0x05, 0x00, 0x02, 0x00, 0x00, 0x00, 0x00, 0x00, 0x00, 0x00, 0x00, 0x00, 0x00, 0x02, 0x00, 0x1c,
    0xbc, 0xff, 0xff, 0xfc, 0xed, 0xff, 0xff, 0xff, 0xc3, 0x1c, 0x00, 0x02, 0x00, 0x00, 0x00, 0x00,
    0x00, 0x00, 0x00, 0x01, 0x04, 0x03, 0x0b, 0xd0, 0xff, 0xd4, 0x61, 0x20, 0x0f, 0x24, 0x68, 0xdd,
    0xff, 0xcd, 0x0b, 0x02, 0x01, 0x00, 0x00, 0x00, 0x00, 0x00, 0x01, 0x00, 0x00, 0x00, 0x7c, 0xff,
    0xc6, 0x11, 0x00, 0x00, 0x00, 0x00, 0x00, 0x19, 0xcf, 0xff, 0x7b, 0x00, 0x04, 0x00, 0x00, 0x00,
    0x00, 0x01, 0x00, 0x07, 0x72, 0xc1, 0xfa, 0xff, 0x39, 0x00, 0x07, 0x01, 0x01, 0x02, 0x06, 0x00,
    0x3f, 0xfe, 0xdc, 0x03, 0x02, 0x03, 0x00, 0x00, 0x01, 0x01, 0x12, 0xc1, 0xff, 0xff, 0xf5, 0xbf,
    0x04, 0x02, 0x01, 0x01, 0x00, 0x00, 0x01, 0x01, 0x06, 0xe3, 0xfc, 0x24, 0x00, 0x00, 0x02, 0x00,
    0x02, 0x02, 0xb7, 0xff, 0xd5, 0x4e, 0x1a, 0x04, 0x00, 0x01, 0x00, 0x00, 0x00, 0x00, 0x01, 0x00,
    0x0c, 0xeb, 0xff, 0xe7, 0xb6, 0x3f, 0x00, 0x02, 0x00, 0x4c, 0xff, 0xe0, 0x1c, 0x00, 0x00, 0x00,
    0x01, 0x00, 0x04, 0x04, 0x00, 0x00, 0x01, 0x01, 0x08, 0xc0, 0xee, 0xfd, 0xff, 0xfd, 0x55, 0x00,
    0x00, 0x95, 0xfe, 0x72, 0x00, 0x07, 0x01, 0x01, 0x01, 0x06, 0xc7, 0xc7, 0x05, 0x01, 0x00, 0x00,
    0x00, 0x02, 0x12, 0x23, 0x90, 0xff, 0xec, 0x19, 0x00, 0xa9, 0xff, 0x4a, 0x03, 0x03, 0x00, 0x01,
    0x00, 0x10, 0xf9, 0xf9, 0x10, 0x00, 0x05, 0x04, 0x00, 0x00, 0x00, 0x00, 0x00, 0xc0, 0xff, 0x62,
    0x00, 0x92, 0xfe, 0x71, 0x00, 0x07, 0x01, 0x02, 0x00, 0x10, 0xfa, 0xfa, 0x0f, 0x03, 0xc8, 0xc7,
    0x06, 0x01, 0x02, 0x08, 0x03, 0x81, 0xfd, 0x7f, 0x00, 0x48, 0xff, 0xdd, 0x1b, 0x00, 0x00, 0x00,
    0x01, 0x06, 0xc5, 0xc6, 0x03, 0x0f, 0xfa, 0xf9, 0x0f, 0x00, 0x01, 0x00, 0x00, 0xba, 0xff, 0x67,
    0x02, 0x02, 0xb7, 0xff, 0xda, 0x5b, 0x1a, 0x02, 0x00, 0x00, 0x08, 0x09, 0x00, 0x11, 0xf9, 0xfa,
    0x10, 0x00, 0x04, 0x27, 0x90, 0xff, 0xec, 0x1a, 0x01, 0x01, 0x12, 0xba, 0xff, 0xff, 0xfa, 0xc7,
    0x05, 0x04, 0xc6, 0xc6, 0x06, 0x06, 0xc6, 0xc5, 0x07, 0x08, 0xc7, 0xff, 0xff, 0xfe, 0x54, 0x00,
    0x00, 0x01, 0x00, 0x02, 0x62, 0xba, 0xeb, 0xc7, 0x05, 0x0f, 0xfa, 0xf9, 0x11, 0x00, 0x0a, 0x09,
    0x00, 0x08, 0xc7, 0xec, 0xb5, 0x40, 0x00, 0x02, 0x00, 0x00, 0x01, 0x00, 0x00, 0x00, 0x0c, 0x02,
    0x00, 0x10, 0xf9, 0xfa, 0x0f, 0x04, 0xc7, 0xc5, 0x06, 0x00, 0x02, 0x0e, 0x00, 0x00, 0x02, 0x00,
    0x00, 0x00, 0x00, 0x01, 0x03, 0x02, 0x00, 0x00, 0x01, 0x05, 0xc7, 0xc7, 0x03, 0x0f, 0xfa, 0xfa,
    0x0f, 0x00, 0x00, 0x00, 0x02, 0x03, 0x00, 0x00, 0x00, 0x00, 0x00, 0x00, 0x00, 0x00, 0x01, 0x01,
    0x00, 0x00, 0x04, 0x05, 0x00, 0x10, 0xfa, 0xfa, 0x10, 0x00, 0x02, 0x01, 0x00, 0x00, 0x00, 0x00,
    0x00, 0x00, 0x00, 0x00, 0x00, 0x00, 0x00, 0x00, 0x00, 0x00, 0x00, 0x00, 0x01, 0x05, 0xc3, 0xc3,
    0x05, 0x01, 0x00, 0x00, 0x00, 0x00, 0x00, 0x00, 0x00, 0x00, 0x00, 0x00, 0x00, 0x00, 0x00, 0x00,
    0x00, 0x00, 0x01, 0x01, 0x00, 0x00, 0x05, 0x04, 0x00, 0x00, 0x00, 0x00, 0x00, 0x00, 0x00, 0x00,
};

/* cloud-rain 40px */
static const uint8_t icon_cloud_rain_40_map[] = {
    0x00, 0x00, 0x00, 0x00, 0x00, 0x00, 0x00, 0x00, 0x00, 0x00, 0x00, 0x00, 0x00, 0x00, 0x00, 0x00,
    0x00, 0x00, 0x00, 0x00, 0x00, 0x00, 0x00, 0x00, 0x00, 0x00, 0x00, 0x00, 0x00, 0x00, 0x00, 0x00,
    0x00, 0x00, 0x00, 0x00, 0x00, 0x00, 0x00, 0x00, 0x00, 0x00, 0x00, 0x00, 0x00, 0x00, 0x00, 0x00,
    0x00, 0x00, 0x00, 0x00, 0x00, 0x00, 0x00, 0x00, 0x00, 0x00, 0x00, 0x00, 0x00, 0x00, 0x00, 0x00,
    0x00, 0x00, 0x00, 0x00, 0x00, 0x00, 0x00, 0x00, 0x00, 0x00, 0x00, 0x00, 0x00, 0x00, 0x00, 0x00,
    0x00, 0x00, 0x00, 0x00, 0x00, 0x00, 0x00, 0x00, 0x00, 0x00, 0x00, 0x00, 0x00, 0x00, 0x00, 0x00,
    0x00, 0x00, 0x00, 0x00, 0x00, 0x00, 0x00, 0x00, 0x00, 0x00, 0x00, 0x00, 0x00, 0x00, 0x00, 0x00,
    0x00, 0x00, 0x00, 0x00, 0x00, 0x00, 0x00, 0x00, 0x00, 0x00, 0x00, 0x00, 0x00, 0x00, 0x00, 0x00,
    0x00, 0x00, 0x00, 0x00, 0x00, 0x00, 0x00, 0x00, 0x00, 0x00, 0x00, 0x00, 0x00, 0x00, 0x00, 0x00,
    0x00, 0x00, 0x00, 0x00, 0x00, 0x00, 0x00, 0x00, 0x00, 0x00, 0x00, 0x00, 0x00, 0x00, 0x00, 0x00,
    0x00, 0x00, 0x00, 0x00, 0x00, 0x00, 0x00, 0x00, 0x00, 0x00, 0x00, 0x00, 0x00, 0x00, 0x00, 0x00,
    0x00, 0x01, 0x02, 0x03, 0x04, 0x04, 0x03, 0x02, 0x01, 0x00, 0x00, 0x00, 0x00, 0x00, 0x00, 0x00,
    0x00, 0x00, 0x00, 0x00, 0x00, 0x00, 0x00, 0x00, 0x00, 0x00, 0x00, 0x00, 0x00, 0x00, 0x00, 0x00,
    0x00, 0x00, 0x00, 0x00, 0x00, 0x00, 0x00, 0x02, 0x03, 0x00, 0x00, 0x00, 0x00, 0x00, 0x00, 0x00,
    0x00, 0x03, 0x01, 0x00, 0x00, 0x00, 0x00, 0x00, 0x00, 0x00, 0x00, 0x00, 0x00, 0x00, 0x00, 0x00,
    0x00, 0x00, 0x00, 0x00, 0x00, 0x00, 0x00, 0x00, 0x00, 0x00, 0x00, 0x00, 0x00, 0x01, 0x03, 0x00,
    0x00, 0x09, 0x32, 0x56, 0x6b, 0x66, 0x4d, 0x27, 0x00, 0x00, 0x00, 0x03, 0x00, 0x00, 0x00, 0x00,
    0x00, 0x00, 0x00, 0x00, 0x00, 0x00, 0x00, 0x00, 0x00, 0x00, 0x00, 0x00, 0x00, 0x00, 0x00, 0x00,
    0x00, 0x00, 0x00, 0x00, 0x01, 0x00, 0x00, 0x2d, 0x97, 0xde, 0xff, 0xff, 0xff, 0xff, 0xff, 0xfa,
    0xcf, 0x74, 0x15, 0x00, 0x02, 0x00, 0x00, 0x00, 0x00, 0x00, 0x00, 0x00, 0x00, 0x00, 0x00, 0x00,
    0x00, 0x00, 0x00, 0x00, 0x00, 0x00, 0x00, 0x00, 0x00, 0x00, 0x00, 0x02, 0x00, 0x04, 0x85, 0xf8,
    0xff, 0xff, 0xfe, 0xff, 0xff, 0xff, 0xfe, 0xfd, 0xff, 0xff, 0xe8, 0x66, 0x00, 0x02, 0x01, 0x00,
    0x00, 0x00, 0x00, 0x00, 0x00, 0x00, 0x00, 0x00, 0x00, 0x00, 0x00, 0x00, 0x00, 0x00, 0x00, 0x00,
    0x00, 0x00, 0x01, 0x00, 0x14, 0xc1, 0xff, 0xfd, 0xfe, 0xff, 0xff, 0xe9, 0xd8, 0xe3, 0xfa, 0xff,
    0xff, 0xf9, 0xff, 0xff, 0x95, 0x00, 0x03, 0x01, 0x00, 0x00, 0x00, 0x00, 0x00, 0x00, 0x00, 0x00,
    0x00, 0x00, 0x00, 0x00, 0x00, 0x00, 0x00, 0x00, 0x00, 0x01, 0x03, 0x0d, 0xc7, 0xff, 0xf7, 0xff,
    0xf4, 0x95, 0x3e, 0x10, 0x04, 0x0b, 0x25, 0x5a, 0xb8, 0xff, 0xff, 0xf9, 0xff, 0x86, 0x00, 0x03,
    0x00, 0x00, 0x00, 0x00, 0x00, 0x00, 0x00, 0x00, 0x00, 0x00, 0x00, 0x00, 0x00, 0x00, 0x00, 0x00,
    0x02, 0x07, 0x00, 0x98, 0xff, 0xf7, 0xff, 0xc1, 0x29, 0x00, 0x00, 0x00, 0x00, 0x00, 0x00, 0x00,
    0x00, 0x5d, 0xef, 0xff, 0xf9, 0xff, 0x48, 0x00, 0x03, 0x00, 0x00, 0x00, 0x00, 0x00, 0x00, 0x00,
    0x00, 0x00, 0x00, 0x00, 0x00, 0x00, 0x02, 0x01, 0x00, 0x00, 0x2f, 0xfd, 0xf9, 0xff, 0xbb, 0x05,
    0x00, 0x04, 0x03, 0x01, 0x01, 0x01, 0x02, 0x04, 0x03, 0x00, 0x37, 0xf3, 0xfb, 0xfe, 0xd8, 0x07,
    0x01, 0x00, 0x00, 0x00, 0x00, 0x00, 0x00, 0x00, 0x00, 0x00, 0x00, 0x00, 0x00, 0x03, 0x00, 0x00,
    0x2c, 0x69, 0xc7, 0xfe, 0xfc, 0xed, 0x18, 0x00, 0x04, 0x00, 0x00, 0x00, 0x00, 0x00, 0x00, 0x00,
    0x00, 0x06, 0x00, 0x69, 0xff, 0xfa, 0xff, 0x4e, 0x00, 0x03, 0x00, 0x00, 0x00, 0x00, 0x00, 0x00,
    0x00, 0x00, 0x00, 0x00, 0x03, 0x00, 0x3a, 0xb7, 0xfc, 0xff, 0xff, 0xf7, 0xfd, 0x95, 0x00, 0x04,
    0x00, 0x00, 0x00, 0x00, 0x00, 0x00, 0x00, 0x00, 0x00, 0x01, 0x02, 0x05, 0xdc, 0xfe, 0xfe, 0x9e,
    0x03, 0x05, 0x00, 0x00, 0x00, 0x00, 0x00, 0x00, 0x00, 0x00, 0x00, 0x03, 0x00, 0x6e, 0xfc, 0xff,
    0xfc, 0xfe, 0xff, 0xff, 0xff, 0x3e, 0x01, 0x03, 0x00, 0x00, 0x00, 0x00, 0x00, 0x00, 0x00, 0x00,
    0x00, 0x00, 0x04, 0x00, 0x94, 0xff, 0xff, 0xc4, 0x00, 0x00, 0x02, 0x03, 0x00, 0x00, 0x00, 0x00,
    0x00, 0x00, 0x03, 0x00, 0x77, 0xff, 0xfd, 0xfc, 0xff, 0xf6, 0xcb, 0xb5, 0x74, 0x02, 0x01, 0x00,
    0x00, 0x00, 0x00, 0x00, 0x00, 0x00, 0x00, 0x00, 0x00, 0x00, 0x04, 0x01, 0x78, 0xff, 0xfe, 0xde,
    0x41, 0x21, 0x00, 0x00, 0x02, 0x00, 0x00, 0x00, 0x00, 0x03, 0x00, 0x4e, 0xff, 0xf9, 0xff, 0xf9,
    0x85, 0x21, 0x00, 0x00, 0x00, 0x00, 0x00, 0x00, 0x00, 0x00, 0x01, 0x00, 0x00, 0x00, 0x00, 0x00,
    0x00, 0x00, 0x04, 0x00, 0x8f, 0xfd, 0xfa, 0xff, 0xff, 0xf6, 0xb8, 0x44, 0x00, 0x02, 0x00, 0x00,
    0x01, 0x01, 0x0a, 0xda, 0xfe, 0xfb, 0xf4, 0x42, 0x00, 0x00, 0x01, 0x03, 0x03, 0x00, 0x00, 0x00,
    0x01, 0x01, 0x00, 0x02, 0x00, 0x00, 0x00, 0x00, 0x00, 0x00, 0x03, 0x00, 0xa7, 0xff, 0xff, 0xff,
    0xfe, 0xfd, 0xff, 0xff, 0x86, 0x00, 0x03, 0x01, 0x04, 0x00, 0x50, 0xff, 0xfa, 0xff, 0x62, 0x00,
    0x06, 0x02, 0x00, 0x00, 0x00, 0x00, 0x00, 0x00, 0x00, 0x00, 0x0a, 0x00, 0x00, 0x00, 0x00, 0x00,
    0x00, 0x00, 0x02, 0x00, 0x39, 0xd6, 0xed, 0xee, 0xf9, 0xff, 0xfe, 0xfb, 0xff, 0x7c, 0x00, 0x03,
    0x04, 0x00, 0x9d, 0xfe, 0xff, 0xd5, 0x01, 0x03, 0x01, 0x00, 0x00, 0x00, 0x00, 0x00, 0x01, 0x01,
    0x0b, 0xac, 0xe4, 0x6b, 0x00, 0x02, 0x00, 0x00, 0x00, 0x00, 0x00, 0x00, 0x00, 0x04, 0x11, 0x11,
    0x25, 0x74, 0xf5, 0xff, 0xfa, 0xff, 0x33, 0x00, 0x02, 0x00, 0xc2, 0xff, 0xff, 0x97, 0x00, 0x04,
    0x00, 0x00, 0x00, 0x00, 0x00, 0x00, 0x03, 0x00, 0x4b, 0xff, 0xff, 0xed, 0x0b, 0x00, 0x01, 0x01,
    0x03, 0x03, 0x01, 0x00, 0x02, 0x00, 0x00, 0x00, 0x00, 0x00, 0x3f, 0xf5, 0xfb, 0xff, 0xa5, 0x00,
    0x00, 0x00, 0xcc, 0xff, 0xff, 0x82, 0x01, 0x04, 0x00, 0x00, 0x00, 0x00, 0x00, 0x00, 0x03, 0x00,
    0x58, 0xfc, 0xfd, 0xed, 0x12, 0x00, 0x01, 0x00, 0x00, 0x00, 0x00, 0x00, 0x00, 0x01, 0x01, 0x01,
    0x02, 0x07, 0x00, 0x8b, 0xff, 0xff, 0xe4, 0x0e, 0x02, 0x00, 0xc0, 0xff, 0xff, 0x95, 0x00, 0x04,
    0x00, 0x00, 0x00, 0x00, 0x00, 0x00, 0x03, 0x00, 0x55, 0xff, 0xff, 0xed, 0x11, 0x00, 0x01, 0x10,
    0x90, 0x90, 0x0f, 0x00, 0x01, 0x00, 0x00, 0x00, 0x00, 0x03, 0x02, 0x41, 0xff, 0xff, 0xf8, 0x2b,
    0x04, 0x00, 0x99, 0xfe, 0xff, 0xd5, 0x02, 0x03, 0x01, 0x00, 0x00, 0x00, 0x00, 0x00, 0x03, 0x00,
    0x59, 0xfd, 0xfb, 0xef, 0x12, 0x00, 0x00, 0x87, 0xff, 0xff, 0x86, 0x00, 0x04, 0x00, 0x00, 0x00,
    0x00, 0x03, 0x01, 0x35, 0xff, 0xff, 0xf9, 0x2f, 0x04, 0x00, 0x4e, 0xff, 0xfa, 0xff, 0x65, 0x00,
    0x06, 0x01, 0x00, 0x00, 0x00, 0x00, 0x03, 0x00, 0x3b, 0xff, 0xff, 0xdd, 0x06, 0x02, 0x00, 0xac,
    0xfb, 0xfb, 0xac, 0x00, 0x03, 0x00, 0x00, 0x00, 0x00, 0x06, 0x00, 0x63, 0xff, 0xff, 0xef, 0x19,
    0x01, 0x01, 0x09, 0xd8, 0xfe, 0xfb, 0xf4, 0x43, 0x00, 0x00, 0x02, 0x03, 0x03, 0x00, 0x00, 0x01,
    0x01, 0x69, 0xa3, 0x37, 0x00, 0x05, 0x00, 0xa7, 0xff, 0xff, 0xa7, 0x00, 0x03, 0x00, 0x02, 0x03,
    0x03, 0x00, 0x0b, 0xd7, 0xfd, 0xfd, 0xc5, 0x01, 0x00, 0x03, 0x00, 0x49, 0xff, 0xfa, 0xfe, 0xfa,
    0x78, 0x16, 0x00, 0x00, 0x00, 0x00, 0x00, 0x00, 0x00, 0x00, 0x00, 0x00, 0x00, 0x02, 0x00, 0xaa,
    0xfd, 0xfd, 0xaa, 0x00, 0x03, 0x00, 0x00, 0x00, 0x00, 0x24, 0xbf, 0xff, 0xf8, 0xff, 0x5d, 0x00,
    0x00, 0x00, 0x03, 0x00, 0x75, 0xff, 0xfc, 0xfc, 0xff, 0xec, 0xbf, 0xaf, 0x63, 0x00, 0x01, 0x01,
    0x00, 0x68, 0xa3, 0x35, 0x00, 0x06, 0x00, 0xa3, 0xff, 0xff, 0xa2, 0x00, 0x06, 0x00, 0x37, 0xa5,
    0xc1, 0xf4, 0xff, 0xf7, 0xff, 0xbd, 0x03, 0x02, 0x00, 0x00, 0x00, 0x03, 0x00, 0x6d, 0xfb, 0xff,
    0xfc, 0xff, 0xff, 0xff, 0xff, 0x38, 0x00, 0x00, 0x36, 0xff, 0xff, 0xd8, 0x05, 0x03, 0x01, 0x33,
    0xd9, 0xd8, 0x33, 0x01, 0x03, 0x06, 0xdb, 0xff, 0xff, 0xfe, 0xfc, 0xff, 0xce, 0x15, 0x01, 0x02,
    0x00, 0x00, 0x00, 0x00, 0x03, 0x00, 0x39, 0xb6, 0xfc, 0xff, 0xff, 0xff, 0xff, 0x3d, 0x00, 0x00,
    0x59, 0xfd, 0xfb, 0xef, 0x12, 0x00, 0x01, 0x00, 0x00, 0x00, 0x00, 0x01, 0x00, 0x07, 0xdf, 0xff,
    0xff, 0xff, 0xfc, 0x9e, 0x0f, 0x00, 0x02, 0x00, 0x00, 0x00, 0x00, 0x00, 0x00, 0x03, 0x00, 0x00,
    0x2a, 0x69, 0x90, 0xa7, 0x65, 0x00, 0x04, 0x00, 0x55, 0xff, 0xff, 0xed, 0x11, 0x00, 0x01, 0x00,
    0x37, 0x37, 0x00, 0x00, 0x02, 0x00, 0x34, 0xa4, 0x9d, 0x77, 0x2e, 0x00, 0x00, 0x02, 0x00, 0x00,
    0x00, 0x00, 0x00, 0x00, 0x00, 0x00, 0x02, 0x01, 0x00, 0x00, 0x00, 0x00, 0x00, 0x00, 0x03, 0x00,
    0x57, 0xfc, 0xfd, 0xed, 0x12, 0x00, 0x00, 0x67, 0xff, 0xff, 0x66, 0x00, 0x03, 0x00, 0x00, 0x00,
    0x00, 0x00, 0x00, 0x02, 0x01, 0x00, 0x00, 0x00, 0x00, 0x00, 0x00, 0x00, 0x00, 0x00, 0x00, 0x00,
    0x02, 0x04, 0x04, 0x03, 0x03, 0x00, 0x03, 0x00, 0x4c, 0xff, 0xff, 0xef, 0x0b, 0x01, 0x00, 0xaf,
    0xfe, 0xfe, 0xae, 0x00, 0x03, 0x00, 0x02, 0x03, 0x03, 0x04, 0x02, 0x00, 0x00, 0x00, 0x00, 0x00,
    0x00, 0x00, 0x00, 0x00, 0x00, 0x00, 0x00, 0x00, 0x00, 0x00, 0x00, 0x00, 0x00, 0x00, 0x01, 0x01,
    0x0c, 0xac, 0xe4, 0x6c, 0x00, 0x05, 0x00, 0xa7, 0xff, 0xff, 0xa8, 0x00, 0x03, 0x00, 0x00, 0x00,
    0x00, 0x00, 0x00, 0x00, 0x00, 0x00, 0x00, 0x00, 0x00, 0x00, 0x00, 0x00, 0x00, 0x00, 0x00, 0x00,
    0x00, 0x00, 0x00, 0x00, 0x00, 0x00, 0x00, 0x00, 0x00, 0x00, 0x0a, 0x00, 0x00, 0x03, 0x00, 0xa8,
    0xff, 0xff, 0xa8, 0x00, 0x03, 0x00, 0x00, 0x00, 0x00, 0x00, 0x00, 0x00, 0x00, 0x00, 0x00, 0x00,
    0x00, 0x00, 0x00, 0x00, 0x00, 0x00, 0x00, 0x00, 0x00, 0x00, 0x00, 0x00, 0x00, 0x00, 0x00, 0x00,
    0x01, 0x01, 0x00, 0x02, 0x00, 0x03, 0x00, 0xad, 0xfe, 0xfe, 0xac, 0x00, 0x03, 0x00, 0x00, 0x00,
    0x00, 0x00, 0x00, 0x00, 0x00, 0x00, 0x00, 0x00, 0x00, 0x00, 0x00, 0x00, 0x00, 0x00, 0x00, 0x00,
    0x00, 0x00, 0x00, 0x00, 0x00, 0x00, 0x00, 0x00, 0x00, 0x00, 0x01, 0x00, 0x00, 0x03, 0x00, 0x63,
    0xff, 0xff, 0x62, 0x00, 0x03, 0x00, 0x00, 0x00, 0x00, 0x00, 0x00, 0x00, 0x00, 0x00, 0x00, 0x00,
    0x00, 0x00, 0x00, 0x00, 0x00, 0x00, 0x00, 0x00, 0x00, 0x00, 0x00, 0x00, 0x00, 0x00, 0x00, 0x00,
    0x00, 0x00, 0x00, 0x00, 0x00, 0x00, 0x00, 0x00, 0x3e, 0x3e, 0x00, 0x00, 0x00, 0x00, 0x00, 0x00,
    0x00, 0x00, 0x00, 0x00, 0x00, 0x00, 0x00, 0x00, 0x00, 0x00, 0x00, 0x00, 0x00, 0x00, 0x00, 0x00,
    0x00, 0x00, 0x00, 0x00, 0x00, 0x00, 0x00, 0x00, 0x00, 0x00, 0x00, 0x00, 0x00, 0x00, 0x00, 0x01,
    0x00, 0x00, 0x01, 0x00, 0x00, 0x00, 0x00, 0x00, 0x00, 0x00, 0x00, 0x00, 0x00, 0x00, 0x00, 0x00,
};

/* cloud-rain 96px */
static const uint8_t icon_cloud_rain_96_map[] = {
    0x00, 0x00, 0x00, 0x00, 0x00, 0x00, 0x00, 0x00, 0x00, 0x00, 0x00, 0x00, 0x00, 0x00, 0x00, 0x00,
    0x00, 0x00, 0x00, 0x00, 0x00, 0x00, 0x00, 0x00, 0x00, 0x00, 0x00, 0x00, 0x00, 0x00, 0x00, 0x00,
    0x00, 0x00, 0x00, 0x00, 0x00, 0x00, 0x00, 0x00, 0x00, 0x00, 0x00, 0x00, 0x00, 0x00, 0x00, 0x00,
    0x00, 0x00, 0x00, 0x00, 0x00, 0x00, 0x00, 0x00, 0x00, 0x00, 0x00, 0x00, 0x00, 0x00, 0x00, 0x00,
    0x00, 0x00, 0x00, 0x00, 0x00, 0x00, 0x00, 0x00, 0x00, 0x00, 0x00, 0x00, 0x00, 0x00, 0x00, 0x00,
    0x00, 0x00, 0x00, 0x00, 0x00, 0x00, 0x00, 0x00, 0x00, 0x00, 0x00, 0x00, 0x00, 0x00, 0x00, 0x00,
    0x00, 0x00, 0x00, 0x00, 0x00, 0x00, 0x00, 0x00, 0x00, 0x00, 0x00, 0x00, 0x00, 0x00, 0x00, 0x00,
    0x00, 0x00, 0x00, 0x00, 0x00, 0x00, 0x00, 0x00, 0x00, 0x00, 0x00, 0x00, 0x00, 0x00, 0x00, 0x00,
    0x00, 0x00, 0x00, 0x00, 0x00, 0x00, 0x00, 0x00, 0x00, 0x00, 0x00, 0x00, 0x00, 0x00, 0x00, 0x00,
    0x00, 0x00, 0x00, 0x00, 0x00, 0x00, 0x00, 0x00, 0x00, 0x00, 0x00, 0x00, 0x00, 0x00, 0x00, 0x00,
    0x00, 0x00, 0x00, 0x00, 0x00, 0x00, 0x00, 0x00, 0x00, 0x00, 0x00, 0x00, 0x00, 0x00, 0x00, 0x00,
    0x00, 0x00, 0x00, 0x00, 0x00, 0x00, 0x00, 0x00, 0x00, 0x00, 0x00, 0x00, 0x00, 0x00, 0x00, 0x00,
    0x00, 0x00, 0x00, 0x00, 0x00, 0x00, 0x00, 0x00, 0x00, 0x00, 0x00, 0x00, 0x00, 0x00, 0x00, 0x00,
    0x00, 0x00, 0x00, 0x00, 0x00, 0x00, 0x00, 0x00, 0x00, 0x00, 0x00, 0x00, 0x00, 0x00, 0x00, 0x00,
    0x00, 0x00, 0x00, 0x00, 0x00, 0x00, 0x00, 0x00, 0x00, 0x00, 0x00, 0x00, 0x00, 0x00, 0x00, 0x00,
    0x00, 0x00, 0x00, 0x00, 0x00, 0x00, 0x00, 0x00, 0x00, 0x00, 0x00, 0x00, 0x00, 0x00, 0x00, 0x00,
    0x00, 0x00, 0x00, 0x00, 0x00, 0x00, 0x00, 0x00, 0x00, 0x00, 0x00, 0x00, 0x00, 0x00, 0x00, 0x00,
    0x00, 0x00, 0x00, 0x00, 0x00, 0x00, 0x00, 0x00, 0x00, 0x00, 0x00, 0x00, 0x00, 0x00, 0x00, 0x00,
    0x00, 0x00, 0x00, 0x00, 0x00, 0x00, 0x00, 0x00, 0x00, 0x00, 0x00, 0x00, 0x00, 0x00, 0x00, 0x00,
    0x00, 0x00, 0x00, 0x00, 0x00, 0x00, 0x00, 0x00, 0x00, 0x00, 0x00, 0x00, 0x00, 0x00, 0x00, 0x00,
    0x00, 0x00, 0x00, 0x00, 0x00, 0x00, 0x00, 0x00, 0x00, 0x00, 0x00, 0x00, 0x00, 0x00, 0x00, 0x00,
    0x00, 0x00, 0x00, 0x00, 0x00, 0x00, 0x00, 0x00, 0x00, 0x00, 0x00, 0x00, 0x00, 0x00, 0x00, 0x00,
    0x00, 0x00, 0x00, 0x00, 0x00, 0x00, 0x00, 0x00, 0x00, 0x00, 0x00, 0x00, 0x00, 0x00, 0x00, 0x00,
    0x00, 0x00, 0x00, 0x00, 0x00, 0x00, 0x00, 0x00, 0x00, 0x00, 0x00, 0x00, 0x00, 0x00, 0x00, 0x00,
    0x00, 0x00, 0x00, 0x00, 0x00, 0x00, 0x00, 0x00, 0x00, 0x00, 0x00, 0x00, 0x00, 0x00, 0x00, 0x00,
    0x00, 0x00, 0x00, 0x00, 0x00, 0x00, 0x00, 0x00, 0x00, 0x00, 0x00, 0x00, 0x00, 0x00, 0x00, 0x00,
    0x00, 0x00, 0x00, 0x00, 0x00, 0x00, 0x00, 0x00, 0x00, 0x00, 0x00, 0x00, 0x00, 0x00, 0x00, 0x00,
    0x00, 0x00, 0x00, 0x00, 0x00, 0x00, 0x00, 0x00, 0x00, 0x00, 0x00, 0x00, 0x00, 0x00, 0x00, 0x00,
    0x00, 0x00, 0x00, 0x00, 0x00, 0x00, 0x00, 0x00, 0x00, 0x00, 0x00, 0x00, 0x00, 0x00, 0x00, 0x00,
    0x00, 0x00, 0x00, 0x00, 0x00, 0x00, 0x00, 0x00, 0x00, 0x00, 0x00, 0x00, 0x00, 0x00, 0x00, 0x00,
    0x00, 0x00, 0x00, 0x00, 0x00, 0x00, 0x00, 0x00, 0x00, 0x00, 0x00, 0x00, 0x00, 0x00, 0x00, 0x00,
    0x00, 0x00, 0x00, 0x00, 0x00, 0x00, 0x00, 0x00, 0x00, 0x00, 0x00, 0x00, 0x00, 0x00, 0x00, 0x00,
    0x00, 0x00, 0x00, 0x00, 0x00, 0x00, 0x00, 0x00, 0x00, 0x00, 0x00, 0x00, 0x00, 0x00, 0x00, 0x00,
    0x00, 0x00, 0x00, 0x00, 0x00, 0x00, 0x00, 0x00, 0x00, 0x00, 0x00, 0x00, 0x00, 0x00, 0x00, 0x00,
    0x00, 0x00, 0x00, 0x00, 0x00, 0x00, 0x00, 0x00, 0x00, 0x00, 0x00, 0x00, 0x00, 0x00, 0x00, 0x00,
    0x00, 0x00, 0x00, 0x00, 0x00, 0x00, 0x00, 0x00, 0x00, 0x00, 0x00, 0x00, 0x00, 0x00, 0x00, 0x00,
    0x00, 0x00, 0x00, 0x00, 0x00, 0x00, 0x00, 0x00, 0x00, 0x00, 0x00, 0x00, 0x00, 0x00, 0x00, 0x00,
    0x00, 0x00, 0x00, 0x00, 0x00, 0x00, 0x00, 0x00, 0x00, 0x00, 0x00, 0x00, 0x00, 0x00, 0x00, 0x00,
    0x00, 0x00, 0x00, 0x00, 0x00, 0x00, 0x00, 0x00, 0x00, 0x00, 0x00, 0x00, 0x00, 0x00, 0x00, 0x00,
    0x00, 0x00, 0x00, 0x00, 0x00, 0x00, 0x00, 0x00, 0x00, 0x00, 0x00, 0x00, 0x00, 0x00, 0x00, 0x00,
    0x00, 0x00, 0x00, 0x00, 0x00, 0x00, 0x00, 0x00, 0x00, 0x00, 0x00, 0x00, 0x00, 0x00, 0x00, 0x00,
    0x00, 0x00, 0x00, 0x00, 0x00, 0x00, 0x00, 0x00, 0x00, 0x00, 0x00, 0x00, 0x00, 0x00, 0x00, 0x00,
    0x00, 0x00, 0x00, 0x00, 0x00, 0x00, 0x00, 0x00, 0x00, 0x00, 0x00, 0x00, 0x00, 0x00, 0x00, 0x00,
    0x00, 0x00, 0x00, 0x00, 0x00, 0x00, 0x00, 0x00, 0x00, 0x00, 0x00, 0x00, 0x00, 0x00, 0x00, 0x00,
    0x00, 0x00, 0x00, 0x00, 0x00, 0x00, 0x00, 0x00, 0x00, 0x00, 0x00, 0x00, 0x00, 0x00, 0x00, 0x00,
    0x00, 0x00, 0x00, 0x00, 0x00, 0x00, 0x00, 0x00, 0x00, 0x00, 0x00, 0x00, 0x00, 0x00, 0x00, 0x00,
    0x00, 0x00, 0x00, 0x00, 0x00, 0x00, 0x00, 0x00, 0x00, 0x00, 0x00, 0x00, 0x00, 0x00, 0x00, 0x00,
    0x00, 0x00, 0x00, 0x00, 0x00, 0x00, 0x00, 0x00, 0x00, 0x00, 0x00, 0x00, 0x00, 0x00, 0x00, 0x00,
    0x00, 0x00, 0x00, 0x00, 0x00, 0x00, 0x00, 0x00, 0x00, 0x00, 0x00, 0x00, 0x00, 0x00, 0x00, 0x00,
    0x00, 0x00, 0x00, 0x00, 0x00, 0x00, 0x00, 0x00, 0x00, 0x00, 0x00, 0x00, 0x00, 0x00, 0x00, 0x00,
    0x00, 0x00, 0x00, 0x00, 0x00, 0x00, 0x00, 0x00, 0x00, 0x00, 0x00, 0x00, 0x00, 0x00, 0x00, 0x00,
    0x00, 0x00, 0x00, 0x00, 0x00, 0x00, 0x00, 0x00, 0x00, 0x00, 0x00, 0x00, 0x00, 0x00, 0x00, 0x00,
    0x00, 0x00, 0x00, 0x00, 0x00, 0x00, 0x00, 0x00, 0x00, 0x00, 0x00, 0x00, 0x00, 0x00, 0x00, 0x00,
    0x00, 0x00, 0x00, 0x00, 0x00, 0x00, 0x00, 0x00, 0x00, 0x00, 0x00, 0x00, 0x00, 0x00, 0x00, 0x00,
    0x00, 0x00, 0x00, 0x00, 0x00, 0x00, 0x00, 0x00, 0x00, 0x00, 0x00, 0x00, 0x00, 0x00, 0x00, 0x00,
    0x00, 0x00, 0x00, 0x00, 0x00, 0x00, 0x00, 0x00, 0x00, 0x00, 0x00, 0x00, 0x00, 0x00, 0x00, 0x00,
    0x00, 0x00, 0x00, 0x00, 0x00, 0x00, 0x00, 0x00, 0x00, 0x00, 0x00, 0x00, 0x00, 0x00, 0x00, 0x00,
    0x00, 0x00, 0x00, 0x00, 0x00, 0x00, 0x00, 0x00, 0x00, 0x00, 0x00, 0x00, 0x00, 0x00, 0x00, 0x00,
    0x00, 0x00, 0x00, 0x00, 0x00, 0x00, 0x00, 0x00, 0x00, 0x00, 0x00, 0x00, 0x00, 0x00, 0x00, 0x00,
    0x00, 0x00, 0x00, 0x00, 0x00, 0x00, 0x00, 0x00, 0x00, 0x00, 0x00, 0x00, 0x00, 0x00, 0x00, 0x00,
    0x00, 0x00, 0x00, 0x00, 0x00, 0x00, 0x00, 0x00, 0x00, 0x00, 0x00, 0x00, 0x00, 0x00, 0x00, 0x00,
    0x00, 0x00, 0x00, 0x00, 0x00, 0x00, 0x00, 0x00, 0x00, 0x00, 0x00, 0x00, 0x00, 0x00, 0x00, 0x00,
    0x00, 0x00, 0x00, 0x00, 0x00, 0x00, 0x00, 0x00, 0x00, 0x00, 0x00, 0x00, 0x00, 0x00, 0x00, 0x00,
    0x00, 0x00, 0x00, 0x00, 0x00, 0x00, 0x00, 0x00, 0x00, 0x00, 0x00, 0x00, 0x00, 0x00, 0x00, 0x00,
    0x00, 0x00, 0x00, 0x00, 0x00, 0x00, 0x00, 0x00, 0x00, 0x00, 0x00, 0x00, 0x00, 0x00, 0x00, 0x00,
    0x00, 0x00, 0x00, 0x00, 0x00, 0x00, 0x00, 0x00, 0x00, 0x00, 0x00, 0x00, 0x00, 0x00, 0x00, 0x00,
    0x00, 0x00, 0x00, 0x00, 0x00, 0x00, 0x00, 0x00, 0x00, 0x00, 0x00, 0x00, 0x00, 0x00, 0x00, 0x00,
    0x00, 0x00, 0x00, 0x00, 0x00, 0x00, 0x00, 0x00, 0x00, 0x00, 0x00, 0x00, 0x00, 0x00, 0x00, 0x00,
    0x00, 0x00, 0x00, 0x00, 0x00, 0x00, 0x00, 0x00, 0x00, 0x00, 0x00, 0x00, 0x00, 0x00, 0x00, 0x00,
    0x00, 0x00, 0x00, 0x00, 0x00, 0x00, 0x00, 0x00, 0x00, 0x00, 0x00, 0x00, 0x00, 0x00, 0x00, 0x00,
    0x00, 0x00, 0x00, 0x00, 0x00, 0x00, 0x00, 0x00, 0x00, 0x00, 0x00, 0x00, 0x00, 0x00, 0x00, 0x00,
    0x00, 0x00, 0x00, 0x00, 0x00, 0x00, 0x00, 0x00, 0x00, 0x00, 0x00, 0x00, 0x00, 0x00, 0x00, 0x00,
    0x00, 0x00, 0x00, 0x00, 0x00, 0x00, 0x00, 0x00, 0x00, 0x00, 0x00, 0x00, 0x00, 0x00, 0x00, 0x00,
    0x00, 0x00, 0x00, 0x00, 0x00, 0x00, 0x00, 0x00, 0x00, 0x00, 0x00, 0x00, 0x00, 0x00, 0x00, 0x00,
    0x00, 0x00, 0x00, 0x00, 0x00, 0x00, 0x00, 0x00, 0x00, 0x00, 0x00, 0x00, 0x00, 0x00, 0x00, 0x00,
    0x00, 0x00, 0x00, 0x00, 0x00, 0x00, 0x00, 0x00, 0x00, 0x00, 0x00, 0x00, 0x00, 0x00, 0x00, 0x00,
    0x00, 0x00, 0x00, 0x00, 0x00, 0x00, 0x00, 0x00, 0x00, 0x00, 0x00, 0x00, 0x00, 0x00, 0x00, 0x00,
    0x00, 0x00, 0x00, 0x00, 0x00, 0x00, 0x00, 0x00, 0x00, 0x00, 0x00, 0x00, 0x00, 0x00, 0x00, 0x00,
    0x00, 0x00, 0x00, 0x00, 0x00, 0x00, 0x00, 0x00, 0x00, 0x00, 0x00, 0x00, 0x00, 0x00, 0x00, 0x00,
    0x00, 0x00, 0x00, 0x00, 0x00, 0x00, 0x00, 0x00, 0x00, 0x00, 0x00, 0x00, 0x00, 0x00, 0x00, 0x00,
    0x00, 0x00, 0x00, 0x00, 0x00, 0x00, 0x00, 0x00, 0x00, 0x00, 0x00, 0x00, 0x00, 0x00, 0x01, 0x02,
    0x02, 0x02, 0x02, 0x02, 0x02, 0x01, 0x00, 0x00, 0x00, 0x00, 0x00, 0x00, 0x00, 0x00, 0x00, 0x00,
    0x00, 0x00, 0x00, 0x00, 0x00, 0x00, 0x00, 0x00, 0x00, 0x00, 0x00, 0x00, 0x00, 0x00, 0x00, 0x00,
    0x00, 0x00, 0x00, 0x00, 0x00, 0x00, 0x00, 0x00, 0x00, 0x00, 0x00, 0x00, 0x00, 0x00, 0x00, 0x00,
    0x00, 0x00, 0x00, 0x00, 0x00, 0x00, 0x00, 0x00, 0x00, 0x00, 0x00, 0x00, 0x00, 0x00, 0x00, 0x00,
    0x00, 0x00, 0x00, 0x00, 0x00, 0x00, 0x00, 0x00, 0x00, 0x00, 0x00, 0x00, 0x00, 0x00, 0x00, 0x00,
    0x00, 0x00, 0x00, 0x00, 0x00, 0x00, 0x00, 0x00, 0x00, 0x01, 0x02, 0x04, 0x03, 0x01, 0x00, 0x00,
    0x00, 0x00, 0x00, 0x00, 0x00, 0x00, 0x00, 0x03, 0x04, 0x03, 0x01, 0x00, 0x00, 0x00, 0x00, 0x00,
    0x00, 0x00, 0x00, 0x00, 0x00, 0x00, 0x00, 0x00, 0x00, 0x00, 0x00, 0x00, 0x00, 0x00, 0x00, 0x00,
    0x00, 0x00, 0x00, 0x00, 0x00, 0x00, 0x00, 0x00, 0x00, 0x00, 0x00, 0x00, 0x00, 0x00, 0x00, 0x00,
    0x00, 0x00, 0x00, 0x00, 0x00, 0x00, 0x00, 0x00, 0x00, 0x00, 0x00, 0x00, 0x00, 0x00, 0x00, 0x00,
    0x00, 0x00, 0x00, 0x00, 0x00, 0x00, 0x00, 0x00, 0x00, 0x00, 0x00, 0x00, 0x00, 0x00, 0x00, 0x00,
    0x00, 0x00, 0x00, 0x00, 0x00, 0x00, 0x00, 0x02, 0x04, 0x00, 0x00, 0x00, 0x00, 0x00, 0x0d, 0x22,
    0x2e, 0x33, 0x31, 0x27, 0x1c, 0x0c, 0x00, 0x00, 0x00, 0x00, 0x00, 0x04, 0x02, 0x00, 0x00, 0x00,
    0x00, 0x00, 0x00, 0x00, 0x00, 0x00, 0x00, 0x00, 0x00, 0x00, 0x00, 0x00, 0x00, 0x00, 0x00, 0x00,
    0x00, 0x00, 0x00, 0x00, 0x00, 0x00, 0x00, 0x00, 0x00, 0x00, 0x00, 0x00, 0x00, 0x00, 0x00, 0x00,
    0x00, 0x00, 0x00, 0x00, 0x00, 0x00, 0x00, 0x00, 0x00, 0x00, 0x00, 0x00, 0x00, 0x00, 0x00, 0x00,
    0x00, 0x00, 0x00, 0x00, 0x00, 0x00, 0x00, 0x00, 0x00, 0x00, 0x00, 0x00, 0x00, 0x00, 0x00, 0x00,
    0x00, 0x00, 0x00, 0x00, 0x00, 0x03, 0x01, 0x00, 0x00, 0x03, 0x34, 0x6b, 0x9e, 0xcb, 0xe7, 0xf9,
    0xff, 0xff, 0xff, 0xfb, 0xf5, 0xe6, 0xcc, 0xa9, 0x71, 0x38, 0x05, 0x00, 0x00, 0x01, 0x03, 0x00,
    0x00, 0x00, 0x00, 0x00, 0x00, 0x00, 0x00, 0x00, 0x00, 0x00, 0x00, 0x00, 0x00, 0x00, 0x00, 0x00,
    0x00, 0x00, 0x00, 0x00, 0x00, 0x00, 0x00, 0x00, 0x00, 0x00, 0x00, 0x00, 0x00, 0x00, 0x00, 0x00,
    0x00, 0x00, 0x00, 0x00, 0x00, 0x00, 0x00, 0x00, 0x00, 0x00, 0x00, 0x00, 0x00, 0x00, 0x00, 0x00,
    0x00, 0x00, 0x00, 0x00, 0x00, 0x00, 0x00, 0x00, 0x00, 0x00, 0x00, 0x00, 0x00, 0x00, 0x00, 0x00,
    0x00, 0x00, 0x00, 0x03, 0x01, 0x00, 0x00, 0x35, 0x8f, 0xd6, 0xff, 0xff, 0xff, 0xff, 0xff, 0xff,
    0xff, 0xff, 0xff, 0xff, 0xff, 0xff, 0xff, 0xff, 0xff, 0xff, 0xd9, 0x95, 0x3a, 0x00, 0x00, 0x01,
    0x03, 0x00, 0x00, 0x00, 0x00, 0x00, 0x00, 0x00, 0x00, 0x00, 0x00, 0x00, 0x00, 0x00, 0x00, 0x00,
    0x00, 0x00, 0x00, 0x00, 0x00, 0x00, 0x00, 0x00, 0x00, 0x00, 0x00, 0x00, 0x00, 0x00, 0x00, 0x00,
    0x00, 0x00, 0x00, 0x00, 0x00, 0x00, 0x00, 0x00, 0x00, 0x00, 0x00, 0x00, 0x00, 0x00, 0x00, 0x00,
    0x00, 0x00, 0x00, 0x00, 0x00, 0x00, 0x00, 0x00, 0x00, 0x00, 0x00, 0x00, 0x00, 0x00, 0x00, 0x00,
    0x00, 0x01, 0x03, 0x00, 0x00, 0x4e, 0xbb, 0xff, 0xff, 0xff, 0xff, 0xfb, 0xfb, 0xfc, 0xfe, 0xfe,
    0xfe, 0xff, 0xff, 0xfe, 0xfe, 0xfe, 0xfd, 0xfc, 0xfb, 0xfe, 0xff, 0xff, 0xff, 0xc2, 0x56, 0x00,
    0x00, 0x03, 0x01, 0x00, 0x00, 0x00, 0x00, 0x00, 0x00, 0x00, 0x00, 0x00, 0x00, 0x00, 0x00, 0x00,
    0x00, 0x00, 0x00, 0x00, 0x00, 0x00, 0x00, 0x00, 0x00, 0x00, 0x00, 0x00, 0x00, 0x00, 0x00, 0x00,
    0x00, 0x00, 0x00, 0x00, 0x00, 0x00, 0x00, 0x00, 0x00, 0x00, 0x00, 0x00, 0x00, 0x00, 0x00, 0x00,
    0x00, 0x00, 0x00, 0x00, 0x00, 0x00, 0x00, 0x00, 0x00, 0x00, 0x00, 0x00, 0x00, 0x00, 0x00, 0x00,
    0x02, 0x00, 0x00, 0x3e, 0xbc, 0xff, 0xff, 0xff, 0xfb, 0xfd, 0xff, 0xff, 0xff, 0xff, 0xff, 0xff,
    0xff, 0xff, 0xff, 0xff, 0xff, 0xff, 0xff, 0xff, 0xff, 0xff, 0xfd, 0xfb, 0xfe, 0xff, 0xff, 0xc0,
    0x3d, 0x00, 0x00, 0x02, 0x00, 0x00, 0x00, 0x00, 0x00, 0x00, 0x00, 0x00, 0x00, 0x00, 0x00, 0x00,
    0x00, 0x00, 0x00, 0x00, 0x00, 0x00, 0x00, 0x00, 0x00, 0x00, 0x00, 0x00, 0x00, 0x00, 0x00, 0x00,
    0x00, 0x00, 0x00, 0x00, 0x00, 0x00, 0x00, 0x00, 0x00, 0x00, 0x00, 0x00, 0x00, 0x00, 0x00, 0x00,
    0x00, 0x00, 0x00, 0x00, 0x00, 0x00, 0x00, 0x00, 0x00, 0x00, 0x00, 0x00, 0x00, 0x00, 0x00, 0x03,
    0x00, 0x0c, 0x8f, 0xff, 0xff, 0xfd, 0xfc, 0xff, 0xff, 0xff, 0xff, 0xff, 0xff, 0xff, 0xff, 0xff,
    0xff, 0xff, 0xff, 0xff, 0xff, 0xff, 0xff, 0xff, 0xff, 0xff, 0xff, 0xff, 0xff, 0xfc, 0xfc, 0xff,
    0xfe, 0x8e, 0x0b, 0x00, 0x03, 0x00, 0x00, 0x00, 0x00, 0x00, 0x00, 0x00, 0x00, 0x00, 0x00, 0x00,
    0x00, 0x00, 0x00, 0x00, 0x00, 0x00, 0x00, 0x00, 0x00, 0x00, 0x00, 0x00, 0x00, 0x00, 0x00, 0x00,
    0x00, 0x00, 0x00, 0x00, 0x00, 0x00, 0x00, 0x00, 0x00, 0x00, 0x00, 0x00, 0x00, 0x00, 0x00, 0x00,
    0x00, 0x00, 0x00, 0x00, 0x00, 0x00, 0x00, 0x00, 0x00, 0x00, 0x00, 0x00, 0x00, 0x00, 0x04, 0x00,
    0x2f, 0xd3, 0xff, 0xfe, 0xfc, 0xff, 0xff, 0xff, 0xff, 0xff, 0xff, 0xff, 0xff, 0xff, 0xfe, 0xfd,
    0xfd, 0xfc, 0xfc, 0xfc, 0xfd, 0xfe, 0xff, 0xff, 0xff, 0xff, 0xff, 0xff, 0xff, 0xff, 0xff, 0xfc,
    0xfe, 0xff, 0xd0, 0x2a, 0x00, 0x04, 0x00, 0x00, 0x00, 0x00, 0x00, 0x00, 0x00, 0x00, 0x00, 0x00,
    0x00, 0x00, 0x00, 0x00, 0x00, 0x00, 0x00, 0x00, 0x00, 0x00, 0x00, 0x00, 0x00, 0x00, 0x00, 0x00,
    0x00, 0x00, 0x00, 0x00, 0x00, 0x00, 0x00, 0x00, 0x00, 0x00, 0x00, 0x00, 0x00, 0x00, 0x00, 0x00,
    0x00, 0x00, 0x00, 0x00, 0x00, 0x00, 0x00, 0x00, 0x00, 0x00, 0x00, 0x00, 0x00, 0x04, 0x00, 0x4e,
    0xf1, 0xff, 0xfb, 0xff, 0xff, 0xff, 0xff, 0xff, 0xff, 0xff, 0xff, 0xfc, 0xfb, 0xfd, 0xff, 0xff,
    0xff, 0xff, 0xff, 0xff, 0xff, 0xff, 0xfc, 0xfb, 0xfd, 0xff, 0xff, 0xff, 0xff, 0xff, 0xff, 0xff,
    0xff, 0xfb, 0xff, 0xef, 0x4e, 0x00, 0x04, 0x00, 0x00, 0x00, 0x00, 0x00, 0x00, 0x00, 0x00, 0x00,
    0x00, 0x00, 0x00, 0x00, 0x00, 0x00, 0x00, 0x00, 0x00, 0x00, 0x00, 0x00, 0x00, 0x00, 0x00, 0x00,
    0x00, 0x00, 0x00, 0x00, 0x00, 0x00, 0x00, 0x00, 0x00, 0x00, 0x00, 0x00, 0x00, 0x00, 0x00, 0x00,
    0x00, 0x00, 0x00, 0x00, 0x00, 0x00, 0x00, 0x00, 0x00, 0x00, 0x00, 0x00, 0x04, 0x00, 0x55, 0xfe,
    0xff, 0xfc, 0xff, 0xff, 0xff, 0xff, 0xff, 0xff, 0xff, 0xfc, 0xff, 0xff, 0xff, 0xff, 0xf5, 0xde,
    0xcf, 0xc1, 0xc1, 0xc9, 0xe2, 0xf9, 0xff, 0xff, 0xff, 0xfe, 0xfb, 0xfe, 0xff, 0xff, 0xff, 0xff,
    0xff, 0xff, 0xfc, 0xff, 0xfe, 0x56, 0x00, 0x04, 0x00, 0x00, 0x00, 0x00, 0x00, 0x00, 0x00, 0x00,
    0x00, 0x00, 0x00, 0x00, 0x00, 0x00, 0x00, 0x00, 0x00, 0x00, 0x00, 0x00, 0x00, 0x00, 0x00, 0x00,
    0x00, 0x00, 0x00, 0x00, 0x00, 0x00, 0x00, 0x00, 0x00, 0x00, 0x00, 0x00, 0x00, 0x00, 0x00, 0x00,
    0x00, 0x00, 0x00, 0x00, 0x00, 0x00, 0x00, 0x00, 0x00, 0x00, 0x00, 0x03, 0x00, 0x52, 0xfd, 0xfd,
    0xfd, 0xff, 0xff, 0xff, 0xff, 0xff, 0xff, 0xfc, 0xff, 0xff, 0xff, 0xc7, 0x7b, 0x47, 0x1d, 0x08,
    0x00, 0x00, 0x00, 0x00, 0x0a, 0x23, 0x53, 0x8f, 0xcf, 0xff, 0xff, 0xff, 0xfc, 0xff, 0xff, 0xff,
    0xff, 0xff, 0xff, 0xfd, 0xfd, 0xfe, 0x51, 0x00, 0x04, 0x00, 0x00, 0x00, 0x00, 0x00, 0x00, 0x00,
    0x00, 0x00, 0x00, 0x00, 0x00, 0x00, 0x00, 0x00, 0x00, 0x00, 0x00, 0x00, 0x00, 0x00, 0x00, 0x00,
    0x00, 0x00, 0x00, 0x00, 0x00, 0x00, 0x00, 0x00, 0x00, 0x00, 0x00, 0x00, 0x00, 0x00, 0x00, 0x00,
    0x00, 0x00, 0x00, 0x00, 0x00, 0x00, 0x00, 0x00, 0x00, 0x00, 0x02, 0x00, 0x33, 0xf7, 0xfe, 0xfd,
    0xff, 0xff, 0xff, 0xff, 0xff, 0xfe, 0xfc, 0xff, 0xfe, 0xa6, 0x37, 0x00, 0x00, 0x00, 0x00, 0x00,
    0x00, 0x02, 0x02, 0x01, 0x00, 0x00, 0x00, 0x00, 0x00, 0x3c, 0x96, 0xf2, 0xff, 0xfd, 0xfe, 0xff,
    0xff, 0xff, 0xff, 0xff, 0xfd, 0xfe, 0xf4, 0x31, 0x00, 0x02, 0x00, 0x00, 0x00, 0x00, 0x00, 0x00,
    0x00, 0x00, 0x00, 0x00, 0x00, 0x00, 0x00, 0x00, 0x00, 0x00, 0x00, 0x00, 0x00, 0x00, 0x00, 0x00,
    0x00, 0x00, 0x00, 0x00, 0x00, 0x00, 0x00, 0x00, 0x00, 0x00, 0x00, 0x00, 0x00, 0x00, 0x00, 0x00,
    0x00, 0x00, 0x00, 0x00, 0x00, 0x00, 0x00, 0x00, 0x00, 0x02, 0x02, 0x13, 0xdf, 0xff, 0xfd, 0xff,
    0xff, 0xff, 0xff, 0xff, 0xfd, 0xff, 0xff, 0xb3, 0x37, 0x00, 0x00, 0x01, 0x04, 0x03, 0x02, 0x01,
    0x00, 0x00, 0x00, 0x00, 0x01, 0x02, 0x03, 0x04, 0x00, 0x00, 0x00, 0x25, 0xa2, 0xff, 0xff, 0xfd,
    0xff, 0xff, 0xff, 0xff, 0xff, 0xfc, 0xff, 0xdf, 0x12, 0x02, 0x02, 0x00, 0x00, 0x00, 0x00, 0x00,
    0x00, 0x00, 0x00, 0x00, 0x00, 0x00, 0x00, 0x00, 0x00, 0x00, 0x00, 0x00, 0x00, 0x00, 0x00, 0x00,
    0x00, 0x00, 0x00, 0x00, 0x00, 0x00, 0x00, 0x00, 0x00, 0x00, 0x00, 0x00, 0x00, 0x00, 0x00, 0x00,
    0x00, 0x00, 0x00, 0x00, 0x00, 0x00, 0x00, 0x00, 0x00, 0x03, 0x00, 0xa6, 0xff, 0xfb, 0xff, 0xff,
    0xff, 0xff, 0xff, 0xfc, 0xff, 0xf1, 0x61, 0x00, 0x00, 0x03, 0x02, 0x00, 0x00, 0x00, 0x00, 0x00,
    0x00, 0x00, 0x00, 0x00, 0x00, 0x00, 0x00, 0x00, 0x00, 0x02, 0x04, 0x00, 0x00, 0x53, 0xee, 0xff,
    0xfc, 0xff, 0xff, 0xff, 0xff, 0xff, 0xfb, 0xff, 0xa4, 0x00, 0x03, 0x00, 0x00, 0x00, 0x00, 0x00,
    0x00, 0x00, 0x00, 0x00, 0x00, 0x00, 0x00, 0x00, 0x00, 0x00, 0x00, 0x00, 0x00, 0x00, 0x00, 0x00,
    0x00, 0x00, 0x00, 0x00, 0x00, 0x00, 0x00, 0x00, 0x00, 0x00, 0x00, 0x00, 0x00, 0x00, 0x00, 0x00,
    0x00, 0x00, 0x00, 0x00, 0x00, 0x00, 0x00, 0x00, 0x03, 0x00, 0x42, 0xff, 0xfb, 0xff, 0xff, 0xff,
    0xff, 0xff, 0xfc, 0xff, 0xd6, 0x2b, 0x00, 0x03, 0x02, 0x00, 0x00, 0x00, 0x00, 0x00, 0x00, 0x00,
    0x00, 0x00, 0x00, 0x00, 0x00, 0x00, 0x00, 0x00, 0x00, 0x00, 0x00, 0x02, 0x04, 0x00, 0x2b, 0xdd,
    0xff, 0xfc, 0xff, 0xff, 0xff, 0xff, 0xff, 0xfb, 0xff, 0x42, 0x00, 0x03, 0x00, 0x00, 0x00, 0x00,
    0x00, 0x00, 0x00, 0x00, 0x00, 0x00, 0x00, 0x00, 0x00, 0x00, 0x00, 0x00, 0x00, 0x00, 0x00, 0x00,
    0x00, 0x00, 0x00, 0x00, 0x00, 0x00, 0x00, 0x00, 0x00, 0x00, 0x00, 0x00, 0x00, 0x00, 0x00, 0x00,
    0x00, 0x00, 0x00, 0x00, 0x00, 0x00, 0x00, 0x00, 0x02, 0x03, 0xcb, 0xff, 0xfc, 0xff, 0xff, 0xff,
    0xff, 0xfd, 0xff, 0xd2, 0x16, 0x00, 0x04, 0x00, 0x00, 0x00, 0x00, 0x00, 0x00, 0x00, 0x00, 0x00,
    0x00, 0x00, 0x00, 0x00, 0x00, 0x00, 0x00, 0x00, 0x00, 0x00, 0x00, 0x00, 0x00, 0x04, 0x00, 0x1d,
    0xdb, 0xff, 0xfd, 0xff, 0xff, 0xff, 0xff, 0xfc, 0xff, 0xcc, 0x03, 0x02, 0x00, 0x00, 0x00, 0x00,
    0x00, 0x00, 0x00, 0x00, 0x00, 0x00, 0x00, 0x00, 0x00, 0x00, 0x00, 0x00, 0x00, 0x00, 0x00, 0x00,
    0x00, 0x00, 0x00, 0x00, 0x00, 0x00, 0x00, 0x00, 0x00, 0x00, 0x00, 0x00, 0x00, 0x00, 0x00, 0x00,
    0x00, 0x00, 0x00, 0x00, 0x00, 0x02, 0x04, 0x07, 0x01, 0x4e, 0xff, 0xfc, 0xff, 0xff, 0xff, 0xff,
    0xfd, 0xfe, 0xe6, 0x1f, 0x00, 0x04, 0x00, 0x00, 0x00, 0x00, 0x00, 0x00, 0x00, 0x00, 0x00, 0x00,
    0x00, 0x00, 0x00, 0x00, 0x00, 0x00, 0x00, 0x00, 0x00, 0x00, 0x00, 0x00, 0x00, 0x00, 0x04, 0x00,
    0x2b, 0xef, 0xfd, 0xfe, 0xff, 0xff, 0xff, 0xff, 0xfc, 0xff, 0x4d, 0x00, 0x04, 0x00, 0x00, 0x00,
    0x00, 0x00, 0x00, 0x00, 0x00, 0x00, 0x00, 0x00, 0x00, 0x00, 0x00, 0x00, 0x00, 0x00, 0x00, 0x00,
    0x00, 0x00, 0x00, 0x00, 0x00, 0x00, 0x00, 0x00, 0x00, 0x00, 0x00, 0x00, 0x00, 0x00, 0x00, 0x00,
    0x00, 0x00, 0x01, 0x04, 0x01, 0x00, 0x00, 0x00, 0x00, 0xc0, 0xfe, 0xfc, 0xff, 0xff, 0xff, 0xff,
    0xfd, 0xfe, 0x43, 0x00, 0x04, 0x00, 0x00, 0x00, 0x00, 0x00, 0x00, 0x00, 0x00, 0x00, 0x00, 0x00,
    0x00, 0x00, 0x00, 0x00, 0x00, 0x00, 0x00, 0x00, 0x00, 0x00, 0x00, 0x00, 0x00, 0x00, 0x00, 0x05,
    0x00, 0x55, 0xff, 0xfc, 0xff, 0xff, 0xff, 0xff, 0xfc, 0xfe, 0xbe, 0x00, 0x02, 0x00, 0x00, 0x00,
    0x00, 0x00, 0x00, 0x00, 0x00, 0x00, 0x00, 0x00, 0x00, 0x00, 0x00, 0x00, 0x00, 0x00, 0x00, 0x00,
    0x00, 0x00, 0x00, 0x00, 0x00, 0x00, 0x00, 0x00, 0x00, 0x00, 0x00, 0x00, 0x00, 0x00, 0x00, 0x00,
    0x01, 0x03, 0x00, 0x00, 0x00, 0x2a, 0x61, 0x97, 0xc4, 0xfe, 0xff, 0xff, 0xff, 0xff, 0xff, 0xfc,
    0xff, 0x9d, 0x00, 0x04, 0x00, 0x00, 0x00, 0x00, 0x00, 0x00, 0x00, 0x00, 0x00, 0x00, 0x00, 0x00,
    0x00, 0x00, 0x00, 0x00, 0x00, 0x00, 0x00, 0x00, 0x00, 0x00, 0x00, 0x00, 0x00, 0x00, 0x00, 0x00,
    0x04, 0x00, 0xae, 0xff, 0xfc, 0xff, 0xff, 0xff, 0xff, 0xfe, 0xfb, 0x27, 0x00, 0x02, 0x00, 0x00,
    0x00, 0x00, 0x00, 0x00, 0x00, 0x00, 0x00, 0x00, 0x00, 0x00, 0x00, 0x00, 0x00, 0x00, 0x00, 0x00,
    0x00, 0x00, 0x00, 0x00, 0x00, 0x00, 0x00, 0x00, 0x00, 0x00, 0x00, 0x00, 0x00, 0x00, 0x00, 0x03,
    0x00, 0x00, 0x16, 0x6e, 0xc5, 0xfc, 0xff, 0xff, 0xff, 0xff, 0xff, 0xff, 0xff, 0xff, 0xfe, 0xfe,
    0xf5, 0x1f, 0x01, 0x02, 0x00, 0x00, 0x00, 0x00, 0x00, 0x00, 0x00, 0x00, 0x00, 0x00, 0x00, 0x00,
    0x00, 0x00, 0x00, 0x00, 0x00, 0x00, 0x00, 0x00, 0x00, 0x00, 0x00, 0x00, 0x00, 0x00, 0x00, 0x00,
    0x02, 0x01, 0x22, 0xf8, 0xfe, 0xfe, 0xff, 0xff, 0xff, 0xfb, 0xff, 0x78, 0x00, 0x04, 0x00, 0x00,
    0x00, 0x00, 0x00, 0x00, 0x00, 0x00, 0x00, 0x00, 0x00, 0x00, 0x00, 0x00, 0x00, 0x00, 0x00, 0x00,
    0x00, 0x00, 0x00, 0x00, 0x00, 0x00, 0x00, 0x00, 0x00, 0x00, 0x00, 0x00, 0x00, 0x01, 0x02, 0x00,
    0x19, 0x8b, 0xe8, 0xff, 0xff, 0xff, 0xfc, 0xfb, 0xfc, 0xff, 0xff, 0xff, 0xff, 0xff, 0xfb, 0xff,
    0xa4, 0x00, 0x03, 0x00, 0x00, 0x00, 0x00, 0x00, 0x00, 0x00, 0x00, 0x00, 0x00, 0x00, 0x00, 0x00,
    0x00, 0x00, 0x00, 0x00, 0x00, 0x00, 0x00, 0x00, 0x00, 0x00, 0x00, 0x00, 0x00, 0x00, 0x00, 0x00,
    0x00, 0x03, 0x00, 0xa7, 0xff, 0xfc, 0xff, 0xff, 0xff, 0xfc, 0xff, 0xbb, 0x00, 0x02, 0x00, 0x00,
    0x00, 0x00, 0x00, 0x00, 0x00, 0x00, 0x00, 0x00, 0x00, 0x00, 0x00, 0x00, 0x00, 0x00, 0x00, 0x00,
    0x00, 0x00, 0x00, 0x00, 0x00, 0x00, 0x00, 0x00, 0x00, 0x00, 0x00, 0x00, 0x03, 0x00, 0x00, 0x6c,
    0xe9, 0xff, 0xff, 0xfb, 0xfc, 0xfe, 0xff, 0xff, 0xff, 0xff, 0xff, 0xff, 0xff, 0xff, 0xfd, 0xff,
    0x4a, 0x01, 0x03, 0x00, 0x00, 0x00, 0x00, 0x00, 0x00, 0x00, 0x00, 0x00, 0x00, 0x00, 0x00, 0x00,
    0x00, 0x00, 0x00, 0x00, 0x00, 0x00, 0x00, 0x00, 0x00, 0x00, 0x00, 0x00, 0x00, 0x00, 0x00, 0x00,
    0x00, 0x03, 0x01, 0x46, 0xff, 0xfd, 0xff, 0xff, 0xff, 0xfe, 0xff, 0xe9, 0x0e, 0x00, 0x01, 0x00,
    0x00, 0x00, 0x00, 0x00, 0x00, 0x00, 0x00, 0x00, 0x00, 0x00, 0x00, 0x00, 0x00, 0x00, 0x00, 0x00,
    0x00, 0x00, 0x00, 0x00, 0x00, 0x00, 0x00, 0x00, 0x00, 0x00, 0x00, 0x03, 0x00, 0x1b, 0xb3, 0xff,
    0xff, 0xfb, 0xfe, 0xff, 0xff, 0xff, 0xff, 0xff, 0xff, 0xff, 0xff, 0xff, 0xff, 0xfe, 0xfe, 0xef,
    0x12, 0x00, 0x01, 0x00, 0x00, 0x00, 0x00, 0x00, 0x00, 0x00, 0x00, 0x00, 0x00, 0x00, 0x00, 0x00,
    0x00, 0x00, 0x00, 0x00, 0x00, 0x00, 0x00, 0x00, 0x00, 0x00, 0x00, 0x00, 0x00, 0x00, 0x00, 0x00,
    0x00, 0x01, 0x00, 0x11, 0xec, 0xff, 0xfe, 0xff, 0xff, 0xff, 0xff, 0xfe, 0x2d, 0x00, 0x02, 0x00,
    0x00, 0x00, 0x00, 0x00, 0x00, 0x00, 0x00, 0x00, 0x00, 0x00, 0x00, 0x00, 0x00, 0x00, 0x00, 0x00,
    0x00, 0x00, 0x00, 0x00, 0x00, 0x00, 0x00, 0x00, 0x00, 0x00, 0x04, 0x00, 0x32, 0xde, 0xff, 0xfb,
    0xfe, 0xff, 0xff, 0xff, 0xff, 0xff, 0xff, 0xff, 0xff, 0xff, 0xfe, 0xfe, 0xfe, 0xf8, 0xff, 0xae,
    0x00, 0x02, 0x00, 0x00, 0x00, 0x00, 0x00, 0x00, 0x00, 0x00, 0x00, 0x00, 0x00, 0x00, 0x00, 0x00,
    0x00, 0x00, 0x00, 0x00, 0x00, 0x00, 0x00, 0x00, 0x00, 0x00, 0x00, 0x00, 0x00, 0x00, 0x00, 0x00,
    0x00, 0x00, 0x02, 0x00, 0xbc, 0xff, 0xfc, 0xff, 0xff, 0xff, 0xfc, 0xff, 0x4c, 0x01, 0x04, 0x00,
    0x00, 0x00, 0x00, 0x00, 0x00, 0x00, 0x00, 0x00, 0x00, 0x00, 0x00, 0x00, 0x00, 0x00, 0x00, 0x00,
    0x00, 0x00, 0x00, 0x00, 0x00, 0x00, 0x00, 0x00, 0x00, 0x03, 0x00, 0x3e, 0xf1, 0xff, 0xfb, 0xff,
    0xff, 0xff, 0xff, 0xff, 0xff, 0xff, 0xfd, 0xfb, 0xfc, 0xff, 0xff, 0xff, 0xff, 0xff, 0xee, 0x29,
    0x01, 0x02, 0x00, 0x00, 0x00, 0x00, 0x00, 0x00, 0x00, 0x00, 0x00, 0x00, 0x00, 0x00, 0x00, 0x00,
    0x00, 0x00, 0x00, 0x00, 0x00, 0x00, 0x00, 0x00, 0x00, 0x00, 0x00, 0x00, 0x00, 0x00, 0x00, 0x00,
    0x00, 0x00, 0x03, 0x00, 0xa2, 0xff, 0xfb, 0xff, 0xff, 0xff, 0xfc, 0xff, 0x5e, 0x00, 0x04, 0x03,
    0x04, 0x02, 0x00, 0x00, 0x00, 0x00, 0x00, 0x00, 0x00, 0x00, 0x00, 0x00, 0x00, 0x00, 0x00, 0x00,
    0x00, 0x00, 0x00, 0x00, 0x00, 0x00, 0x00, 0x00, 0x03, 0x00, 0x35, 0xf0, 0xff, 0xfc, 0xff, 0xff,
    0xff, 0xff, 0xff, 0xff, 0xfd, 0xfc, 0xff, 0xff, 0xff, 0xff, 0xf4, 0xf0, 0xe4, 0xaf, 0x2b, 0x00,
    0x01, 0x00, 0x00, 0x00, 0x00, 0x00, 0x00, 0x00, 0x00, 0x00, 0x00, 0x00, 0x00, 0x00, 0x00, 0x00,
    0x00, 0x00, 0x00, 0x00, 0x00, 0x00, 0x00, 0x00, 0x00, 0x00, 0x00, 0x00, 0x00, 0x00, 0x00, 0x00,
    0x00, 0x00, 0x04, 0x00, 0x8d, 0xff, 0xfb, 0xff, 0xff, 0xff, 0xfb, 0xff, 0x71, 0x09, 0x03, 0x00,
    0x00, 0x00, 0x00, 0x03, 0x01, 0x00, 0x00, 0x00, 0x00, 0x00, 0x00, 0x00, 0x00, 0x00, 0x00, 0x00,
    0x00, 0x00, 0x00, 0x00, 0x00, 0x00, 0x00, 0x02, 0x01, 0x18, 0xe4, 0xff, 0xfc, 0xff, 0xff, 0xff,
    0xff, 0xff, 0xff, 0xfc, 0xff, 0xff, 0xe2, 0x9d, 0x5b, 0x31, 0x1b, 0x14, 0x0b, 0x00, 0x00, 0x02,
    0x00, 0x00, 0x00, 0x00, 0x00, 0x00, 0x00, 0x00, 0x00, 0x00, 0x00, 0x00, 0x00, 0x00, 0x00, 0x00,
    0x00, 0x00, 0x00, 0x00, 0x00, 0x00, 0x00, 0x00, 0x00, 0x00, 0x00, 0x00, 0x00, 0x00, 0x00, 0x00,
    0x00, 0x00, 0x04, 0x00, 0x8e, 0xff, 0xfb, 0xff, 0xff, 0xff, 0xff, 0xff, 0xf0, 0xe2, 0xd0, 0xae,
    0x72, 0x31, 0x00, 0x00, 0x00, 0x03, 0x00, 0x00, 0x00, 0x00, 0x00, 0x00, 0x00, 0x00, 0x00, 0x00,
    0x00, 0x00, 0x00, 0x00, 0x00, 0x00, 0x01, 0x03, 0x02, 0xbd, 0xff, 0xfb, 0xff, 0xff, 0xff, 0xff,
    0xff, 0xfe, 0xfe, 0xff, 0xd1, 0x5d, 0x0e, 0x00, 0x00, 0x00, 0x00, 0x00, 0x00, 0x02, 0x02, 0x00,
    0x00, 0x00, 0x00, 0x00, 0x00, 0x00, 0x00, 0x00, 0x00, 0x00, 0x00, 0x00, 0x00, 0x00, 0x00, 0x00,
    0x00, 0x00, 0x00, 0x00, 0x00, 0x00, 0x00, 0x00, 0x00, 0x00, 0x00, 0x00, 0x00, 0x00, 0x00, 0x00,
    0x00, 0x00, 0x03, 0x00, 0xa3, 0xff, 0xfb, 0xff, 0xff, 0xff, 0xff, 0xff, 0xff, 0xff, 0xff, 0xff,
    0xff, 0xff, 0xc9, 0x65, 0x0a, 0x00, 0x03, 0x01, 0x00, 0x00, 0x00, 0x00, 0x00, 0x00, 0x00, 0x00,
    0x00, 0x00, 0x00, 0x00, 0x00, 0x00, 0x03, 0x00, 0x6c, 0xff, 0xfb, 0xff, 0xff, 0xff, 0xff, 0xff,
    0xfd, 0xff, 0xfc, 0x7d, 0x08, 0x00, 0x00, 0x03, 0x03, 0x02, 0x02, 0x01, 0x01, 0x00, 0x00, 0x00,
    0x00, 0x00, 0x00, 0x00, 0x00, 0x00, 0x00, 0x00, 0x00, 0x00, 0x00, 0x00, 0x00, 0x00, 0x00, 0x00,
    0x00, 0x00, 0x00, 0x00, 0x00, 0x00, 0x00, 0x00, 0x00, 0x00, 0x00, 0x00, 0x00, 0x00, 0x00, 0x00,
    0x00, 0x00, 0x01, 0x00, 0xc7, 0xff, 0xfc, 0xff, 0xff, 0xff, 0xff, 0xff, 0xfe, 0xfd, 0xfd, 0xfc,
    0xfb, 0xff, 0xff, 0xff, 0xd5, 0x52, 0x00, 0x00, 0x02, 0x00, 0x00, 0x00, 0x00, 0x00, 0x00, 0x00,
    0x00, 0x00, 0x00, 0x00, 0x00, 0x02, 0x01, 0x1c, 0xf0, 0xfd, 0xfd, 0xff, 0xff, 0xff, 0xff, 0xfd,
    0xff, 0xf1, 0x46, 0x00, 0x00, 0x04, 0x01, 0x00, 0x00, 0x00, 0x00, 0x00, 0x00, 0x00, 0x00, 0x00,
    0x00, 0x00, 0x00, 0x00, 0x00, 0x00, 0x00, 0x00, 0x00, 0x00, 0x00, 0x00, 0x00, 0x00, 0x00, 0x00,
    0x00, 0x00, 0x00, 0x00, 0x00, 0x00, 0x00, 0x00, 0x00, 0x00, 0x00, 0x00, 0x00, 0x00, 0x00, 0x00,
    0x00, 0x01, 0x00, 0x0d, 0xe8, 0xff, 0xfe, 0xff, 0xff, 0xff, 0xff, 0xff, 0xff, 0xff, 0xff, 0xff,
    0xff, 0xff, 0xfd, 0xfc, 0xff, 0xff, 0x9d, 0x09, 0x00, 0x02, 0x00, 0x00, 0x00, 0x00, 0x00, 0x00,
    0x00, 0x00, 0x00, 0x00, 0x00, 0x03, 0x00, 0x8e, 0xff, 0xfb, 0xff, 0xff, 0xff, 0xff, 0xfe, 0xfe,
    0xf1, 0x3b, 0x00, 0x05, 0x01, 0x00, 0x00, 0x00, 0x00, 0x00, 0x00, 0x00, 0x00, 0x00, 0x00, 0x00,
    0x00, 0x00, 0x00, 0x00, 0x00, 0x00, 0x00, 0x00, 0x00, 0x00, 0x00, 0x00, 0x00, 0x00, 0x00, 0x00,
    0x00, 0x00, 0x00, 0x00, 0x00, 0x00, 0x00, 0x00, 0x00, 0x00, 0x00, 0x00, 0x00, 0x00, 0x00, 0x00,
    0x00, 0x01, 0x00, 0x0b, 0xe8, 0xfe, 0xfe, 0xff, 0xff, 0xff, 0xff, 0xff, 0xff, 0xff, 0xff, 0xff,
    0xff, 0xff, 0xff, 0xff, 0xfd, 0xfc, 0xff, 0xc6, 0x18, 0x00, 0x02, 0x00, 0x00, 0x00, 0x00, 0x00,
    0x00, 0x00, 0x00, 0x00, 0x01, 0x00, 0x16, 0xee, 0xfe, 0xfe, 0xff, 0xff, 0xff, 0xfe, 0xfc, 0xfd,
    0x47, 0x00, 0x05, 0x00, 0x00, 0x00, 0x00, 0x00, 0x00, 0x00, 0x00, 0x00, 0x00, 0x00, 0x00, 0x00,
    0x00, 0x00, 0x00, 0x00, 0x00, 0x00, 0x00, 0x00, 0x00, 0x00, 0x00, 0x01, 0x01, 0x00, 0x00, 0x00,
    0x00, 0x00, 0x00, 0x00, 0x00, 0x00, 0x00, 0x00, 0x00, 0x00, 0x00, 0x00, 0x00, 0x00, 0x00, 0x00,
    0x00, 0x00, 0x02, 0x00, 0xb0, 0xff, 0xf8, 0xfe, 0xfe, 0xfe, 0xfe, 0xfe, 0xfe, 0xfe, 0xff, 0xff,
    0xff, 0xff, 0xff, 0xff, 0xff, 0xff, 0xfa, 0xff, 0xd6, 0x1a, 0x00, 0x02, 0x00, 0x00, 0x00, 0x00,
    0x00, 0x00, 0x00, 0x00, 0x04, 0x00, 0x6b, 0xff, 0xfb, 0xff, 0xff, 0xff, 0xff, 0xfc, 0xff, 0x7f,
    0x00, 0x05, 0x00, 0x00, 0x00, 0x00, 0x00, 0x00, 0x00, 0x00, 0x00, 0x00, 0x00, 0x00, 0x00, 0x00,
    0x00, 0x00, 0x00, 0x00, 0x00, 0x00, 0x00, 0x00, 0x00, 0x02, 0x03, 0x00, 0x00, 0x03, 0x02, 0x00,
    0x00, 0x00, 0x00, 0x00, 0x00, 0x00, 0x00, 0x00, 0x00, 0x00, 0x00, 0x00, 0x00, 0x00, 0x00, 0x00,
    0x00, 0x00, 0x02, 0x01, 0x27, 0xeb, 0xff, 0xff, 0xff, 0xff, 0xff, 0xff, 0xff, 0xff, 0xfc, 0xfb,
    0xfe, 0xff, 0xff, 0xff, 0xff, 0xff, 0xff, 0xfb, 0xff, 0xce, 0x09, 0x02, 0x01, 0x00, 0x00, 0x00,
    0x00, 0x00, 0x00, 0x00, 0x01, 0x00, 0xc2, 0xfe, 0xfc, 0xff, 0xff, 0xff, 0xfc, 0xfe, 0xd3, 0x05,
    0x03, 0x01, 0x00, 0x00, 0x00, 0x00, 0x00, 0x00, 0x00, 0x00, 0x00, 0x00, 0x00, 0x00, 0x00, 0x00,
    0x00, 0x00, 0x00, 0x00, 0x00, 0x00, 0x00, 0x00, 0x02, 0x00, 0x00, 0x0c, 0x0c, 0x00, 0x00, 0x02,
    0x00, 0x00, 0x00, 0x00, 0x00, 0x00, 0x00, 0x00, 0x00, 0x00, 0x00, 0x00, 0x00, 0x00, 0x00, 0x00,
    0x00, 0x00, 0x00, 0x01, 0x00, 0x28, 0xa5, 0xdf, 0xee, 0xee, 0xef, 0xee, 0xf3, 0xff, 0xff, 0xff,
    0xff, 0xfc, 0xff, 0xff, 0xff, 0xff, 0xff, 0xff, 0xfa, 0xff, 0x9c, 0x00, 0x03, 0x00, 0x00, 0x00,
    0x00, 0x00, 0x00, 0x02, 0x00, 0x1b, 0xf6, 0xff, 0xfe, 0xff, 0xff, 0xff, 0xfc, 0xff, 0x59, 0x00,
    0x04, 0x00, 0x00, 0x00, 0x00, 0x00, 0x00, 0x00, 0x00, 0x00, 0x00, 0x00, 0x00, 0x00, 0x00, 0x00,
    0x00, 0x00, 0x00, 0x00, 0x00, 0x00, 0x00, 0x02, 0x00, 0x27, 0xa9, 0xe6, 0xe6, 0xa9, 0x27, 0x00,
    0x01, 0x00, 0x00, 0x00, 0x00, 0x00, 0x00, 0x00, 0x00, 0x00, 0x00, 0x00, 0x00, 0x00, 0x00, 0x00,
    0x00, 0x00, 0x00, 0x00, 0x02, 0x00, 0x00, 0x09, 0x10, 0x10, 0x11, 0x11, 0x1a, 0x2e, 0x59, 0xa0,
    0xf2, 0xff, 0xfd, 0xff, 0xff, 0xff, 0xff, 0xff, 0xff, 0xfb, 0xff, 0x4f, 0x00, 0x03, 0x00, 0x00,
    0x00, 0x00, 0x00, 0x03, 0x00, 0x53, 0xff, 0xfc, 0xff, 0xff, 0xff, 0xfd, 0xff, 0xe4, 0x0a, 0x01,
    0x01, 0x00, 0x00, 0x00, 0x00, 0x00, 0x00, 0x00, 0x00, 0x00, 0x00, 0x00, 0x00, 0x00, 0x00, 0x00,
    0x00, 0x00, 0x00, 0x00, 0x00, 0x00, 0x02, 0x01, 0x28, 0xea, 0xff, 0xff, 0xff, 0xff, 0xea, 0x27,
    0x01, 0x02, 0x00, 0x00, 0x00, 0x00, 0x00, 0x00, 0x00, 0x00, 0x00, 0x00, 0x00, 0x00, 0x00, 0x00,
    0x00, 0x00, 0x00, 0x00, 0x00, 0x02, 0x03, 0x00, 0x00, 0x00, 0x00, 0x00, 0x00, 0x00, 0x00, 0x00,
    0x24, 0xa1, 0xff, 0xfd, 0xfe, 0xff, 0xff, 0xff, 0xff, 0xfd, 0xfe, 0xdd, 0x09, 0x01, 0x01, 0x00,
    0x00, 0x00, 0x00, 0x04, 0x00, 0x84, 0xff, 0xfb, 0xff, 0xff, 0xff, 0xfb, 0xff, 0xa1, 0x00, 0x03,
    0x00, 0x00, 0x00, 0x00, 0x00, 0x00, 0x00, 0x00, 0x00, 0x00, 0x00, 0x00, 0x00, 0x00, 0x00, 0x00,
    0x00, 0x00, 0x00, 0x00, 0x00, 0x00, 0x02, 0x00, 0xb0, 0xff, 0xf8, 0xfe, 0xfe, 0xf8, 0xff, 0xaf,
    0x00, 0x02, 0x00, 0x00, 0x00, 0x00, 0x00, 0x00, 0x00, 0x00, 0x00, 0x00, 0x00, 0x00, 0x00, 0x00,
    0x00, 0x00, 0x00, 0x00, 0x00, 0x00, 0x00, 0x01, 0x01, 0x01, 0x01, 0x01, 0x01, 0x02, 0x03, 0x04,
    0x00, 0x00, 0x72, 0xff, 0xfc, 0xfe, 0xff, 0xff, 0xff, 0xff, 0xfc, 0xff, 0x65, 0x00, 0x04, 0x00,
    0x00, 0x00, 0x00, 0x03, 0x00, 0xa7, 0xff, 0xfc, 0xff, 0xff, 0xff, 0xfb, 0xff, 0x6a, 0x01, 0x04,
    0x00, 0x00, 0x00, 0x00, 0x00, 0x00, 0x00, 0x00, 0x00, 0x00, 0x00, 0x00, 0x00, 0x00, 0x00, 0x00,
    0x00, 0x00, 0x00, 0x00, 0x00, 0x01, 0x00, 0x0b, 0xe9, 0xfe, 0xfe, 0xff, 0xff, 0xfe, 0xfe, 0xe8,
    0x0b, 0x00, 0x01, 0x00, 0x00, 0x00, 0x00, 0x00, 0x00, 0x00, 0x00, 0x00, 0x00, 0x00, 0x00, 0x00,
    0x00, 0x00, 0x00, 0x00, 0x00, 0x00, 0x00, 0x00, 0x00, 0x00, 0x00, 0x00, 0x00, 0x00, 0x00, 0x00,
    0x02, 0x05, 0x00, 0x77, 0xff, 0xfc, 0xff, 0xff, 0xff, 0xff, 0xfc, 0xfe, 0xcd, 0x03, 0x01, 0x00,
    0x00, 0x00, 0x00, 0x02, 0x00, 0xbe, 0xff, 0xfc, 0xff, 0xff, 0xff, 0xfd, 0xff, 0x47, 0x00, 0x03,
    0x00, 0x00, 0x00, 0x00, 0x00, 0x00, 0x00, 0x00, 0x00, 0x00, 0x00, 0x00, 0x00, 0x00, 0x00, 0x00,
    0x00, 0x00, 0x00, 0x00, 0x00, 0x01, 0x00, 0x12, 0xee, 0xff, 0xfe, 0xff, 0xff, 0xfe, 0xff, 0xee,
    0x12, 0x00, 0x01, 0x00, 0x00, 0x00, 0x00, 0x00, 0x00, 0x00, 0x00, 0x00, 0x00, 0x00, 0x00, 0x00,
    0x00, 0x00, 0x00, 0x00, 0x00, 0x00, 0x00, 0x00, 0x00, 0x00, 0x00, 0x00, 0x00, 0x00, 0x00, 0x00,
    0x00, 0x01, 0x05, 0x00, 0xaa, 0xff, 0xfc, 0xff, 0xff, 0xff, 0xff, 0xfe, 0xfe, 0x32, 0x00, 0x03,
    0x00, 0x00, 0x00, 0x01, 0x00, 0xc7, 0xff, 0xfc, 0xff, 0xff, 0xff, 0xfe, 0xff, 0x38, 0x00, 0x03,
    0x00, 0x00, 0x00, 0x00, 0x00, 0x00, 0x00, 0x00, 0x00, 0x00, 0x00, 0x00, 0x00, 0x00, 0x00, 0x00,
    0x00, 0x00, 0x00, 0x00, 0x00, 0x01, 0x00, 0x11, 0xee, 0xff, 0xfe, 0xff, 0xff, 0xfe, 0xff, 0xee,
    0x11, 0x00, 0x01, 0x00, 0x00, 0x00, 0x00, 0x00, 0x00, 0x00, 0x00, 0x01, 0x01, 0x00, 0x00, 0x00,
    0x00, 0x00, 0x00, 0x00, 0x00, 0x00, 0x00, 0x00, 0x00, 0x00, 0x00, 0x00, 0x00, 0x00, 0x00, 0x00,
    0x00, 0x00, 0x02, 0x01, 0x20, 0xf3, 0xfe, 0xfe, 0xff, 0xff, 0xff, 0xfb, 0xff, 0x76, 0x00, 0x04,
    0x00, 0x00, 0x00, 0x01, 0x00, 0xc7, 0xff, 0xfc, 0xff, 0xff, 0xff, 0xfe, 0xff, 0x38, 0x00, 0x03,
    0x00, 0x00, 0x00, 0x00, 0x00, 0x00, 0x00, 0x00, 0x00, 0x00, 0x00, 0x00, 0x00, 0x00, 0x00, 0x00,
    0x00, 0x00, 0x00, 0x00, 0x00, 0x01, 0x00, 0x11, 0xee, 0xff, 0xfe, 0xff, 0xff, 0xfe, 0xff, 0xee,
    0x11, 0x00, 0x01, 0x00, 0x00, 0x00, 0x00, 0x00, 0x00, 0x02, 0x03, 0x00, 0x00, 0x03, 0x02, 0x00,
    0x00, 0x00, 0x00, 0x00, 0x00, 0x00, 0x00, 0x00, 0x00, 0x00, 0x00, 0x00, 0x00, 0x00, 0x00, 0x00,
    0x00, 0x00, 0x00, 0x04, 0x00, 0xa0, 0xff, 0xfb, 0xff, 0xff, 0xff, 0xfb, 0xff, 0xac, 0x00, 0x03,
    0x00, 0x00, 0x00, 0x02, 0x00, 0xbd, 0xff, 0xfc, 0xff, 0xff, 0xff, 0xfd, 0xff, 0x45, 0x00, 0x03,
    0x00, 0x00, 0x00, 0x00, 0x00, 0x00, 0x00, 0x00, 0x00, 0x00, 0x00, 0x00, 0x00, 0x00, 0x00, 0x00,
    0x00, 0x00, 0x00, 0x00, 0x00, 0x01, 0x00, 0x11, 0xee, 0xff, 0xfe, 0xff, 0xff, 0xfe, 0xff, 0xee,
    0x11, 0x00, 0x01, 0x00, 0x00, 0x00, 0x00, 0x00, 0x02, 0x00, 0x00, 0x0c, 0x0c, 0x00, 0x00, 0x02,
    0x00, 0x00, 0x00, 0x00, 0x00, 0x00, 0x00, 0x00, 0x00, 0x00, 0x00, 0x00, 0x00, 0x00, 0x00, 0x00,
    0x00, 0x00, 0x00, 0x04, 0x01, 0x54, 0xff, 0xfc, 0xff, 0xff, 0xff, 0xfd, 0xff, 0xcf, 0x00, 0x00,
    0x00, 0x00, 0x00, 0x03, 0x00, 0xa5, 0xff, 0xfc, 0xff, 0xff, 0xff, 0xfb, 0xff, 0x68, 0x01, 0x04,
    0x00, 0x00, 0x00, 0x00, 0x00, 0x00, 0x00, 0x00, 0x00, 0x00, 0x00, 0x00, 0x00, 0x00, 0x00, 0x00,
    0x00, 0x00, 0x00, 0x00, 0x00, 0x01, 0x00, 0x11, 0xee, 0xff, 0xfe, 0xff, 0xff, 0xfe, 0xff, 0xee,
    0x11, 0x00, 0x01, 0x00, 0x00, 0x00, 0x00, 0x02, 0x00, 0x27, 0xa9, 0xe6, 0xe6, 0xa9, 0x27, 0x00,
    0x01, 0x00, 0x00, 0x00, 0x00, 0x00, 0x00, 0x00, 0x00, 0x00, 0x00, 0x00, 0x00, 0x00, 0x00, 0x00,
    0x00, 0x00, 0x00, 0x02, 0x00, 0x2b, 0xfe, 0xff, 0xff, 0xff, 0xff, 0xfd, 0xff, 0xe2, 0x09, 0x00,
    0x00, 0x00, 0x00, 0x04, 0x00, 0x82, 0xff, 0xfb, 0xff, 0xff, 0xff, 0xfb, 0xff, 0xa0, 0x00, 0x03,
    0x00, 0x00, 0x00, 0x00, 0x00, 0x00, 0x00, 0x00, 0x00, 0x00, 0x00, 0x00, 0x00, 0x00, 0x00, 0x00,
    0x00, 0x00, 0x00, 0x00, 0x00, 0x01, 0x00, 0x11, 0xee, 0xff, 0xfe, 0xff, 0xff, 0xfe, 0xff, 0xee,
    0x11, 0x00, 0x01, 0x00, 0x00, 0x00, 0x02, 0x01, 0x28, 0xea, 0xff, 0xff, 0xff, 0xff, 0xea, 0x27,
    0x01, 0x02, 0x00, 0x00, 0x00, 0x00, 0x00, 0x00, 0x00, 0x00, 0x00, 0x00, 0x00, 0x00, 0x00, 0x00,
    0x00, 0x00, 0x00, 0x01, 0x00, 0x1a, 0xf4, 0xff, 0xfe, 0xff, 0xff, 0xfe, 0xff, 0xec, 0x0f, 0x00,
    0x00, 0x00, 0x00, 0x03, 0x00, 0x57, 0xff, 0xfc, 0xff, 0xff, 0xff, 0xfd, 0xff, 0xe4, 0x0a, 0x01,
    0x01, 0x00, 0x00, 0x00, 0x00, 0x00, 0x00, 0x00, 0x00, 0x00, 0x00, 0x00, 0x00, 0x00, 0x00, 0x00,
    0x00, 0x00, 0x00, 0x00, 0x00, 0x01, 0x00, 0x11, 0xee, 0xff, 0xfe, 0xff, 0xff, 0xfe, 0xff, 0xee,
    0x11, 0x00, 0x01, 0x00, 0x00, 0x00, 0x02, 0x00, 0xb0, 0xff, 0xf8, 0xfe, 0xfe, 0xf8, 0xff, 0xaf,
    0x00, 0x02, 0x00, 0x00, 0x00, 0x00, 0x00, 0x00, 0x00, 0x00, 0x00, 0x00, 0x00, 0x00, 0x00, 0x00,
    0x00, 0x00, 0x00, 0x01, 0x00, 0x19, 0xf3, 0xff, 0xfe, 0xff, 0xff, 0xfe, 0xff, 0xec, 0x0f, 0x00,
    0x00, 0x00, 0x00, 0x02, 0x00, 0x1f, 0xf8, 0xff, 0xfe, 0xff, 0xff, 0xff, 0xfc, 0xff, 0x58, 0x00,
    0x04, 0x00, 0x00, 0x00, 0x00, 0x00, 0x00, 0x00, 0x00, 0x00, 0x00, 0x00, 0x00, 0x00, 0x00, 0x00,
    0x00, 0x00, 0x00, 0x00, 0x00, 0x01, 0x00, 0x12, 0xee, 0xff, 0xfe, 0xff, 0xff, 0xfe, 0xff, 0xee,
    0x12, 0x00, 0x01, 0x00, 0x00, 0x01, 0x00, 0x0b, 0xe9, 0xfe, 0xfe, 0xff, 0xff, 0xfe, 0xfe, 0xe8,
    0x0b, 0x00, 0x01, 0x00, 0x00, 0x00, 0x00, 0x00, 0x00, 0x00, 0x00, 0x00, 0x00, 0x00, 0x00, 0x00,
    0x00, 0x00, 0x00, 0x02, 0x00, 0x2a, 0xfe, 0xff, 0xfe, 0xff, 0xff, 0xfd, 0xff, 0xe2, 0x08, 0x00,
    0x00, 0x00, 0x00, 0x00, 0x01, 0x01, 0xc6, 0xfe, 0xfc, 0xff, 0xff, 0xff, 0xfc, 0xfe, 0xd1, 0x04,
    0x03, 0x01, 0x00, 0x00, 0x00, 0x00, 0x00, 0x00, 0x00, 0x00, 0x00, 0x00, 0x00, 0x00, 0x00, 0x00,
    0x00, 0x00, 0x00, 0x00, 0x00, 0x01, 0x00, 0x0b, 0xe7, 0xfe, 0xfe, 0xff, 0xff, 0xfe, 0xfe, 0xe7,
    0x0b, 0x00, 0x01, 0x00, 0x00, 0x01, 0x00, 0x12, 0xee, 0xff, 0xfe, 0xff, 0xff, 0xfe, 0xff, 0xee,
    0x12, 0x00, 0x01, 0x00, 0x00, 0x00, 0x00, 0x00, 0x00, 0x00, 0x00, 0x00, 0x00, 0x00, 0x00, 0x00,
    0x00, 0x00, 0x00, 0x04, 0x01, 0x55, 0xff, 0xfc, 0xff, 0xff, 0xff, 0xfd, 0xff, 0xce, 0x00, 0x01,
    0x00, 0x00, 0x00, 0x00, 0x04, 0x00, 0x6d, 0xff, 0xfb, 0xff, 0xff, 0xff, 0xff, 0xfc, 0xff, 0x79,
    0x00, 0x05, 0x00, 0x00, 0x00, 0x00, 0x00, 0x00, 0x00, 0x00, 0x00, 0x00, 0x00, 0x00, 0x00, 0x00,
    0x00, 0x00, 0x00, 0x00, 0x00, 0x00, 0x02, 0x00, 0xb1, 0xff, 0xf8, 0xfe, 0xfe, 0xf8, 0xff, 0xb0,
    0x00, 0x02, 0x00, 0x00, 0x00, 0x01, 0x00, 0x11, 0xee, 0xff, 0xfe, 0xff, 0xff, 0xfe, 0xff, 0xee,
    0x11, 0x00, 0x01, 0x00, 0x00, 0x00, 0x00, 0x00, 0x00, 0x00, 0x00, 0x00, 0x00, 0x00, 0x00, 0x00,
    0x00, 0x00, 0x00, 0x04, 0x00, 0xa4, 0xff, 0xfb, 0xff, 0xff, 0xff, 0xfb, 0xff, 0xad, 0x00, 0x03,
    0x00, 0x00, 0x00, 0x00, 0x01, 0x00, 0x16, 0xee, 0xfe, 0xfe, 0xff, 0xff, 0xff, 0xfe, 0xfc, 0xfb,
    0x44, 0x00, 0x05, 0x00, 0x00, 0x00, 0x00, 0x00, 0x00, 0x00, 0x00, 0x00, 0x00, 0x00, 0x00, 0x00,
    0x00, 0x00, 0x00, 0x00, 0x00, 0x00, 0x02, 0x01, 0x2a, 0xeb, 0xff, 0xff, 0xff, 0xff, 0xeb, 0x29,
    0x01, 0x02, 0x00, 0x00, 0x00, 0x01, 0x00, 0x11, 0xee, 0xff, 0xfe, 0xff, 0xff, 0xfe, 0xff, 0xee,
    0x11, 0x00, 0x01, 0x00, 0x00, 0x00, 0x00, 0x00, 0x00, 0x00, 0x00, 0x00, 0x00, 0x00, 0x00, 0x00,
    0x00, 0x00, 0x02, 0x01, 0x22, 0xf4, 0xfe, 0xfe, 0xff, 0xff, 0xff, 0xfb, 0xff, 0x77, 0x00, 0x04,
    0x00, 0x00, 0x00, 0x00, 0x00, 0x04, 0x00, 0x8a, 0xff, 0xfb, 0xff, 0xff, 0xff, 0xff, 0xfe, 0xfe,
    0xf1, 0x3c, 0x00, 0x04, 0x01, 0x00, 0x00, 0x00, 0x00, 0x00, 0x00, 0x00, 0x00, 0x00, 0x00, 0x00,
    0x00, 0x00, 0x00, 0x00, 0x00, 0x00, 0x00, 0x01, 0x00, 0x28, 0xa9, 0xe6, 0xe6, 0xa9, 0x27, 0x00,
    0x01, 0x00, 0x00, 0x00, 0x00, 0x01, 0x00, 0x11, 0xee, 0xff, 0xfe, 0xff, 0xff, 0xfe, 0xff, 0xee,
    0x11, 0x00, 0x01, 0x00, 0x00, 0x00, 0x00, 0x00, 0x00, 0x00, 0x00, 0x00, 0x00, 0x00, 0x00, 0x00,
    0x00, 0x01, 0x05, 0x00, 0xac, 0xff, 0xfc, 0xff, 0xff, 0xff, 0xff, 0xfe, 0xfe, 0x33, 0x00, 0x03,
    0x00, 0x00, 0x00, 0x00, 0x00, 0x02, 0x01, 0x19, 0xed, 0xfd, 0xfd, 0xff, 0xff, 0xff, 0xff, 0xfd,
    0xff, 0xf3, 0x51, 0x00, 0x00, 0x04, 0x01, 0x00, 0x00, 0x00, 0x00, 0x00, 0x00, 0x00, 0x00, 0x00,
    0x00, 0x00, 0x00, 0x00, 0x00, 0x00, 0x00, 0x00, 0x02, 0x00, 0x00, 0x0c, 0x0c, 0x00, 0x00, 0x02,
    0x00, 0x00, 0x00, 0x00, 0x00, 0x01, 0x00, 0x11, 0xee, 0xff, 0xfe, 0xff, 0xff, 0xfe, 0xff, 0xee,
    0x11, 0x00, 0x01, 0x00, 0x00, 0x00, 0x00, 0x00, 0x00, 0x00, 0x00, 0x00, 0x00, 0x00, 0x00, 0x00,
    0x02, 0x04, 0x00, 0x78, 0xff, 0xfc, 0xff, 0xff, 0xff, 0xff, 0xfc, 0xfe, 0xcf, 0x03, 0x01, 0x00,
    0x00, 0x00, 0x00, 0x00, 0x00, 0x00, 0x03, 0x00, 0x69, 0xff, 0xfb, 0xff, 0xff, 0xff, 0xff, 0xff,
    0xfd, 0xff, 0xff, 0x8b, 0x0e, 0x00, 0x00, 0x03, 0x04, 0x03, 0x02, 0x01, 0x01, 0x00, 0x00, 0x00,
    0x00, 0x00, 0x00, 0x00, 0x00, 0x00, 0x00, 0x00, 0x00, 0x02, 0x03, 0x00, 0x00, 0x03, 0x02, 0x00,
    0x00, 0x00, 0x00, 0x00, 0x00, 0x01, 0x00, 0x11, 0xee, 0xff, 0xfe, 0xff, 0xff, 0xfe, 0xff, 0xee,
    0x11, 0x00, 0x01, 0x00, 0x00, 0x00, 0x00, 0x00, 0x00, 0x00, 0x00, 0x01, 0x02, 0x02, 0x03, 0x04,
    0x00, 0x00, 0x78, 0xff, 0xfc, 0xfe, 0xff, 0xff, 0xff, 0xff, 0xfc, 0xff, 0x68, 0x00, 0x04, 0x00,
    0x00, 0x00, 0x00, 0x00, 0x00, 0x00, 0x00, 0x03, 0x01, 0xb4, 0xff, 0xfb, 0xff, 0xff, 0xff, 0xff,
    0xff, 0xfe, 0xfe, 0xff, 0xdb, 0x6a, 0x13, 0x00, 0x00, 0x00, 0x00, 0x00, 0x00, 0x03, 0x02, 0x00,
    0x00, 0x00, 0x00, 0x00, 0x00, 0x00, 0x00, 0x00, 0x00, 0x02, 0x03, 0x00, 0x00, 0x03, 0x02, 0x00,
    0x00, 0x00, 0x00, 0x00, 0x00, 0x01, 0x00, 0x11, 0xee, 0xff, 0xfe, 0xff, 0xff, 0xfe, 0xff, 0xee,
    0x11, 0x00, 0x01, 0x00, 0x00, 0x00, 0x00, 0x00, 0x00, 0x02, 0x02, 0x00, 0x00, 0x00, 0x00, 0x00,
    0x2b, 0xac, 0xff, 0xfd, 0xff, 0xff, 0xff, 0xff, 0xff, 0xfd, 0xfe, 0xdd, 0x0a, 0x01, 0x01, 0x00,
    0x00, 0x00, 0x00, 0x00, 0x00, 0x00, 0x00, 0x02, 0x01, 0x14, 0xe1, 0xff, 0xfc, 0xff, 0xff, 0xff,
    0xff, 0xff, 0xff, 0xfc, 0xff, 0xff, 0xe6, 0xa2, 0x69, 0x3b, 0x1d, 0x11, 0x0c, 0x00, 0x00, 0x02,
    0x00, 0x00, 0x00, 0x00, 0x00, 0x00, 0x00, 0x00, 0x02, 0x00, 0x00, 0x0c, 0x0c, 0x00, 0x00, 0x02,
    0x00, 0x00, 0x00, 0x00, 0x00, 0x01, 0x00, 0x12, 0xee, 0xff, 0xfe, 0xff, 0xff, 0xfe, 0xff, 0xee,
    0x12, 0x00, 0x01, 0x00, 0x00, 0x00, 0x00, 0x00, 0x02, 0x00, 0x00, 0x0c, 0x1c, 0x34, 0x5b, 0xa4,
    0xf6, 0xff, 0xfc, 0xff, 0xff, 0xff, 0xff, 0xff, 0xff, 0xfb, 0xff, 0x4f, 0x00, 0x03, 0x00, 0x00,
    0x00, 0x00, 0x00, 0x00, 0x00, 0x00, 0x00, 0x00, 0x02, 0x00, 0x32, 0xf0, 0xff, 0xfc, 0xff, 0xff,
    0xff, 0xff, 0xff, 0xff, 0xfd, 0xfc, 0xff, 0xff, 0xff, 0xff, 0xf6, 0xee, 0xe5, 0xa9, 0x27, 0x00,
    0x01, 0x00, 0x00, 0x00, 0x00, 0x00, 0x00, 0x02, 0x00, 0x27, 0xa9, 0xe6, 0xe6, 0xa9, 0x27, 0x00,
    0x01, 0x00, 0x00, 0x00, 0x00, 0x01, 0x00, 0x0b, 0xe7, 0xfe, 0xfe, 0xff, 0xff, 0xfe, 0xfe, 0xe7,
    0x0b, 0x00, 0x01, 0x00, 0x00, 0x00, 0x00, 0x02, 0x00, 0x27, 0xaa, 0xe5, 0xf4, 0xff, 0xff, 0xff,
    0xff, 0xfc, 0xff, 0xff, 0xff, 0xff, 0xff, 0xff, 0xfa, 0xff, 0x9b, 0x00, 0x03, 0x00, 0x00, 0x00,
    0x00, 0x00, 0x00, 0x00, 0x00, 0x00, 0x00, 0x00, 0x00, 0x03, 0x00, 0x3f, 0xf1, 0xff, 0xfb, 0xff,
    0xff, 0xff, 0xff, 0xff, 0xff, 0xff, 0xfe, 0xfb, 0xfb, 0xfe, 0xff, 0xff, 0xff, 0xff, 0xea, 0x27,
    0x01, 0x02, 0x00, 0x00, 0x00, 0x00, 0x02, 0x01, 0x28, 0xea, 0xff, 0xff, 0xff, 0xff, 0xea, 0x27,
    0x01, 0x02, 0x00, 0x00, 0x00, 0x00, 0x02, 0x00, 0xb1, 0xff, 0xf8, 0xfe, 0xfe, 0xf8, 0xff, 0xaf,
    0x00, 0x03, 0x00, 0x00, 0x00, 0x00, 0x02, 0x01, 0x28, 0xea, 0xff, 0xff, 0xff, 0xff, 0xfc, 0xfb,
    0xfe, 0xff, 0xff, 0xff, 0xff, 0xff, 0xff, 0xfb, 0xff, 0xc7, 0x08, 0x03, 0x01, 0x00, 0x00, 0x00,
    0x00, 0x00, 0x00, 0x00, 0x00, 0x00, 0x00, 0x00, 0x00, 0x00, 0x04, 0x00, 0x31, 0xdf, 0xff, 0xfb,
    0xfe, 0xff, 0xff, 0xff, 0xff, 0xff, 0xff, 0xff, 0xff, 0xff, 0xfe, 0xfe, 0xfe, 0xf8, 0xff, 0xae,
    0x00, 0x02, 0x00, 0x00, 0x00, 0x00, 0x02, 0x00, 0xb0, 0xff, 0xf8, 0xfe, 0xfe, 0xf8, 0xff, 0xaf,
    0x00, 0x02, 0x00, 0x00, 0x00, 0x00, 0x02, 0x01, 0x2a, 0xeb, 0xff, 0xff, 0xff, 0xff, 0xeb, 0x29,
    0x01, 0x02, 0x00, 0x00, 0x00, 0x00, 0x02, 0x00, 0xb0, 0xff, 0xf8, 0xfe, 0xfe, 0xff, 0xff, 0xff,
    0xff, 0xff, 0xff, 0xff, 0xff, 0xff, 0xfa, 0xff, 0xd5, 0x17, 0x00, 0x02, 0x00, 0x00, 0x00, 0x00,
    0x00, 0x00, 0x00, 0x00, 0x00, 0x00, 0x00, 0x00, 0x00, 0x00, 0x00, 0x03, 0x00, 0x1b, 0xb3, 0xff,
    0xff, 0xfb, 0xfe, 0xff, 0xff, 0xff, 0xff, 0xff, 0xff, 0xff, 0xff, 0xff, 0xff, 0xfe, 0xfe, 0xe8,
    0x0b, 0x00, 0x01, 0x00, 0x00, 0x01, 0x00, 0x0b, 0xe9, 0xfe, 0xfe, 0xff, 0xff, 0xfe, 0xfe, 0xe8,
    0x0b, 0x00, 0x01, 0x00, 0x00, 0x00, 0x00, 0x01, 0x00, 0x28, 0xa9, 0xe6, 0xe6, 0xa9, 0x27, 0x00,
    0x01, 0x00, 0x00, 0x00, 0x00, 0x01, 0x00, 0x0c, 0xe9, 0xfe, 0xfe, 0xff, 0xff, 0xff, 0xff, 0xff,
    0xff, 0xff, 0xff, 0xff, 0xfd, 0xfb, 0xff, 0xc9, 0x19, 0x00, 0x02, 0x00, 0x00, 0x00, 0x00, 0x00,
    0x00, 0x00, 0x00, 0x00, 0x00, 0x00, 0x00, 0x00, 0x00, 0x00, 0x00, 0x00, 0x03, 0x00, 0x00, 0x6a,
    0xe6, 0xff, 0xff, 0xfb, 0xfc, 0xfe, 0xff, 0xff, 0xff, 0xff, 0xff, 0xff, 0xff, 0xfe, 0xfe, 0xe7,
    0x0b, 0x00, 0x01, 0x00, 0x00, 0x01, 0x00, 0x12, 0xee, 0xff, 0xfe, 0xff, 0xff, 0xfe, 0xff, 0xee,
    0x12, 0x00, 0x01, 0x00, 0x00, 0x00, 0x00, 0x00, 0x02, 0x00, 0x00, 0x0c, 0x0c, 0x00, 0x00, 0x02,
    0x00, 0x00, 0x00, 0x00, 0x00, 0x01, 0x00, 0x0b, 0xe8, 0xfe, 0xfe, 0xff, 0xff, 0xff, 0xff, 0xff,
    0xff, 0xff, 0xfd, 0xfb, 0xff, 0xff, 0xa0, 0x0c, 0x00, 0x03, 0x00, 0x00, 0x00, 0x00, 0x00, 0x00,
    0x00, 0x00, 0x00, 0x00, 0x00, 0x00, 0x00, 0x00, 0x00, 0x00, 0x00, 0x00, 0x00, 0x01, 0x01, 0x00,
    0x15, 0x85, 0xe6, 0xff, 0xff, 0xff, 0xfc, 0xfb, 0xfc, 0xfd, 0xfe, 0xfe, 0xfe, 0xf8, 0xff, 0xaf,
    0x00, 0x02, 0x00, 0x00, 0x00, 0x01, 0x00, 0x11, 0xee, 0xff, 0xfe, 0xff, 0xff, 0xfe, 0xff, 0xee,
    0x11, 0x00, 0x01, 0x00, 0x00, 0x00, 0x00, 0x00, 0x00, 0x02, 0x03, 0x00, 0x00, 0x03, 0x02, 0x00,
    0x00, 0x00, 0x00, 0x00, 0x00, 0x00, 0x02, 0x00, 0xb1, 0xff, 0xf8, 0xfe, 0xfe, 0xfd, 0xfd, 0xfc,
    0xfb, 0xfe, 0xff, 0xff, 0xdb, 0x57, 0x00, 0x00, 0x02, 0x00, 0x00, 0x00, 0x00, 0x00, 0x00, 0x00,
    0x00, 0x00, 0x00, 0x00, 0x00, 0x00, 0x00, 0x00, 0x00, 0x00, 0x00, 0x00, 0x00, 0x00, 0x00, 0x03,
    0x00, 0x00, 0x14, 0x6d, 0xc3, 0xf9, 0xff, 0xff, 0xff, 0xff, 0xff, 0xff, 0xff, 0xff, 0xeb, 0x29,
    0x01, 0x02, 0x00, 0x00, 0x00, 0x01, 0x00, 0x11, 0xee, 0xff, 0xfe, 0xff, 0xff, 0xfe, 0xff, 0xee,
    0x11, 0x00, 0x01, 0x00, 0x00, 0x00, 0x00, 0x00, 0x00, 0x02, 0x03, 0x00, 0x00, 0x03, 0x02, 0x00,
    0x00, 0x00, 0x00, 0x00, 0x00, 0x00, 0x02, 0x01, 0x2a, 0xeb, 0xff, 0xff, 0xff, 0xff, 0xff, 0xff,
    0xff, 0xff, 0xd0, 0x6e, 0x0e, 0x00, 0x02, 0x01, 0x00, 0x00, 0x00, 0x00, 0x00, 0x00, 0x00, 0x00,
    0x00, 0x00, 0x00, 0x00, 0x00, 0x00, 0x00, 0x00, 0x00, 0x00, 0x00, 0x00, 0x00, 0x00, 0x00, 0x00,
    0x01, 0x03, 0x00, 0x00, 0x00, 0x24, 0x5d, 0x97, 0xc2, 0xdb, 0xe7, 0xee, 0xe5, 0xa9, 0x27, 0x00,
    0x01, 0x00, 0x00, 0x00, 0x00, 0x01, 0x00, 0x11, 0xee, 0xff, 0xfe, 0xff, 0xff, 0xfe, 0xff, 0xee,
    0x11, 0x00, 0x01, 0x00, 0x00, 0x00, 0x00, 0x00, 0x02, 0x00, 0x00, 0x0c, 0x0c, 0x00, 0x00, 0x02,
    0x00, 0x00, 0x00, 0x00, 0x00, 0x00, 0x00, 0x01, 0x00, 0x28, 0xa9, 0xe5, 0xec, 0xe4, 0xcf, 0xae,
    0x75, 0x36, 0x01, 0x00, 0x00, 0x03, 0x00, 0x00, 0x00, 0x00, 0x00, 0x00, 0x00, 0x00, 0x00, 0x00,
    0x00, 0x00, 0x00, 0x00, 0x00, 0x00, 0x00, 0x00, 0x00, 0x00, 0x00, 0x00, 0x00, 0x00, 0x00, 0x00,
    0x00, 0x00, 0x01, 0x04, 0x01, 0x00, 0x00, 0x00, 0x00, 0x06, 0x0c, 0x10, 0x0c, 0x00, 0x00, 0x02,
    0x00, 0x00, 0x00, 0x00, 0x00, 0x01, 0x00, 0x11, 0xee, 0xff, 0xfe, 0xff, 0xff, 0xfe, 0xff, 0xee,
    0x11, 0x00, 0x01, 0x00, 0x00, 0x00, 0x00, 0x02, 0x00, 0x27, 0xa9, 0xe6, 0xe6, 0xa9, 0x27, 0x00,
    0x01, 0x00, 0x00, 0x00, 0x00, 0x00, 0x00, 0x00, 0x02, 0x00, 0x00, 0x0c, 0x0f, 0x0b, 0x00, 0x00,
    0x00, 0x00, 0x00, 0x03, 0x01, 0x00, 0x00, 0x00, 0x00, 0x00, 0x00, 0x00, 0x00, 0x00, 0x00, 0x00,
    0x00, 0x00, 0x00, 0x00, 0x00, 0x00, 0x00, 0x00, 0x00, 0x00, 0x00, 0x00, 0x00, 0x00, 0x00, 0x00,
    0x00, 0x00, 0x00, 0x00, 0x00, 0x02, 0x04, 0x04, 0x02, 0x00, 0x00, 0x00, 0x00, 0x03, 0x02, 0x00,
    0x00, 0x00, 0x00, 0x00, 0x00, 0x01, 0x00, 0x11, 0xee, 0xff, 0xfe, 0xff, 0xff, 0xfe, 0xff, 0xee,
    0x11, 0x00, 0x01, 0x00, 0x00, 0x00, 0x02, 0x01, 0x28, 0xea, 0xff, 0xff, 0xff, 0xff, 0xea, 0x27,
    0x01, 0x02, 0x00, 0x00, 0x00, 0x00, 0x00, 0x00, 0x00, 0x02, 0x03, 0x00, 0x00, 0x00, 0x00, 0x03,
    0x04, 0x03, 0x01, 0x00, 0x00, 0x00, 0x00, 0x00, 0x00, 0x00, 0x00, 0x00, 0x00, 0x00, 0x00, 0x00,
    0x00, 0x00, 0x00, 0x00, 0x00, 0x00, 0x00, 0x00, 0x00, 0x00, 0x00, 0x00, 0x00, 0x00, 0x00, 0x00,
    0x00, 0x00, 0x00, 0x00, 0x00, 0x00, 0x00, 0x00, 0x00, 0x01, 0x01, 0x01, 0x01, 0x00, 0x00, 0x00,
    0x00, 0x00, 0x00, 0x00, 0x00, 0x01, 0x00, 0x11, 0xee, 0xff, 0xfe, 0xff, 0xff, 0xfe, 0xff, 0xee,
    0x11, 0x00, 0x01, 0x00, 0x00, 0x00, 0x02, 0x00, 0xb0, 0xff, 0xf8, 0xfe, 0xfe, 0xf8, 0xff, 0xaf,
    0x00, 0x02, 0x00, 0x00, 0x00, 0x00, 0x00, 0x00, 0x00, 0x00, 0x00, 0x01, 0x01, 0x01, 0x00, 0x00,
    0x00, 0x00, 0x00, 0x00, 0x00, 0x00, 0x00, 0x00, 0x00, 0x00, 0x00, 0x00, 0x00, 0x00, 0x00, 0x00,
    0x00, 0x00, 0x00, 0x00, 0x00, 0x00, 0x00, 0x00, 0x00, 0x00, 0x00, 0x00, 0x00, 0x00, 0x00, 0x00,
    0x00, 0x00, 0x00, 0x00, 0x00, 0x00, 0x00, 0x00, 0x00, 0x00, 0x00, 0x00, 0x00, 0x00, 0x00, 0x00,
    0x00, 0x00, 0x00, 0x00, 0x00, 0x01, 0x00, 0x12, 0xee, 0xff, 0xfe, 0xff, 0xff, 0xfe, 0xff, 0xee,
    0x12, 0x00, 0x01, 0x00, 0x00, 0x01, 0x00, 0x0b, 0xe9, 0xfe, 0xfe, 0xff, 0xff, 0xfe, 0xfe, 0xe8,
    0x0b, 0x00, 0x01, 0x00, 0x00, 0x00, 0x00, 0x00, 0x00, 0x00, 0x00, 0x00, 0x00, 0x00, 0x00, 0x00,
    0x00, 0x00, 0x00, 0x00, 0x00, 0x00, 0x00, 0x00, 0x00, 0x00, 0x00, 0x00, 0x00, 0x00, 0x00, 0x00,
    0x00, 0x00, 0x00, 0x00, 0x00, 0x00, 0x00, 0x00, 0x00, 0x00, 0x00, 0x00, 0x00, 0x00, 0x00, 0x00,
    0x00, 0x00, 0x00, 0x00, 0x00, 0x00, 0x00, 0x00, 0x00, 0x00, 0x00, 0x00, 0x00, 0x00, 0x00, 0x00,
    0x00, 0x00, 0x00, 0x00, 0x00, 0x01, 0x00, 0x0b, 0xe7, 0xfe, 0xfe, 0xff, 0xff, 0xfe, 0xfe, 0xe7,
    0x0b, 0x00, 0x01, 0x00, 0x00, 0x01, 0x00, 0x12, 0xee, 0xff, 0xfe, 0xff, 0xff, 0xfe, 0xff, 0xee,
    0x12, 0x00, 0x01, 0x00, 0x00, 0x00, 0x00, 0x00, 0x00, 0x00, 0x00, 0x00, 0x00, 0x00, 0x00, 0x00,
    0x00, 0x00, 0x00, 0x00, 0x00, 0x00, 0x00, 0x00, 0x00, 0x00, 0x00, 0x00, 0x00, 0x00, 0x00, 0x00,
    0x00, 0x00, 0x00, 0x00, 0x00, 0x00, 0x00, 0x00, 0x00, 0x00, 0x00, 0x00, 0x00, 0x00, 0x00, 0x00,
    0x00, 0x00, 0x00, 0x00, 0x00, 0x00, 0x00, 0x00, 0x00, 0x00, 0x00, 0x00, 0x00, 0x00, 0x00, 0x00,
    0x00, 0x00, 0x00, 0x00, 0x00, 0x00, 0x02, 0x00, 0xb1, 0xff, 0xf8, 0xfe, 0xfe, 0xf8, 0xff, 0xb0,
    0x00, 0x02, 0x00, 0x00, 0x00, 0x01, 0x00, 0x11, 0xee, 0xff, 0xfe, 0xff, 0xff, 0xfe, 0xff, 0xee,
    0x11, 0x00, 0x01, 0x00, 0x00, 0x00, 0x00, 0x00, 0x00, 0x00, 0x00, 0x00, 0x00, 0x00, 0x00, 0x00,
    0x00, 0x00, 0x00, 0x00, 0x00, 0x00, 0x00, 0x00, 0x00, 0x00, 0x00, 0x00, 0x00, 0x00, 0x00, 0x00,
    0x00, 0x00, 0x00, 0x00, 0x00, 0x00, 0x00, 0x00, 0x00, 0x00, 0x00, 0x00, 0x00, 0x00, 0x00, 0x00,
    0x00, 0x00, 0x00, 0x00, 0x00, 0x00, 0x00, 0x00, 0x00, 0x00, 0x00, 0x00, 0x00, 0x00, 0x00, 0x00,
    0x00, 0x00, 0x00, 0x00, 0x00, 0x00, 0x02, 0x01, 0x2a, 0xeb, 0xff, 0xff, 0xff, 0xff, 0xeb, 0x29,
    0x01, 0x02, 0x00, 0x00, 0x00, 0x01, 0x00, 0x11, 0xee, 0xff, 0xfe, 0xff, 0xff, 0xfe, 0xff, 0xee,
    0x11, 0x00, 0x01, 0x00, 0x00, 0x00, 0x00, 0x00, 0x00, 0x00, 0x00, 0x00, 0x00, 0x00, 0x00, 0x00,
    0x00, 0x00, 0x00, 0x00, 0x00, 0x00, 0x00, 0x00, 0x00, 0x00, 0x00, 0x00, 0x00, 0x00, 0x00, 0x00,
    0x00, 0x00, 0x00, 0x00, 0x00, 0x00, 0x00, 0x00, 0x00, 0x00, 0x00, 0x00, 0x00, 0x00, 0x00, 0x00,
    0x00, 0x00, 0x00, 0x00, 0x00, 0x00, 0x00, 0x00, 0x00, 0x00, 0x00, 0x00, 0x00, 0x00, 0x00, 0x00,
    0x00, 0x00, 0x00, 0x00, 0x00, 0x00, 0x00, 0x01, 0x00, 0x28, 0xa9, 0xe6, 0xe6, 0xa9, 0x27, 0x00,
    0x01, 0x00, 0x00, 0x00, 0x00, 0x01, 0x00, 0x11, 0xee, 0xff, 0xfe, 0xff, 0xff, 0xfe, 0xff, 0xee,
    0x11, 0x00, 0x01, 0x00, 0x00, 0x00, 0x00, 0x00, 0x00, 0x00, 0x00, 0x00, 0x00, 0x00, 0x00, 0x00,
    0x00, 0x00, 0x00, 0x00, 0x00, 0x00, 0x00, 0x00, 0x00, 0x00, 0x00, 0x00, 0x00, 0x00, 0x00, 0x00,
    0x00, 0x00, 0x00, 0x00, 0x00, 0x00, 0x00, 0x00, 0x00, 0x00, 0x00, 0x00, 0x00, 0x00, 0x00, 0x00,
    0x00, 0x00, 0x00, 0x00, 0x00, 0x00, 0x00, 0x00, 0x00, 0x00, 0x00, 0x00, 0x00, 0x00, 0x00, 0x00,
    0x00, 0x00, 0x00, 0x00, 0x00, 0x00, 0x00, 0x00, 0x02, 0x00, 0x00, 0x0c, 0x0c, 0x00, 0x00, 0x02,
    0x00, 0x00, 0x00, 0x00, 0x00, 0x01, 0x00, 0x11, 0xee, 0xff, 0xfe, 0xff, 0xff, 0xfe, 0xff, 0xee,
    0x11, 0x00, 0x01, 0x00, 0x00, 0x00, 0x00, 0x00, 0x00, 0x00, 0x00, 0x00, 0x00, 0x00, 0x00, 0x00,
    0x00, 0x00, 0x00, 0x00, 0x00, 0x00, 0x00, 0x00, 0x00, 0x00, 0x00, 0x00, 0x00, 0x00, 0x00, 0x00,
    0x00, 0x00, 0x00, 0x00, 0x00, 0x00, 0x00, 0x00, 0x00, 0x00, 0x00, 0x00, 0x00, 0x00, 0x00, 0x00,
    0x00, 0x00, 0x00, 0x00, 0x00, 0x00, 0x00, 0x00, 0x00, 0x00, 0x00, 0x00, 0x00, 0x00, 0x00, 0x00,
    0x00, 0x00, 0x00, 0x00, 0x00, 0x00, 0x00, 0x00, 0x00, 0x02, 0x03, 0x00, 0x00, 0x03, 0x02, 0x00,
    0x00, 0x00, 0x00, 0x00, 0x00, 0x01, 0x00, 0x11, 0xee, 0xff, 0xfe, 0xff, 0xff, 0xfe, 0xff, 0xee,
    0x11, 0x00, 0x01, 0x00, 0x00, 0x00, 0x00, 0x00, 0x00, 0x00, 0x00, 0x00, 0x00, 0x00, 0x00, 0x00,
    0x00, 0x00, 0x00, 0x00, 0x00, 0x00, 0x00, 0x00, 0x00, 0x00, 0x00, 0x00, 0x00, 0x00, 0x00, 0x00,
    0x00, 0x00, 0x00, 0x00, 0x00, 0x00, 0x00, 0x00, 0x00, 0x00, 0x00, 0x00, 0x00, 0x00, 0x00, 0x00,
    0x00, 0x00, 0x00, 0x00, 0x00, 0x00, 0x00, 0x00, 0x00, 0x00, 0x00, 0x00, 0x00, 0x00, 0x00, 0x00,
    0x00, 0x00, 0x00, 0x00, 0x00, 0x00, 0x00, 0x00, 0x00, 0x00, 0x00, 0x01, 0x01, 0x00, 0x00, 0x00,
    0x00, 0x00, 0x00, 0x00, 0x00, 0x01, 0x00, 0x11, 0xee, 0xff, 0xfe, 0xff, 0xff, 0xfe, 0xff, 0xee,
    0x11, 0x00, 0x01, 0x00, 0x00, 0x00, 0x00, 0x00, 0x00, 0x00, 0x00, 0x00, 0x00, 0x00, 0x00, 0x00,
    0x00, 0x00, 0x00, 0x00, 0x00, 0x00, 0x00, 0x00, 0x00, 0x00, 0x00, 0x00, 0x00, 0x00, 0x00, 0x00,
    0x00, 0x00, 0x00, 0x00, 0x00, 0x00, 0x00, 0x00, 0x00, 0x00, 0x00, 0x00, 0x00, 0x00, 0x00, 0x00,
    0x00, 0x00, 0x00, 0x00, 0x00, 0x00, 0x00, 0x00, 0x00, 0x00, 0x00, 0x00, 0x00, 0x00, 0x00, 0x00,
    0x00, 0x00, 0x00, 0x00, 0x00, 0x00, 0x00, 0x00, 0x00, 0x00, 0x00, 0x00, 0x00, 0x00, 0x00, 0x00,
    0x00, 0x00, 0x00, 0x00, 0x00, 0x01, 0x00, 0x12, 0xee, 0xff, 0xfe, 0xff, 0xff, 0xfe, 0xff, 0xee,
    0x12, 0x00, 0x01, 0x00, 0x00, 0x00, 0x00, 0x00, 0x00, 0x00, 0x00, 0x00, 0x00, 0x00, 0x00, 0x00,
    0x00, 0x00, 0x00, 0x00, 0x00, 0x00, 0x00, 0x00, 0x00, 0x00, 0x00, 0x00, 0x00, 0x00, 0x00, 0x00,
    0x00, 0x00, 0x00, 0x00, 0x00, 0x00, 0x00, 0x00, 0x00, 0x00, 0x00, 0x00, 0x00, 0x00, 0x00, 0x00,
    0x00, 0x00, 0x00, 0x00, 0x00, 0x00, 0x00, 0x00, 0x00, 0x00, 0x00, 0x00, 0x00, 0x00, 0x00, 0x00,
    0x00, 0x00, 0x00, 0x00, 0x00, 0x00, 0x00, 0x00, 0x00, 0x00, 0x00, 0x00, 0x00, 0x00, 0x00, 0x00,
    0x00, 0x00, 0x00, 0x00, 0x00, 0x01, 0x00, 0x0b, 0xe7, 0xfe, 0xfe, 0xff, 0xff, 0xfe, 0xfe, 0xe7,
    0x0b, 0x00, 0x01, 0x00, 0x00, 0x00, 0x00, 0x00, 0x00, 0x00, 0x00, 0x00, 0x00, 0x00, 0x00, 0x00,
    0x00, 0x00, 0x00, 0x00, 0x00, 0x00, 0x00, 0x00, 0x00, 0x00, 0x00, 0x00, 0x00, 0x00, 0x00, 0x00,
    0x00, 0x00, 0x00, 0x00, 0x00, 0x00, 0x00, 0x00, 0x00, 0x00, 0x00, 0x00, 0x00, 0x00, 0x00, 0x00,
    0x00, 0x00, 0x00, 0x00, 0x00, 0x00, 0x00, 0x00, 0x00, 0x00, 0x00, 0x00, 0x00, 0x00, 0x00, 0x00,
    0x00, 0x00, 0x00, 0x00, 0x00, 0x00, 0x00, 0x00, 0x00, 0x00, 0x00, 0x00, 0x00, 0x00, 0x00, 0x00,
    0x00, 0x00, 0x00, 0x00, 0x00, 0x00, 0x02, 0x00, 0xb1, 0xff, 0xf8, 0xfe, 0xfe, 0xf8, 0xff, 0xb0,
    0x00, 0x02, 0x00, 0x00, 0x00, 0x00, 0x00, 0x00, 0x00, 0x00, 0x00, 0x00, 0x00, 0x00, 0x00, 0x00,
    0x00, 0x00, 0x00, 0x00, 0x00, 0x00, 0x00, 0x00, 0x00, 0x00, 0x00, 0x00, 0x00, 0x00, 0x00, 0x00,
    0x00, 0x00, 0x00, 0x00, 0x00, 0x00, 0x00, 0x00, 0x00, 0x00, 0x00, 0x00, 0x00, 0x00, 0x00, 0x00,
    0x00, 0x00, 0x00, 0x00, 0x00, 0x00, 0x00, 0x00, 0x00, 0x00, 0x00, 0x00, 0x00, 0x00, 0x00, 0x00,
    0x00, 0x00, 0x00, 0x00, 0x00, 0x00, 0x00, 0x00, 0x00, 0x00, 0x00, 0x00, 0x00, 0x00, 0x00, 0x00,
    0x00, 0x00, 0x00, 0x00, 0x00, 0x00, 0x02, 0x01, 0x2a, 0xeb, 0xff, 0xff, 0xff, 0xff, 0xeb, 0x29,
    0x01, 0x02, 0x00, 0x00, 0x00, 0x00, 0x00, 0x00, 0x00, 0x00, 0x00, 0x00, 0x00, 0x00, 0x00, 0x00,
    0x00, 0x00, 0x00, 0x00, 0x00, 0x00, 0x00, 0x00, 0x00, 0x00, 0x00, 0x00, 0x00, 0x00, 0x00, 0x00,
    0x00, 0x00, 0x00, 0x00, 0x00, 0x00, 0x00, 0x00, 0x00, 0x00, 0x00, 0x00, 0x00, 0x00, 0x00, 0x00,
    0x00, 0x00, 0x00, 0x00, 0x00, 0x00, 0x00, 0x00, 0x00, 0x00, 0x00, 0x00, 0x00, 0x00, 0x00, 0x00,
    0x00, 0x00, 0x00, 0x00, 0x00, 0x00, 0x00, 0x00, 0x00, 0x00, 0x00, 0x00, 0x00, 0x00, 0x00, 0x00,
    0x00, 0x00, 0x00, 0x00, 0x00, 0x00, 0x00, 0x01, 0x00, 0x28, 0xa9, 0xe3, 0xe3, 0xa9, 0x27, 0x00,
    0x01, 0x00, 0x00, 0x00, 0x00, 0x00, 0x00, 0x00, 0x00, 0x00, 0x00, 0x00, 0x00, 0x00, 0x00, 0x00,
    0x00, 0x00, 0x00, 0x00, 0x00, 0x00, 0x00, 0x00, 0x00, 0x00, 0x00, 0x00, 0x00, 0x00, 0x00, 0x00,
    0x00, 0x00, 0x00, 0x00, 0x00, 0x00, 0x00, 0x00, 0x00, 0x00, 0x00, 0x00, 0x00, 0x00, 0x00, 0x00,
    0x00, 0x00, 0x00, 0x00, 0x00, 0x00, 0x00, 0x00, 0x00, 0x00, 0x00, 0x00, 0x00, 0x00, 0x00, 0x00,
    0x00, 0x00, 0x00, 0x00, 0x00, 0x00, 0x00, 0x00, 0x00, 0x00, 0x00, 0x00, 0x00, 0x00, 0x00, 0x00,
    0x00, 0x00, 0x00, 0x00, 0x00, 0x00, 0x00, 0x00, 0x02, 0x00, 0x00, 0x0b, 0x0b, 0x00, 0x00, 0x02,
    0x00, 0x00, 0x00, 0x00, 0x00, 0x00, 0x00, 0x00, 0x00, 0x00, 0x00, 0x00, 0x00, 0x00, 0x00, 0x00,
    0x00, 0x00, 0x00, 0x00, 0x00, 0x00, 0x00, 0x00, 0x00, 0x00, 0x00, 0x00, 0x00, 0x00, 0x00, 0x00,
    0x00, 0x00, 0x00, 0x00, 0x00, 0x00, 0x00, 0x00, 0x00, 0x00, 0x00, 0x00, 0x00, 0x00, 0x00, 0x00,
    0x00, 0x00, 0x00, 0x00, 0x00, 0x00, 0x00, 0x00, 0x00, 0x00, 0x00, 0x00, 0x00, 0x00, 0x00, 0x00,
    0x00, 0x00, 0x00, 0x00, 0x00, 0x00, 0x00, 0x00, 0x00, 0x00, 0x00, 0x00, 0x00, 0x00, 0x00, 0x00,
    0x00, 0x00, 0x00, 0x00, 0x00, 0x00, 0x00, 0x00, 0x00, 0x02, 0x03, 0x00, 0x00, 0x03, 0x02, 0x00,
    0x00, 0x00, 0x00, 0x00, 0x00, 0x00, 0x00, 0x00, 0x00, 0x00, 0x00, 0x00, 0x00, 0x00, 0x00, 0x00,
    0x00, 0x00, 0x00, 0x00, 0x00, 0x00, 0x00, 0x00, 0x00, 0x00, 0x00, 0x00, 0x00, 0x00, 0x00, 0x00,
    0x00, 0x00, 0x00, 0x00, 0x00, 0x00, 0x00, 0x00, 0x00, 0x00, 0x00, 0x00, 0x00, 0x00, 0x00, 0x00,
    0x00, 0x00, 0x00, 0x00, 0x00, 0x00, 0x00, 0x00, 0x00, 0x00, 0x00, 0x00, 0x00, 0x00, 0x00, 0x00,
    0x00, 0x00, 0x00, 0x00, 0x00, 0x00, 0x00, 0x00, 0x00, 0x00, 0x00, 0x00, 0x00, 0x00, 0x00, 0x00,
    0x00, 0x00, 0x00, 0x00, 0x00, 0x00, 0x00, 0x00, 0x00, 0x00, 0x00, 0x01, 0x01, 0x00, 0x00, 0x00,
    0x00, 0x00, 0x00, 0x00, 0x00, 0x00, 0x00, 0x00, 0x00, 0x00, 0x00, 0x00, 0x00, 0x00, 0x00, 0x00,
    0x00, 0x00, 0x00, 0x00, 0x00, 0x00, 0x00, 0x00, 0x00, 0x00, 0x00, 0x00, 0x00, 0x00, 0x00, 0x00,
    0x00, 0x00, 0x00, 0x00, 0x00, 0x00, 0x00, 0x00, 0x00, 0x00, 0x00, 0x00, 0x00, 0x00, 0x00, 0x00,
    0x00, 0x00, 0x00, 0x00, 0x00, 0x00, 0x00, 0x00, 0x00, 0x00, 0x00, 0x00, 0x00, 0x00, 0x00, 0x00,
    0x00, 0x00, 0x00, 0x00, 0x00, 0x00, 0x00, 0x00, 0x00, 0x00, 0x00, 0x00, 0x00, 0x00, 0x00, 0x00,
    0x00, 0x00, 0x00, 0x00, 0x00, 0x00, 0x00, 0x00, 0x00, 0x00, 0x00, 0x00, 0x00, 0x00, 0x00, 0x00,
    0x00, 0x00, 0x00, 0x00, 0x00, 0x00, 0x00, 0x00, 0x00, 0x00, 0x00, 0x00, 0x00, 0x00, 0x00, 0x00,
    0x00, 0x00, 0x00, 0x00, 0x00, 0x00, 0x00, 0x00, 0x00, 0x00, 0x00, 0x00, 0x00, 0x00, 0x00, 0x00,
};

/* cloud-snow 16px */
static const uint8_t icon_cloud_snow_16_map[] = {
    0x00, 0x00, 0x00, 0x00, 0x00, 0x00, 0x02, 0x04, 0x04, 0x03, 0x01, 0x00, 0x00, 0x00, 0x00, 0x00,
    0x00, 0x00, 0x00, 0x00, 0x00, 0x03, 0x00, 0x00, 0x00, 0x00, 0x00, 0x02, 0x00, 0x00, 0x00, 0x00,
    0x00, 0x00, 0x00, 0x00, 0x00, 0x00, 0x1f, 0x62, 0x7a, 0x4a, 0x08, 0x00, 0x02, 0x00, 0x00, 0x00,
    0x00, 0x00, 0x03, 0x05, 0x02, 0x88, 0xff, 0xff, 0xff, 0xff, 0xe0, 0x48, 0x00, 0x02, 0x00, 0x00,
    0x00, 0x02, 0x00, 0x00, 0x7c, 0xff, 0xad, 0x39, 0x20, 0x49, 0xde, 0xfd, 0x33, 0x04, 0x03, 0x00,
    0x02, 0x00, 0x33, 0xa2, 0xff, 0xba, 0x00, 0x00, 0x00, 0x00, 0x19, 0xf4, 0xab, 0x00, 0x02, 0x01,
    0x00, 0x45, 0xfd, 0xff, 0xcf, 0x35, 0x02, 0x05, 0x02, 0x06, 0x00, 0xc3, 0xee, 0x48, 0x04, 0x00,
    0x0a, 0xe5, 0xe3, 0x2f, 0x00, 0x00, 0x02, 0x02, 0x01, 0x02, 0x01, 0xb1, 0xff, 0xff, 0xc2, 0x13,
    0x3a, 0xff, 0x60, 0x00, 0x04, 0x01, 0x00, 0x00, 0x00, 0x03, 0x03, 0x13, 0x2d, 0x70, 0xff, 0x95,
    0x3a, 0xff, 0x68, 0x00, 0x08, 0x01, 0x4f, 0xca, 0x10, 0x00, 0x00, 0x00, 0x00, 0x00, 0xd7, 0xdd,
    0x0a, 0xe3, 0xe6, 0x29, 0x00, 0x00, 0x44, 0xb4, 0x0e, 0x4b, 0x4b, 0x00, 0x00, 0x2f, 0xf4, 0xba,
    0x00, 0x42, 0xfc, 0xff, 0xda, 0x3d, 0x35, 0xb0, 0x04, 0xba, 0xb9, 0x0a, 0xc6, 0xff, 0xf6, 0x39,
    0x02, 0x00, 0x2f, 0x95, 0xcc, 0x38, 0x38, 0xb8, 0x09, 0x5a, 0x59, 0x0d, 0xc3, 0xae, 0x31, 0x00,
    0x00, 0x02, 0x00, 0x00, 0x00, 0x00, 0x42, 0xad, 0x05, 0xc3, 0xc6, 0x00, 0x00, 0x00, 0x00, 0x02,
    0x00, 0x00, 0x02, 0x04, 0x04, 0x01, 0x4b, 0xc4, 0x0a, 0x13, 0x15, 0x00, 0x02, 0x03, 0x02, 0x00,
    0x00, 0x00, 0x00, 0x00, 0x00, 0x00, 0x00, 0x00, 0x00, 0x00, 0x00, 0x00, 0x00, 0x00, 0x00, 0x00,
};

/* cloud-snow 24px */
static const uint8_t icon_cloud_snow_24_map[] = {
    0x00, 0x00, 0x00, 0x00, 0x00, 0x00, 0x00, 0x00, 0x00, 0x00, 0x00, 0x00, 0x00, 0x00, 0x00, 0x00,
    0x00, 0x00, 0x00, 0x00, 0x00, 0x00, 0x00, 0x00, 0x00, 0x00, 0x00, 0x00, 0x00, 0x00, 0x00, 0x00,
    0x00, 0x00, 0x00, 0x01, 0x01, 0x01, 0x00, 0x00, 0x00, 0x00, 0x00, 0x00, 0x00, 0x00, 0x00, 0x00,
    0x00, 0x00, 0x00, 0x00, 0x00, 0x00, 0x00, 0x00, 0x01, 0x03, 0x01, 0x00, 0x00, 0x00, 0x02, 0x03,
    0x01, 0x00, 0x00, 0x00, 0x00, 0x00, 0x00, 0x00, 0x00, 0x00, 0x00, 0x00, 0x00, 0x00, 0x00, 0x01,
    0x00, 0x00, 0x00, 0x10, 0x17, 0x0c, 0x00, 0x00, 0x00, 0x01, 0x00, 0x00, 0x00, 0x00, 0x00, 0x00,
    0x00, 0x00, 0x00, 0x00, 0x00, 0x00, 0x01, 0x00, 0x01, 0x5f, 0xba, 0xec, 0xf8, 0xe8, 0xba, 0x64,
    0x05, 0x00, 0x02, 0x00, 0x00, 0x00, 0x00, 0x00, 0x00, 0x00, 0x00, 0x00, 0x00, 0x02, 0x00, 0x1c,
    0xbc, 0xff, 0xff, 0xfc, 0xed, 0xff, 0xff, 0xff, 0xc3, 0x1c, 0x00, 0x02, 0x00, 0x00, 0x00, 0x00,
    0x00, 0x00, 0x00, 0x01, 0x04, 0x03, 0x0b, 0xd0, 0xff, 0xd4, 0x61, 0x20, 0x0f, 0x24, 0x68, 0xdd,
    0xff, 0xcd, 0x0b, 0x02, 0x01, 0x00, 0x00, 0x00, 0x00, 0x00, 0x01, 0x00, 0x00, 0x00, 0x7c, 0xff,
    0xc6, 0x11, 0x00, 0x00, 0x00, 0x00, 0x00, 0x19, 0xcf, 0xff, 0x7b, 0x00, 0x04, 0x00, 0x00, 0x00,
    0x00, 0x01, 0x00, 0x07, 0x72, 0xc1, 0xfa, 0xff, 0x39, 0x00, 0x07, 0x01, 0x01, 0x02, 0x06, 0x00,
    0x3f, 0xfe, 0xdc, 0x03, 0x02, 0x03, 0x00, 0x00, 0x01, 0x01, 0x12, 0xc1, 0xff, 0xff, 0xf5, 0xbf,
    0x04, 0x02, 0x00, 0x00, 0x00, 0x00, 0x01, 0x01, 0x06, 0xe3, 0xfc, 0x24, 0x00, 0x00, 0x02, 0x00,
    0x02, 0x02, 0xb7, 0xff, 0xd5, 0x4e, 0x1a, 0x04, 0x00, 0x00, 0x00, 0x00, 0x00, 0x00, 0x01, 0x00,
    0x0c, 0xeb, 0xff, 0xe7, 0xb6, 0x3f, 0x00, 0x02, 0x00, 0x4c, 0xff, 0xe0, 0x1c, 0x00, 0x00, 0x00,
    0x00, 0x00, 0x01, 0x01, 0x00, 0x00, 0x01, 0x01, 0x08, 0xc0, 0xee, 0xfd, 0xff, 0xfd, 0x55, 0x00,
    0x00, 0x95, 0xfe, 0x72, 0x00, 0x07, 0x01, 0x01, 0x00, 0x00, 0x00, 0x00, 0x00, 0x00, 0x00, 0x00,
    0x00, 0x02, 0x12, 0x23, 0x90, 0xff, 0xec, 0x19, 0x00, 0xa9, 0xff, 0x4a, 0x03, 0x03, 0x00, 0x00,
    0x00, 0x00, 0x03, 0x02, 0x00, 0x00, 0x01, 0x01, 0x00, 0x00, 0x00, 0x00, 0x00, 0xc0, 0xff, 0x62,
    0x00, 0x92, 0xfe, 0x71, 0x00, 0x07, 0x01, 0x01, 0x00, 0x06, 0xcf, 0xcf, 0x06, 0x01, 0x00, 0x00,
    0x00, 0x01, 0x01, 0x08, 0x03, 0x81, 0xfd, 0x7f, 0x00, 0x48, 0xff, 0xdd, 0x1b, 0x00, 0x00, 0x00,
    0x01, 0x06, 0xcd, 0xcd, 0x07, 0x00, 0x03, 0x03, 0x00, 0x01, 0x00, 0x00, 0x00, 0xba, 0xff, 0x67,
    0x02, 0x02, 0xb7, 0xff, 0xda, 0x5b, 0x1a, 0x02, 0x00, 0x00, 0x05, 0x05, 0x00, 0x07, 0xcd, 0xcd,
    0x07, 0x00, 0x03, 0x27, 0x90, 0xff, 0xec, 0x1a, 0x01, 0x01, 0x12, 0xba, 0xff, 0xff, 0xfa, 0xc7,
    0x05, 0x05, 0xcf, 0xce, 0x07, 0x08, 0xda, 0xd9, 0x08, 0x07, 0xc7, 0xff, 0xff, 0xfe, 0x54, 0x00,
    0x00, 0x01, 0x00, 0x02, 0x62, 0xba, 0xeb, 0xc7, 0x05, 0x05, 0xce, 0xcd, 0x07, 0x00, 0x08, 0x07,
    0x00, 0x08, 0xc7, 0xec, 0xb5, 0x40, 0x00, 0x02, 0x00, 0x00, 0x01, 0x00, 0x00, 0x00, 0x0c, 0x01,
    0x00, 0x00, 0x05, 0x05, 0x00, 0x07, 0xbe, 0xbe, 0x06, 0x00, 0x02, 0x0e, 0x00, 0x00, 0x02, 0x00,
    0x00, 0x00, 0x00, 0x01, 0x03, 0x02, 0x00, 0x00, 0x01, 0x06, 0xcd, 0xce, 0x07, 0x07, 0xdc, 0xdb,
    0x07, 0x01, 0x00, 0x00, 0x02, 0x03, 0x00, 0x00, 0x00, 0x00, 0x00, 0x00, 0x00, 0x00, 0x01, 0x01,
    0x00, 0x06, 0xd0, 0xd0, 0x07, 0x00, 0x0a, 0x09, 0x00, 0x01, 0x01, 0x01, 0x00, 0x00, 0x00, 0x00,
    0x00, 0x00, 0x00, 0x00, 0x00, 0x00, 0x00, 0x00, 0x00, 0x00, 0x02, 0x02, 0x00, 0x01, 0x00, 0x00,
    0x00, 0x00, 0x00, 0x00, 0x00, 0x00, 0x00, 0x00, 0x00, 0x00, 0x00, 0x00, 0x00, 0x00, 0x00, 0x00,
    0x00, 0x00, 0x00, 0x00, 0x00, 0x00, 0x01, 0x01, 0x00, 0x00, 0x00, 0x00, 0x00, 0x00, 0x00, 0x00,
};

/* cloud-snow 40px */
static const uint8_t icon_cloud_snow_40_map[] = {
    0x00, 0x00, 0x00, 0x00, 0x00, 0x00, 0x00, 0x00, 0x00, 0x00, 0x00, 0x00, 0x00, 0x00, 0x00, 0x00,
    0x00, 0x00, 0x00, 0x00, 0x00, 0x00, 0x00, 0x00, 0x00, 0x00, 0x00, 0x00, 0x00, 0x00, 0x00, 0x00,
    0x00, 0x00, 0x00, 0x00, 0x00, 0x00, 0x00, 0x00, 0x00, 0x00, 0x00, 0x00, 0x00, 0x00, 0x00, 0x00,
    0x00, 0x00, 0x00, 0x00, 0x00, 0x00, 0x00, 0x00, 0x00, 0x00, 0x00, 0x00, 0x00, 0x00, 0x00, 0x00,
    0x00, 0x00, 0x00, 0x00, 0x00, 0x00, 0x00, 0x00, 0x00, 0x00, 0x00, 0x00, 0x00, 0x00, 0x00, 0x00,
    0x00, 0x00, 0x00, 0x00, 0x00, 0x00, 0x00, 0x00, 0x00, 0x00, 0x00, 0x00, 0x00, 0x00, 0x00, 0x00,
    0x00, 0x00, 0x00, 0x00, 0x00, 0x00, 0x00, 0x00, 0x00, 0x00, 0x00, 0x00, 0x00, 0x00, 0x00, 0x00,
    0x00, 0x00, 0x00, 0x00, 0x00, 0x00, 0x00, 0x00, 0x00, 0x00, 0x00, 0x00, 0x00, 0x00, 0x00, 0x00,
    0x00, 0x00, 0x00, 0x00, 0x00, 0x00, 0x00, 0x00, 0x00, 0x00, 0x00, 0x00, 0x00, 0x00, 0x00, 0x00,
    0x00, 0x00, 0x00, 0x00, 0x00, 0x00, 0x00, 0x00, 0x00, 0x00, 0x00, 0x00, 0x00, 0x00, 0x00, 0x00,
    0x00, 0x00, 0x00, 0x00, 0x00, 0x00, 0x00, 0x00, 0x00, 0x00, 0x00, 0x00, 0x00, 0x00, 0x00, 0x00,
    0x00, 0x01, 0x02, 0x03, 0x04, 0x04, 0x03, 0x02, 0x01, 0x00, 0x00, 0x00, 0x00, 0x00, 0x00, 0x00,
    0x00, 0x00, 0x00, 0x00, 0x00, 0x00, 0x00, 0x00, 0x00, 0x00, 0x00, 0x00, 0x00, 0x00, 0x00, 0x00,
    0x00, 0x00, 0x00, 0x00, 0x00, 0x00, 0x00, 0x02, 0x03, 0x00, 0x00, 0x00, 0x00, 0x00, 0x00, 0x00,
    0x00, 0x03, 0x01, 0x00, 0x00, 0x00, 0x00, 0x00, 0x00, 0x00, 0x00, 0x00, 0x00, 0x00, 0x00, 0x00,
    0x00, 0x00, 0x00, 0x00, 0x00, 0x00, 0x00, 0x00, 0x00, 0x00, 0x00, 0x00, 0x00, 0x01, 0x03, 0x00,
    0x00, 0x09, 0x32, 0x56, 0x6b, 0x66, 0x4d, 0x27, 0x00, 0x00, 0x00, 0x03, 0x00, 0x00, 0x00, 0x00,
    0x00, 0x00, 0x00, 0x00, 0x00, 0x00, 0x00, 0x00, 0x00, 0x00, 0x00, 0x00, 0x00, 0x00, 0x00, 0x00,
    0x00, 0x00, 0x00, 0x00, 0x01, 0x00, 0x00, 0x2d, 0x97, 0xde, 0xff, 0xff, 0xff, 0xff, 0xff, 0xfa,
    0xcf, 0x74, 0x15, 0x00, 0x02, 0x00, 0x00, 0x00, 0x00, 0x00, 0x00, 0x00, 0x00, 0x00, 0x00, 0x00,
    0x00, 0x00, 0x00, 0x00, 0x00, 0x00, 0x00, 0x00, 0x00, 0x00, 0x00, 0x02, 0x00, 0x04, 0x85, 0xf8,
    0xff, 0xff, 0xfe, 0xff, 0xff, 0xff, 0xfe, 0xfd, 0xff, 0xff, 0xe8, 0x66, 0x00, 0x02, 0x01, 0x00,
    0x00, 0x00, 0x00, 0x00, 0x00, 0x00, 0x00, 0x00, 0x00, 0x00, 0x00, 0x00, 0x00, 0x00, 0x00, 0x00,
    0x00, 0x00, 0x01, 0x00, 0x14, 0xc1, 0xff, 0xfd, 0xfe, 0xff, 0xff, 0xe9, 0xd8, 0xe3, 0xfa, 0xff,
    0xff, 0xf9, 0xff, 0xff, 0x95, 0x00, 0x03, 0x01, 0x00, 0x00, 0x00, 0x00, 0x00, 0x00, 0x00, 0x00,
    0x00, 0x00, 0x00, 0x00, 0x00, 0x00, 0x00, 0x00, 0x00, 0x01, 0x03, 0x0d, 0xc7, 0xff, 0xf7, 0xff,
    0xf4, 0x95, 0x3e, 0x10, 0x04, 0x0b, 0x25, 0x5a, 0xb8, 0xff, 0xff, 0xf9, 0xff, 0x86, 0x00, 0x03,
    0x00, 0x00, 0x00, 0x00, 0x00, 0x00, 0x00, 0x00, 0x00, 0x00, 0x00, 0x00, 0x00, 0x00, 0x00, 0x00,
    0x02, 0x07, 0x00, 0x98, 0xff, 0xf7, 0xff, 0xc1, 0x29, 0x00, 0x00, 0x00, 0x00, 0x00, 0x00, 0x00,
    0x00, 0x5d, 0xef, 0xff, 0xf9, 0xff, 0x4a, 0x00, 0x03, 0x00, 0x00, 0x00, 0x00, 0x00, 0x00, 0x00,
    0x00, 0x00, 0x00, 0x00, 0x00, 0x00, 0x02, 0x01, 0x00, 0x00, 0x2f, 0xfd, 0xf9, 0xff, 0xbb, 0x05,
    0x00, 0x04, 0x03, 0x01, 0x01, 0x01, 0x02, 0x04, 0x03, 0x00, 0x37, 0xf3, 0xfb, 0xfe, 0xd7, 0x06,
    0x01, 0x00, 0x00, 0x00, 0x00, 0x00, 0x00, 0x00, 0x00, 0x00, 0x00, 0x00, 0x00, 0x03, 0x00, 0x00,
    0x2c, 0x69, 0xc7, 0xfe, 0xfc, 0xed, 0x18, 0x00, 0x04, 0x00, 0x00, 0x00, 0x00, 0x00, 0x00, 0x00,
    0x00, 0x06, 0x00, 0x69, 0xff, 0xfa, 0xff, 0x50, 0x00, 0x03, 0x00, 0x00, 0x00, 0x00, 0x00, 0x00,
    0x00, 0x00, 0x00, 0x00, 0x03, 0x00, 0x3a, 0xb7, 0xfc, 0xff, 0xff, 0xf7, 0xfd, 0x95, 0x00, 0x04,
    0x00, 0x00, 0x00, 0x00, 0x00, 0x00, 0x00, 0x00, 0x00, 0x01, 0x02, 0x05, 0xdc, 0xfe, 0xfe, 0x9f,
    0x03, 0x05, 0x00, 0x00, 0x00, 0x00, 0x00, 0x00, 0x00, 0x00, 0x00, 0x03, 0x00, 0x6e, 0xfc, 0xff,
    0xfc, 0xfe, 0xff, 0xff, 0xff, 0x3e, 0x01, 0x03, 0x00, 0x00, 0x00, 0x00, 0x00, 0x00, 0x00, 0x00,
    0x00, 0x00, 0x04, 0x00, 0x94, 0xff, 0xff, 0xc2, 0x00, 0x00, 0x01, 0x03, 0x00, 0x00, 0x00, 0x00,
    0x00, 0x00, 0x03, 0x00, 0x77, 0xff, 0xfd, 0xfc, 0xff, 0xf6, 0xcb, 0xb5, 0x74, 0x02, 0x01, 0x00,
    0x00, 0x00, 0x00, 0x00, 0x00, 0x00, 0x00, 0x00, 0x00, 0x00, 0x04, 0x01, 0x78, 0xff, 0xfe, 0xdd,
    0x41, 0x22, 0x00, 0x00, 0x02, 0x00, 0x00, 0x00, 0x00, 0x03, 0x00, 0x4e, 0xff, 0xf9, 0xff, 0xf9,
    0x85, 0x21, 0x00, 0x00, 0x00, 0x00, 0x00, 0x00, 0x00, 0x00, 0x00, 0x00, 0x00, 0x00, 0x00, 0x00,
    0x00, 0x00, 0x04, 0x00, 0x8f, 0xfd, 0xfa, 0xff, 0xff, 0xf7, 0xc3, 0x4c, 0x00, 0x02, 0x00, 0x00,
    0x01, 0x01, 0x0a, 0xda, 0xfe, 0xfb, 0xf4, 0x42, 0x00, 0x00, 0x01, 0x03, 0x03, 0x00, 0x00, 0x00,
    0x00, 0x00, 0x00, 0x00, 0x00, 0x00, 0x00, 0x00, 0x00, 0x00, 0x03, 0x00, 0xa7, 0xff, 0xff, 0xff,
    0xff, 0xfd, 0xff, 0xff, 0x8b, 0x00, 0x03, 0x01, 0x04, 0x00, 0x50, 0xff, 0xfa, 0xff, 0x62, 0x00,
    0x06, 0x02, 0x00, 0x00, 0x00, 0x00, 0x00, 0x00, 0x00, 0x00, 0x00, 0x00, 0x00, 0x00, 0x00, 0x00,
    0x00, 0x00, 0x02, 0x00, 0x39, 0xd6, 0xed, 0xee, 0xf9, 0xff, 0xff, 0xfa, 0xff, 0x7c, 0x00, 0x03,
    0x04, 0x00, 0x9d, 0xfe, 0xff, 0xd5, 0x01, 0x03, 0x01, 0x00, 0x00, 0x00, 0x00, 0x00, 0x00, 0x00,
    0x00, 0x00, 0x00, 0x00, 0x00, 0x00, 0x00, 0x00, 0x00, 0x00, 0x00, 0x00, 0x00, 0x04, 0x11, 0x11,
    0x24, 0x6f, 0xf2, 0xff, 0xfa, 0xff, 0x33, 0x00, 0x02, 0x00, 0xc2, 0xff, 0xff, 0x97, 0x00, 0x04,
    0x00, 0x00, 0x00, 0x00, 0x00, 0x00, 0x00, 0x00, 0x00, 0x03, 0x03, 0x02, 0x00, 0x00, 0x00, 0x00,
    0x00, 0x00, 0x00, 0x00, 0x02, 0x00, 0x00, 0x00, 0x00, 0x00, 0x3d, 0xf5, 0xfb, 0xff, 0xa5, 0x00,
    0x00, 0x00, 0xcc, 0xff, 0xff, 0x82, 0x01, 0x04, 0x00, 0x00, 0x00, 0x00, 0x00, 0x00, 0x00, 0x00,
    0x00, 0x00, 0x00, 0x00, 0x00, 0x00, 0x00, 0x00, 0x00, 0x00, 0x00, 0x00, 0x00, 0x01, 0x01, 0x01,
    0x02, 0x07, 0x00, 0x8b, 0xff, 0xff, 0xe4, 0x0e, 0x02, 0x00, 0xc0, 0xff, 0xff, 0x95, 0x00, 0x04,
    0x00, 0x00, 0x00, 0x00, 0x00, 0x00, 0x00, 0x01, 0x00, 0x65, 0xa0, 0x32, 0x00, 0x02, 0x00, 0x00,
    0x00, 0x00, 0x00, 0x00, 0x00, 0x00, 0x00, 0x00, 0x00, 0x03, 0x02, 0x41, 0xff, 0xff, 0xf8, 0x2b,
    0x04, 0x00, 0x99, 0xfe, 0xff, 0xd5, 0x02, 0x03, 0x01, 0x00, 0x00, 0x00, 0x00, 0x00, 0x03, 0x00,
    0x39, 0xff, 0xff, 0xd9, 0x06, 0x01, 0x01, 0x00, 0x03, 0x03, 0x00, 0x00, 0x00, 0x00, 0x00, 0x00,
    0x00, 0x03, 0x01, 0x35, 0xff, 0xff, 0xf9, 0x2f, 0x04, 0x00, 0x4e, 0xff, 0xfa, 0xff, 0x65, 0x00,
    0x06, 0x01, 0x00, 0x00, 0x00, 0x00, 0x03, 0x00, 0x3e, 0xff, 0xff, 0xde, 0x07, 0x01, 0x01, 0x01,
    0x00, 0x00, 0x01, 0x00, 0x00, 0x00, 0x00, 0x00, 0x00, 0x06, 0x00, 0x63, 0xff, 0xff, 0xef, 0x19,
    0x01, 0x01, 0x09, 0xd8, 0xfe, 0xfb, 0xf4, 0x42, 0x00, 0x00, 0x02, 0x03, 0x03, 0x00, 0x00, 0x01,
    0x00, 0x69, 0xa4, 0x36, 0x00, 0x02, 0x00, 0x00, 0x37, 0x37, 0x00, 0x00, 0x00, 0x00, 0x02, 0x03,
    0x03, 0x00, 0x0b, 0xd7, 0xfd, 0xfd, 0xc5, 0x01, 0x00, 0x03, 0x00, 0x4a, 0xff, 0xfa, 0xfe, 0xf9,
    0x78, 0x16, 0x00, 0x00, 0x00, 0x00, 0x00, 0x00, 0x00, 0x00, 0x00, 0x00, 0x00, 0x02, 0x00, 0x5e,
    0xff, 0xff, 0x5d, 0x00, 0x03, 0x00, 0x00, 0x00, 0x00, 0x25, 0xbe, 0xff, 0xf8, 0xff, 0x5d, 0x00,
    0x00, 0x00, 0x03, 0x00, 0x75, 0xff, 0xfc, 0xfc, 0xff, 0xec, 0xbf, 0xaf, 0x63, 0x00, 0x01, 0x01,
    0x00, 0x5f, 0x94, 0x31, 0x00, 0x06, 0x00, 0xa9, 0xff, 0xff, 0xa8, 0x00, 0x06, 0x00, 0x34, 0xa1,
    0xba, 0xf5, 0xff, 0xf8, 0xff, 0xbd, 0x03, 0x02, 0x00, 0x00, 0x00, 0x03, 0x00, 0x73, 0xfd, 0xff,
    0xfc, 0xff, 0xff, 0xff, 0xff, 0x38, 0x00, 0x00, 0x39, 0xff, 0xff, 0xd9, 0x06, 0x03, 0x01, 0x39,
    0xe4, 0xe3, 0x38, 0x01, 0x02, 0x06, 0xdb, 0xff, 0xff, 0xfe, 0xfc, 0xff, 0xd1, 0x15, 0x01, 0x02,
    0x00, 0x00, 0x00, 0x00, 0x03, 0x00, 0x3a, 0xb4, 0xfe, 0xff, 0xff, 0xff, 0xff, 0x3d, 0x00, 0x00,
    0x40, 0xff, 0xff, 0xe0, 0x08, 0x00, 0x01, 0x00, 0x02, 0x02, 0x00, 0x01, 0x00, 0x07, 0xdf, 0xff,
    0xff, 0xff, 0xfd, 0x9f, 0x11, 0x00, 0x02, 0x00, 0x00, 0x00, 0x00, 0x00, 0x00, 0x03, 0x00, 0x00,
    0x2d, 0x69, 0x90, 0xa8, 0x65, 0x00, 0x01, 0x01, 0x00, 0x69, 0xa4, 0x36, 0x00, 0x02, 0x00, 0x00,
    0x28, 0x28, 0x00, 0x00, 0x02, 0x00, 0x35, 0xa1, 0x94, 0x65, 0x2c, 0x00, 0x00, 0x02, 0x00, 0x00,
    0x00, 0x00, 0x00, 0x00, 0x00, 0x00, 0x02, 0x02, 0x00, 0x00, 0x00, 0x00, 0x00, 0x00, 0x00, 0x00,
    0x00, 0x00, 0x00, 0x00, 0x00, 0x02, 0x00, 0x54, 0xfb, 0xfb, 0x53, 0x00, 0x03, 0x00, 0x00, 0x00,
    0x00, 0x00, 0x00, 0x02, 0x01, 0x00, 0x00, 0x00, 0x00, 0x00, 0x00, 0x00, 0x00, 0x00, 0x00, 0x00,
    0x02, 0x04, 0x04, 0x03, 0x03, 0x00, 0x00, 0x01, 0x00, 0x5b, 0x94, 0x2b, 0x00, 0x06, 0x00, 0xaa,
    0xff, 0xff, 0xa9, 0x00, 0x04, 0x00, 0x02, 0x03, 0x04, 0x04, 0x02, 0x00, 0x00, 0x00, 0x00, 0x00,
    0x00, 0x00, 0x00, 0x00, 0x00, 0x00, 0x00, 0x00, 0x00, 0x00, 0x00, 0x00, 0x00, 0x00, 0x02, 0x00,
    0x3b, 0xff, 0xff, 0xd7, 0x07, 0x03, 0x00, 0x40, 0xe8, 0xe8, 0x3f, 0x00, 0x02, 0x00, 0x00, 0x00,
    0x00, 0x00, 0x00, 0x00, 0x00, 0x00, 0x00, 0x00, 0x00, 0x00, 0x00, 0x00, 0x00, 0x00, 0x00, 0x00,
    0x00, 0x00, 0x00, 0x00, 0x00, 0x00, 0x03, 0x00, 0x42, 0xff, 0xff, 0xe3, 0x08, 0x00, 0x01, 0x00,
    0x10, 0x10, 0x00, 0x00, 0x00, 0x00, 0x00, 0x00, 0x00, 0x00, 0x00, 0x00, 0x00, 0x00, 0x00, 0x00,
    0x00, 0x00, 0x00, 0x00, 0x00, 0x00, 0x00, 0x00, 0x00, 0x00, 0x00, 0x00, 0x00, 0x00, 0x00, 0x01,
    0x01, 0x71, 0xa8, 0x3d, 0x00, 0x02, 0x00, 0x02, 0x00, 0x00, 0x02, 0x00, 0x00, 0x00, 0x00, 0x00,
    0x00, 0x00, 0x00, 0x00, 0x00, 0x00, 0x00, 0x00, 0x00, 0x00, 0x00, 0x00, 0x00, 0x00, 0x00, 0x00,
    0x00, 0x00, 0x00, 0x00, 0x00, 0x00, 0x00, 0x00, 0x00, 0x00, 0x00, 0x00, 0x00, 0x00, 0x00, 0x00,
    0x01, 0x01, 0x00, 0x00, 0x00, 0x00, 0x00, 0x00, 0x00, 0x00, 0x00, 0x00, 0x00, 0x00, 0x00, 0x00,
    0x00, 0x00, 0x00, 0x00, 0x00, 0x00, 0x00, 0x00, 0x00, 0x00, 0x00, 0x00, 0x00, 0x00, 0x00, 0x00,
    0x00, 0x03, 0x03, 0x02, 0x00, 0x00, 0x00, 0x00, 0x00, 0x00, 0x00, 0x00, 0x00, 0x00, 0x00, 0x00,
    0x00, 0x00, 0x00, 0x00, 0x00, 0x00, 0x00, 0x00, 0x00, 0x00, 0x00, 0x00, 0x00, 0x00, 0x00, 0x00,
    0x00, 0x00, 0x00, 0x00, 0x00, 0x00, 0x00, 0x00, 0x00, 0x00, 0x00, 0x00, 0x00, 0x00, 0x00, 0x00,
    0x00, 0x00, 0x00, 0x00, 0x00, 0x00, 0x00, 0x00, 0x00, 0x00, 0x00, 0x00, 0x00, 0x00, 0x00, 0x00,
};

/* cloud-snow 96px */
static const uint8_t icon_cloud_snow_96_map[] = {
    0x00, 0x00, 0x00, 0x00, 0x00, 0x00, 0x00, 0x00, 0x00, 0x00, 0x00, 0x00, 0x00, 0x00, 0x00, 0x00,
    0x00, 0x00, 0x00, 0x00, 0x00, 0x00, 0x00, 0x00, 0x00, 0x00, 0x00, 0x00, 0x00, 0x00, 0x00, 0x00,
    0x00, 0x00, 0x00, 0x00, 0x00, 0x00, 0x00, 0x00, 0x00, 0x00, 0x00, 0x00, 0x00, 0x00, 0x00, 0x00,
    0x00, 0x00, 0x00, 0x00, 0x00, 0x00, 0x00, 0x00, 0x00, 0x00, 0x00, 0x00, 0x00, 0x00, 0x00, 0x00,
    0x00, 0x00, 0x00, 0x00, 0x00, 0x00, 0x00, 0x00, 0x00, 0x00, 0x00, 0x00, 0x00, 0x00, 0x00, 0x00,
    0x00, 0x00, 0x00, 0x00, 0x00, 0x00, 0x00, 0x00, 0x00, 0x00, 0x00, 0x00, 0x00, 0x00, 0x00, 0x00,
    0x00, 0x00, 0x00, 0x00, 0x00, 0x00, 0x00, 0x00, 0x00, 0x00, 0x00, 0x00, 0x00, 0x00, 0x00, 0x00,
    0x00, 0x00, 0x00, 0x00, 0x00, 0x00, 0x00, 0x00, 0x00, 0x00, 0x00, 0x00, 0x00, 0x00, 0x00, 0x00,
    0x00, 0x00, 0x00, 0x00, 0x00, 0x00, 0x00, 0x00, 0x00, 0x00, 0x00, 0x00, 0x00, 0x00, 0x00, 0x00,
    0x00, 0x00, 0x00, 0x00, 0x00, 0x00, 0x00, 0x00, 0x00, 0x00, 0x00, 0x00, 0x00, 0x00, 0x00, 0x00,
    0x00, 0x00, 0x00, 0x00, 0x00, 0x00, 0x00, 0x00, 0x00, 0x00, 0x00, 0x00, 0x00, 0x00, 0x00, 0x00,
    0x00, 0x00, 0x00, 0x00, 0x00, 0x00, 0x00, 0x00, 0x00, 0x00, 0x00, 0x00, 0x00, 0x00, 0x00, 0x00,
    0x00, 0x00, 0x00, 0x00, 0x00, 0x00, 0x00, 0x00, 0x00, 0x00, 0x00, 0x00, 0x00, 0x00, 0x00, 0x00,
    0x00, 0x00, 0x00, 0x00, 0x00, 0x00, 0x00, 0x00, 0x00, 0x00, 0x00, 0x00, 0x00, 0x00, 0x00, 0x00,
    0x00, 0x00, 0x00, 0x00, 0x00, 0x00, 0x00, 0x00, 0x00, 0x00, 0x00, 0x00, 0x00, 0x00, 0x00, 0x00,
    0x00, 0x00, 0x00, 0x00, 0x00, 0x00, 0x00, 0x00, 0x00, 0x00, 0x00, 0x00, 0x00, 0x00, 0x00, 0x00,
    0x00, 0x00, 0x00, 0x00, 0x00, 0x00, 0x00, 0x00, 0x00, 0x00, 0x00, 0x00, 0x00, 0x00, 0x00, 0x00,
    0x00, 0x00, 0x00, 0x00, 0x00, 0x00, 0x00, 0x00, 0x00, 0x00, 0x00, 0x00, 0x00, 0x00, 0x00, 0x00,
    0x00, 0x00, 0x00, 0x00, 0x00, 0x00, 0x00, 0x00, 0x00, 0x00, 0x00, 0x00, 0x00, 0x00, 0x00, 0x00,
    0x00, 0x00, 0x00, 0x00, 0x00, 0x00, 0x00, 0x00, 0x00, 0x00, 0x00, 0x00, 0x00, 0x00, 0x00, 0x00,
    0x00, 0x00, 0x00, 0x00, 0x00, 0x00, 0x00, 0x00, 0x00, 0x00, 0x00, 0x00, 0x00, 0x00, 0x00, 0x00,
    0x00, 0x00, 0x00, 0x00, 0x00, 0x00, 0x00, 0x00, 0x00, 0x00, 0x00, 0x00, 0x00, 0x00, 0x00, 0x00,
    0x00, 0x00, 0x00, 0x00, 0x00, 0x00, 0x00, 0x00, 0x00, 0x00, 0x00, 0x00, 0x00, 0x00, 0x00, 0x00,
    0x00, 0x00, 0x00, 0x00, 0x00, 0x00, 0x00, 0x00, 0x00, 0x00, 0x00, 0x00, 0x00, 0x00, 0x00, 0x00,
    0x00, 0x00, 0x00, 0x00, 0x00, 0x00, 0x00, 0x00, 0x00, 0x00, 0x00, 0x00, 0x00, 0x00, 0x00, 0x00,
    0x00, 0x00, 0x00, 0x00, 0x00, 0x00, 0x00, 0x00, 0x00, 0x00, 0x00, 0x00, 0x00, 0x00, 0x00, 0x00,
    0x00, 0x00, 0x00, 0x00, 0x00, 0x00, 0x00, 0x00, 0x00, 0x00, 0x00, 0x00, 0x00, 0x00, 0x00, 0x00,
    0x00, 0x00, 0x00, 0x00, 0x00, 0x00, 0x00, 0x00, 0x00, 0x00, 0x00, 0x00, 0x00, 0x00, 0x00, 0x00,
    0x00, 0x00, 0x00, 0x00, 0x00, 0x00, 0x00, 0x00, 0x00, 0x00, 0x00, 0x00, 0x00, 0x00, 0x00, 0x00,
    0x00, 0x00, 0x00, 0x00, 0x00, 0x00, 0x00, 0x00, 0x00, 0x00, 0x00, 0x00, 0x00, 0x00, 0x00, 0x00,
    0x00, 0x00, 0x00, 0x00, 0x00, 0x00, 0x00, 0x00, 0x00, 0x00, 0x00, 0x00, 0x00, 0x00, 0x00, 0x00,
    0x00, 0x00, 0x00, 0x00, 0x00, 0x00, 0x00, 0x00, 0x00, 0x00, 0x00, 0x00, 0x00, 0x00, 0x00, 0x00,
    0x00, 0x00, 0x00, 0x00, 0x00, 0x00, 0x00, 0x00, 0x00, 0x00, 0x00, 0x00, 0x00, 0x00, 0x00, 0x00,
    0x00, 0x00, 0x00, 0x00, 0x00, 0x00, 0x00, 0x00, 0x00, 0x00, 0x00, 0x00, 0x00, 0x00, 0x00, 0x00,
    0x00, 0x00, 0x00, 0x00, 0x00, 0x00, 0x00, 0x00, 0x00, 0x00, 0x00, 0x00, 0x00, 0x00, 0x00, 0x00,
    0x00, 0x00, 0x00, 0x00, 0x00, 0x00, 0x00, 0x00, 0x00, 0x00, 0x00, 0x00, 0x00, 0x00, 0x00, 0x00,
    0x00, 0x00, 0x00, 0x00, 0x00, 0x00, 0x00, 0x00, 0x00, 0x00, 0x00, 0x00, 0x00, 0x00, 0x00, 0x00,
    0x00, 0x00, 0x00, 0x00, 0x00, 0x00, 0x00, 0x00, 0x00, 0x00, 0x00, 0x00, 0x00, 0x00, 0x00, 0x00,
    0x00, 0x00, 0x00, 0x00, 0x00, 0x00, 0x00, 0x00, 0x00, 0x00, 0x00, 0x00, 0x00, 0x00, 0x00, 0x00,
    0x00, 0x00, 0x00, 0x00, 0x00, 0x00, 0x00, 0x00, 0x00, 0x00, 0x00, 0x00, 0x00, 0x00, 0x00, 0x00,
    0x00, 0x00, 0x00, 0x00, 0x00, 0x00, 0x00, 0x00, 0x00, 0x00, 0x00, 0x00, 0x00, 0x00, 0x00, 0x00,
    0x00, 0x00, 0x00, 0x00, 0x00, 0x00, 0x00, 0x00, 0x00, 0x00, 0x00, 0x00, 0x00, 0x00, 0x00, 0x00,
    0x00, 0x00, 0x00, 0x00, 0x00, 0x00, 0x00, 0x00, 0x00, 0x00, 0x00, 0x00, 0x00, 0x00, 0x00, 0x00,
    0x00, 0x00, 0x00, 0x00, 0x00, 0x00, 0x00, 0x00, 0x00, 0x00, 0x00, 0x00, 0x00, 0x00, 0x00, 0x00,
    0x00, 0x00, 0x00, 0x00, 0x00, 0x00, 0x00, 0x00, 0x00, 0x00, 0x00, 0x00, 0x00, 0x00, 0x00, 0x00,
    0x00, 0x00, 0x00, 0x00, 0x00, 0x00, 0x00, 0x00, 0x00, 0x00, 0x00, 0x00, 0x00, 0x00, 0x00, 0x00,
    0x00, 0x00, 0x00, 0x00, 0x00, 0x00, 0x00, 0x00, 0x00, 0x00, 0x00, 0x00, 0x00, 0x00, 0x00, 0x00,
    0x00, 0x00, 0x00, 0x00, 0x00, 0x00, 0x00, 0x00, 0x00, 0x00, 0x00, 0x00, 0x00, 0x00, 0x00, 0x00,
    0x00, 0x00, 0x00, 0x00, 0x00, 0x00, 0x00, 0x00, 0x00, 0x00, 0x00, 0x00, 0x00, 0x00, 0x00, 0x00,
    0x00, 0x00, 0x00, 0x00, 0x00, 0x00, 0x00, 0x00, 0x00, 0x00, 0x00, 0x00, 0x00, 0x00, 0x00, 0x00,
    0x00, 0x00, 0x00, 0x00, 0x00, 0x00, 0x00, 0x00, 0x00, 0x00, 0x00, 0x00, 0x00, 0x00, 0x00, 0x00,
    0x00, 0x00, 0x00, 0x00, 0x00, 0x00, 0x00, 0x00, 0x00, 0x00, 0x00, 0x00, 0x00, 0x00, 0x00, 0x00,
    0x00, 0x00, 0x00, 0x00, 0x00, 0x00, 0x00, 0x00, 0x00, 0x00, 0x00, 0x00, 0x00, 0x00, 0x00, 0x00,
    0x00, 0x00, 0x00, 0x00, 0x00, 0x00, 0x00, 0x00, 0x00, 0x00, 0x00, 0x00, 0x00, 0x00, 0x00, 0x00,
    0x00, 0x00, 0x00, 0x00, 0x00, 0x00, 0x00, 0x00, 0x00, 0x00, 0x00, 0x00, 0x00, 0x00, 0x00, 0x00,
    0x00, 0x00, 0x00, 0x00, 0x00, 0x00, 0x00, 0x00, 0x00, 0x00, 0x00, 0x00, 0x00, 0x00, 0x00, 0x00,
    0x00, 0x00, 0x00, 0x00, 0x00, 0x00, 0x00, 0x00, 0x00, 0x00, 0x00, 0x00, 0x00, 0x00, 0x00, 0x00,
    0x00, 0x00, 0x00, 0x00, 0x00, 0x00, 0x00, 0x00, 0x00, 0x00, 0x00, 0x00, 0x00, 0x00, 0x00, 0x00,
    0x00, 0x00, 0x00, 0x00, 0x00, 0x00, 0x00, 0x00, 0x00, 0x00, 0x00, 0x00, 0x00, 0x00, 0x00, 0x00,
    0x00, 0x00, 0x00, 0x00, 0x00, 0x00, 0x00, 0x00, 0x00, 0x00, 0x00, 0x00, 0x00, 0x00, 0x00, 0x00,
    0x00, 0x00, 0x00, 0x00, 0x00, 0x00, 0x00, 0x00, 0x00, 0x00, 0x00, 0x00, 0x00, 0x00, 0x00, 0x00,
    0x00, 0x00, 0x00, 0x00, 0x00, 0x00, 0x00, 0x00, 0x00, 0x00, 0x00, 0x00, 0x00, 0x00, 0x00, 0x00,
    0x00, 0x00, 0x00, 0x00, 0x00, 0x00, 0x00, 0x00, 0x00, 0x00, 0x00, 0x00, 0x00, 0x00, 0x00, 0x00,
    0x00, 0x00, 0x00, 0x00, 0x00, 0x00, 0x00, 0x00, 0x00, 0x00, 0x00, 0x00, 0x00, 0x00, 0x00, 0x00,
    0x00, 0x00, 0x00, 0x00, 0x00, 0x00, 0x00, 0x00, 0x00, 0x00, 0x00, 0x00, 0x00, 0x00, 0x00, 0x00,
    0x00, 0x00, 0x00, 0x00, 0x00, 0x00, 0x00, 0x00, 0x00, 0x00, 0x00, 0x00, 0x00, 0x00, 0x00, 0x00,
    0x00, 0x00, 0x00, 0x00, 0x00, 0x00, 0x00, 0x00, 0x00, 0x00, 0x00, 0x00, 0x00, 0x00, 0x00, 0x00,
    0x00, 0x00, 0x00, 0x00, 0x00, 0x00, 0x00, 0x00, 0x00, 0x00, 0x00, 0x00, 0x00, 0x00, 0x00, 0x00,
    0x00, 0x00, 0x00, 0x00, 0x00, 0x00, 0x00, 0x00, 0x00, 0x00, 0x00, 0x00, 0x00, 0x00, 0x00, 0x00,
    0x00, 0x00, 0x00, 0x00, 0x00, 0x00, 0x00, 0x00, 0x00, 0x00, 0x00, 0x00, 0x00, 0x00, 0x00, 0x00,
    0x00, 0x00, 0x00, 0x00, 0x00, 0x00, 0x00, 0x00, 0x00, 0x00, 0x00, 0x00, 0x00, 0x00, 0x00, 0x00,
    0x00, 0x00, 0x00, 0x00, 0x00, 0x00, 0x00, 0x00, 0x00, 0x00, 0x00, 0x00, 0x00, 0x00, 0x00, 0x00,
    0x00, 0x00, 0x00, 0x00, 0x00, 0x00, 0x00, 0x00, 0x00, 0x00, 0x00, 0x00, 0x00, 0x00, 0x00, 0x00,
    0x00, 0x00, 0x00, 0x00, 0x00, 0x00, 0x00, 0x00, 0x00, 0x00, 0x00, 0x00, 0x00, 0x00, 0x00, 0x00,
    0x00, 0x00, 0x00, 0x00, 0x00, 0x00, 0x00, 0x00, 0x00, 0x00, 0x00, 0x00, 0x00, 0x00, 0x00, 0x00,
    0x00, 0x00, 0x00, 0x00, 0x00, 0x00, 0x00, 0x00, 0x00, 0x00, 0x00, 0x00, 0x00, 0x00, 0x00, 0x00,
    0x00, 0x00, 0x00, 0x00, 0x00, 0x00, 0x00, 0x00, 0x00, 0x00, 0x00, 0x00, 0x00, 0x00, 0x00, 0x00,
    0x00, 0x00, 0x00, 0x00, 0x00, 0x00, 0x00, 0x00, 0x00, 0x00, 0x00, 0x00, 0x00, 0x00, 0x00, 0x00,
    0x00, 0x00, 0x00, 0x00, 0x00, 0x00, 0x00, 0x00, 0x00, 0x00, 0x00, 0x00, 0x00, 0x00, 0x00, 0x00,
    0x00, 0x00, 0x00, 0x00, 0x00, 0x00, 0x00, 0x00, 0x00, 0x00, 0x00, 0x00, 0x00, 0x00, 0x00, 0x00,
    0x00, 0x00, 0x00, 0x00, 0x00, 0x00, 0x00, 0x00, 0x00, 0x00, 0x00, 0x00, 0x00, 0x00, 0x01, 0x02,
    0x02, 0x02, 0x02, 0x02, 0x02, 0x01, 0x00, 0x00, 0x00, 0x00, 0x00, 0x00, 0x00, 0x00, 0x00, 0x00,
    0x00, 0x00, 0x00, 0x00, 0x00, 0x00, 0x00, 0x00, 0x00, 0x00, 0x00, 0x00, 0x00, 0x00, 0x00, 0x00,
    0x00, 0x00, 0x00, 0x00, 0x00, 0x00, 0x00, 0x00, 0x00, 0x00, 0x00, 0x00, 0x00, 0x00, 0x00, 0x00,
    0x00, 0x00, 0x00, 0x00, 0x00, 0x00, 0x00, 0x00, 0x00, 0x00, 0x00, 0x00, 0x00, 0x00, 0x00, 0x00,
    0x00, 0x00, 0x00, 0x00, 0x00, 0x00, 0x00, 0x00, 0x00, 0x00, 0x00, 0x00, 0x00, 0x00, 0x00, 0x00,
    0x00, 0x00, 0x00, 0x00, 0x00, 0x00, 0x00, 0x00, 0x00, 0x01, 0x02, 0x04, 0x03, 0x01, 0x00, 0x00,
    0x00, 0x00, 0x00, 0x00, 0x00, 0x00, 0x00, 0x03, 0x04, 0x03, 0x01, 0x00, 0x00, 0x00, 0x00, 0x00,
    0x00, 0x00, 0x00, 0x00, 0x00, 0x00, 0x00, 0x00, 0x00, 0x00, 0x00, 0x00, 0x00, 0x00, 0x00, 0x00,
    0x00, 0x00, 0x00, 0x00, 0x00, 0x00, 0x00, 0x00, 0x00, 0x00, 0x00, 0x00, 0x00, 0x00, 0x00, 0x00,
    0x00, 0x00, 0x00, 0x00, 0x00, 0x00, 0x00, 0x00, 0x00, 0x00, 0x00, 0x00, 0x00, 0x00, 0x00, 0x00,
    0x00, 0x00, 0x00, 0x00, 0x00, 0x00, 0x00, 0x00, 0x00, 0x00, 0x00, 0x00, 0x00, 0x00, 0x00, 0x00,
    0x00, 0x00, 0x00, 0x00, 0x00, 0x00, 0x00, 0x02, 0x04, 0x00, 0x00, 0x00, 0x00, 0x00, 0x0d, 0x22,
    0x2e, 0x33, 0x31, 0x27, 0x1c, 0x0c, 0x00, 0x00, 0x00, 0x00, 0x00, 0x04, 0x02, 0x00, 0x00, 0x00,
    0x00, 0x00, 0x00, 0x00, 0x00, 0x00, 0x00, 0x00, 0x00, 0x00, 0x00, 0x00, 0x00, 0x00, 0x00, 0x00,
    0x00, 0x00, 0x00, 0x00, 0x00, 0x00, 0x00, 0x00, 0x00, 0x00, 0x00, 0x00, 0x00, 0x00, 0x00, 0x00,
    0x00, 0x00, 0x00, 0x00, 0x00, 0x00, 0x00, 0x00, 0x00, 0x00, 0x00, 0x00, 0x00, 0x00, 0x00, 0x00,
    0x00, 0x00, 0x00, 0x00, 0x00, 0x00, 0x00, 0x00, 0x00, 0x00, 0x00, 0x00, 0x00, 0x00, 0x00, 0x00,
    0x00, 0x00, 0x00, 0x00, 0x00, 0x03, 0x01, 0x00, 0x00, 0x03, 0x34, 0x6b, 0x9e, 0xcb, 0xe7, 0xf9,
    0xff, 0xff, 0xff, 0xfb, 0xf5, 0xe6, 0xcc, 0xa9, 0x71, 0x38, 0x05, 0x00, 0x00, 0x01, 0x03, 0x00,
    0x00, 0x00, 0x00, 0x00, 0x00, 0x00, 0x00, 0x00, 0x00, 0x00, 0x00, 0x00, 0x00, 0x00, 0x00, 0x00,
    0x00, 0x00, 0x00, 0x00, 0x00, 0x00, 0x00, 0x00, 0x00, 0x00, 0x00, 0x00, 0x00, 0x00, 0x00, 0x00,
    0x00, 0x00, 0x00, 0x00, 0x00, 0x00, 0x00, 0x00, 0x00, 0x00, 0x00, 0x00, 0x00, 0x00, 0x00, 0x00,
    0x00, 0x00, 0x00, 0x00, 0x00, 0x00, 0x00, 0x00, 0x00, 0x00, 0x00, 0x00, 0x00, 0x00, 0x00, 0x00,
    0x00, 0x00, 0x00, 0x03, 0x01, 0x00, 0x00, 0x35, 0x8f, 0xd6, 0xff, 0xff, 0xff, 0xff, 0xff, 0xff,
    0xff, 0xff, 0xff, 0xff, 0xff, 0xff, 0xff, 0xff, 0xff, 0xff, 0xd9, 0x95, 0x3a, 0x00, 0x00, 0x01,
    0x03, 0x00, 0x00, 0x00, 0x00, 0x00, 0x00, 0x00, 0x00, 0x00, 0x00, 0x00, 0x00, 0x00, 0x00, 0x00,
    0x00, 0x00, 0x00, 0x00, 0x00, 0x00, 0x00, 0x00, 0x00, 0x00, 0x00, 0x00, 0x00, 0x00, 0x00, 0x00,
    0x00, 0x00, 0x00, 0x00, 0x00, 0x00, 0x00, 0x00, 0x00, 0x00, 0x00, 0x00, 0x00, 0x00, 0x00, 0x00,
    0x00, 0x00, 0x00, 0x00, 0x00, 0x00, 0x00, 0x00, 0x00, 0x00, 0x00, 0x00, 0x00, 0x00, 0x00, 0x00,
    0x00, 0x01, 0x03, 0x00, 0x00, 0x4e, 0xbb, 0xff, 0xff, 0xff, 0xff, 0xfb, 0xfb, 0xfc, 0xfe, 0xfe,
    0xfe, 0xff, 0xff, 0xfe, 0xfe, 0xfe, 0xfd, 0xfc, 0xfb, 0xfe, 0xff, 0xff, 0xff, 0xc2, 0x56, 0x00,
    0x00, 0x03, 0x01, 0x00, 0x00, 0x00, 0x00, 0x00, 0x00, 0x00, 0x00, 0x00, 0x00, 0x00, 0x00, 0x00,
    0x00, 0x00, 0x00, 0x00, 0x00, 0x00, 0x00, 0x00, 0x00, 0x00, 0x00, 0x00, 0x00, 0x00, 0x00, 0x00,
    0x00, 0x00, 0x00, 0x00, 0x00, 0x00, 0x00, 0x00, 0x00, 0x00, 0x00, 0x00, 0x00, 0x00, 0x00, 0x00,
    0x00, 0x00, 0x00, 0x00, 0x00, 0x00, 0x00, 0x00, 0x00, 0x00, 0x00, 0x00, 0x00, 0x00, 0x00, 0x00,
    0x02, 0x00, 0x00, 0x3e, 0xbc, 0xff, 0xff, 0xff, 0xfb, 0xfd, 0xff, 0xff, 0xff, 0xff, 0xff, 0xff,
    0xff, 0xff, 0xff, 0xff, 0xff, 0xff, 0xff, 0xff, 0xff, 0xff, 0xfd, 0xfb, 0xfe, 0xff, 0xff, 0xc0,
    0x3d, 0x00, 0x00, 0x02, 0x00, 0x00, 0x00, 0x00, 0x00, 0x00, 0x00, 0x00, 0x00, 0x00, 0x00, 0x00,
    0x00, 0x00, 0x00, 0x00, 0x00, 0x00, 0x00, 0x00, 0x00, 0x00, 0x00, 0x00, 0x00, 0x00, 0x00, 0x00,
    0x00, 0x00, 0x00, 0x00, 0x00, 0x00, 0x00, 0x00, 0x00, 0x00, 0x00, 0x00, 0x00, 0x00, 0x00, 0x00,
    0x00, 0x00, 0x00, 0x00, 0x00, 0x00, 0x00, 0x00, 0x00, 0x00, 0x00, 0x00, 0x00, 0x00, 0x00, 0x04,
    0x00, 0x0c, 0x93, 0xff, 0xff, 0xfd, 0xfc, 0xff, 0xff, 0xff, 0xff, 0xff, 0xff, 0xff, 0xff, 0xff,
    0xff, 0xff, 0xff, 0xff, 0xff, 0xff, 0xff, 0xff, 0xff, 0xff, 0xff, 0xff, 0xff, 0xfc, 0xfc, 0xff,
    0xfe, 0x8e, 0x0b, 0x00, 0x03, 0x00, 0x00, 0x00, 0x00, 0x00, 0x00, 0x00, 0x00, 0x00, 0x00, 0x00,
    0x00, 0x00, 0x00, 0x00, 0x00, 0x00, 0x00, 0x00, 0x00, 0x00, 0x00, 0x00, 0x00, 0x00, 0x00, 0x00,
    0x00, 0x00, 0x00, 0x00, 0x00, 0x00, 0x00, 0x00, 0x00, 0x00, 0x00, 0x00, 0x00, 0x00, 0x00, 0x00,
    0x00, 0x00, 0x00, 0x00, 0x00, 0x00, 0x00, 0x00, 0x00, 0x00, 0x00, 0x00, 0x00, 0x00, 0x04, 0x00,
    0x30, 0xd1, 0xff, 0xfe, 0xfc, 0xff, 0xff, 0xff, 0xff, 0xff, 0xff, 0xff, 0xff, 0xff, 0xfe, 0xfd,
    0xfd, 0xfc, 0xfc, 0xfc, 0xfd, 0xfe, 0xff, 0xff, 0xff, 0xff, 0xff, 0xff, 0xff, 0xff, 0xff, 0xfc,
    0xfe, 0xff, 0xd0, 0x2a, 0x00, 0x04, 0x00, 0x00, 0x00, 0x00, 0x00, 0x00, 0x00, 0x00, 0x00, 0x00,
    0x00, 0x00, 0x00, 0x00, 0x00, 0x00, 0x00, 0x00, 0x00, 0x00, 0x00, 0x00, 0x00, 0x00, 0x00, 0x00,
    0x00, 0x00, 0x00, 0x00, 0x00, 0x00, 0x00, 0x00, 0x00, 0x00, 0x00, 0x00, 0x00, 0x00, 0x00, 0x00,
    0x00, 0x00, 0x00, 0x00, 0x00, 0x00, 0x00, 0x00, 0x00, 0x00, 0x00, 0x00, 0x00, 0x04, 0x00, 0x4e,
    0xf3, 0xff, 0xfb, 0xff, 0xff, 0xff, 0xff, 0xff, 0xff, 0xff, 0xff, 0xfc, 0xfb, 0xfd, 0xff, 0xff,
    0xff, 0xff, 0xff, 0xff, 0xff, 0xff, 0xfc, 0xfb, 0xfd, 0xff, 0xff, 0xff, 0xff, 0xff, 0xff, 0xff,
    0xff, 0xfb, 0xff, 0xef, 0x4e, 0x00, 0x04, 0x00, 0x00, 0x00, 0x00, 0x00, 0x00, 0x00, 0x00, 0x00,
    0x00, 0x00, 0x00, 0x00, 0x00, 0x00, 0x00, 0x00, 0x00, 0x00, 0x00, 0x00, 0x00, 0x00, 0x00, 0x00,
    0x00, 0x00, 0x00, 0x00, 0x00, 0x00, 0x00, 0x00, 0x00, 0x00, 0x00, 0x00, 0x00, 0x00, 0x00, 0x00,
    0x00, 0x00, 0x00, 0x00, 0x00, 0x00, 0x00, 0x00, 0x00, 0x00, 0x00, 0x00, 0x04, 0x00, 0x5c, 0xfe,
    0xff, 0xfc, 0xff, 0xff, 0xff, 0xff, 0xff, 0xff, 0xff, 0xfc, 0xff, 0xff, 0xff, 0xff, 0xf5, 0xde,
    0xcf, 0xc1, 0xc1, 0xc9, 0xe2, 0xf9, 0xff, 0xff, 0xff, 0xff, 0xfb, 0xfe, 0xff, 0xff, 0xff, 0xff,
    0xff, 0xff, 0xfc, 0xff, 0xfe, 0x56, 0x00, 0x04, 0x00, 0x00, 0x00, 0x00, 0x00, 0x00, 0x00, 0x00,
    0x00, 0x00, 0x00, 0x00, 0x00, 0x00, 0x00, 0x00, 0x00, 0x00, 0x00, 0x00, 0x00, 0x00, 0x00, 0x00,
    0x00, 0x00, 0x00, 0x00, 0x00, 0x00, 0x00, 0x00, 0x00, 0x00, 0x00, 0x00, 0x00, 0x00, 0x00, 0x00,
    0x00, 0x00, 0x00, 0x00, 0x00, 0x00, 0x00, 0x00, 0x00, 0x00, 0x00, 0x04, 0x00, 0x58, 0xff, 0xfd,
    0xfd, 0xff, 0xff, 0xff, 0xff, 0xff, 0xff, 0xfc, 0xff, 0xff, 0xff, 0xc8, 0x7a, 0x47, 0x1d, 0x08,
    0x00, 0x00, 0x00, 0x00, 0x0a, 0x24, 0x52, 0x8f, 0xd1, 0xff, 0xff, 0xff, 0xfc, 0xff, 0xff, 0xff,
    0xff, 0xff, 0xff, 0xfd, 0xfd, 0xfe, 0x50, 0x00, 0x04, 0x00, 0x00, 0x00, 0x00, 0x00, 0x00, 0x00,
    0x00, 0x00, 0x00, 0x00, 0x00, 0x00, 0x00, 0x00, 0x00, 0x00, 0x00, 0x00, 0x00, 0x00, 0x00, 0x00,
    0x00, 0x00, 0x00, 0x00, 0x00, 0x00, 0x00, 0x00, 0x00, 0x00, 0x00, 0x00, 0x00, 0x00, 0x00, 0x00,
    0x00, 0x00, 0x00, 0x00, 0x00, 0x00, 0x00, 0x00, 0x00, 0x00, 0x03, 0x00, 0x39, 0xfa, 0xfd, 0xfd,
    0xff, 0xff, 0xff, 0xff, 0xff, 0xfe, 0xfc, 0xff, 0xfe, 0xa6, 0x37, 0x00, 0x00, 0x00, 0x00, 0x00,
    0x00, 0x02, 0x02, 0x01, 0x00, 0x00, 0x00, 0x00, 0x01, 0x38, 0x96, 0xf1, 0xff, 0xfd, 0xfe, 0xff,
    0xff, 0xff, 0xff, 0xff, 0xfd, 0xfe, 0xf4, 0x31, 0x00, 0x02, 0x00, 0x00, 0x00, 0x00, 0x00, 0x00,
    0x00, 0x00, 0x00, 0x00, 0x00, 0x00, 0x00, 0x00, 0x00, 0x00, 0x00, 0x00, 0x00, 0x00, 0x00, 0x00,
    0x00, 0x00, 0x00, 0x00, 0x00, 0x00, 0x00, 0x00, 0x00, 0x00, 0x00, 0x00, 0x00, 0x00, 0x00, 0x00,
    0x00, 0x00, 0x00, 0x00, 0x00, 0x00, 0x00, 0x00, 0x00, 0x02, 0x02, 0x13, 0xe1, 0xff, 0xfd, 0xff,
    0xff, 0xff, 0xff, 0xff, 0xfd, 0xff, 0xff, 0xb3, 0x37, 0x00, 0x00, 0x01, 0x04, 0x03, 0x02, 0x01,
    0x00, 0x00, 0x00, 0x00, 0x01, 0x02, 0x03, 0x04, 0x00, 0x00, 0x00, 0x23, 0xa0, 0xff, 0xff, 0xfd,
    0xff, 0xff, 0xff, 0xff, 0xff, 0xfc, 0xff, 0xdf, 0x10, 0x02, 0x02, 0x00, 0x00, 0x00, 0x00, 0x00,
    0x00, 0x00, 0x00, 0x00, 0x00, 0x00, 0x00, 0x00, 0x00, 0x00, 0x00, 0x00, 0x00, 0x00, 0x00, 0x00,
    0x00, 0x00, 0x00, 0x00, 0x00, 0x00, 0x00, 0x00, 0x00, 0x00, 0x00, 0x00, 0x00, 0x00, 0x00, 0x00,
    0x00, 0x00, 0x00, 0x00, 0x00, 0x00, 0x00, 0x00, 0x00, 0x03, 0x00, 0xa2, 0xff, 0xfb, 0xff, 0xff,
    0xff, 0xff, 0xff, 0xfc, 0xff, 0xf3, 0x62, 0x00, 0x00, 0x03, 0x02, 0x00, 0x00, 0x00, 0x00, 0x00,
    0x00, 0x00, 0x00, 0x00, 0x00, 0x00, 0x00, 0x00, 0x00, 0x02, 0x04, 0x00, 0x00, 0x52, 0xea, 0xff,
    0xfc, 0xff, 0xff, 0xff, 0xff, 0xff, 0xfb, 0xff, 0x9e, 0x00, 0x03, 0x00, 0x00, 0x00, 0x00, 0x00,
    0x00, 0x00, 0x00, 0x00, 0x00, 0x00, 0x00, 0x00, 0x00, 0x00, 0x00, 0x00, 0x00, 0x00, 0x00, 0x00,
    0x00, 0x00, 0x00, 0x00, 0x00, 0x00, 0x00, 0x00, 0x00, 0x00, 0x00, 0x00, 0x00, 0x00, 0x00, 0x00,
    0x00, 0x00, 0x00, 0x00, 0x00, 0x00, 0x00, 0x00, 0x03, 0x00, 0x46, 0xff, 0xfb, 0xff, 0xff, 0xff,
    0xff, 0xff, 0xfc, 0xff, 0xd8, 0x30, 0x00, 0x03, 0x02, 0x00, 0x00, 0x00, 0x00, 0x00, 0x00, 0x00,
    0x00, 0x00, 0x00, 0x00, 0x00, 0x00, 0x00, 0x00, 0x00, 0x00, 0x00, 0x02, 0x04, 0x00, 0x27, 0xd9,
    0xff, 0xfc, 0xff, 0xff, 0xff, 0xff, 0xff, 0xfb, 0xff, 0x44, 0x00, 0x03, 0x00, 0x00, 0x00, 0x00,
    0x00, 0x00, 0x00, 0x00, 0x00, 0x00, 0x00, 0x00, 0x00, 0x00, 0x00, 0x00, 0x00, 0x00, 0x00, 0x00,
    0x00, 0x00, 0x00, 0x00, 0x00, 0x00, 0x00, 0x00, 0x00, 0x00, 0x00, 0x00, 0x00, 0x00, 0x00, 0x00,
    0x00, 0x00, 0x00, 0x00, 0x00, 0x00, 0x00, 0x00, 0x02, 0x02, 0xcc, 0xff, 0xfc, 0xff, 0xff, 0xff,
    0xff, 0xfd, 0xff, 0xd6, 0x19, 0x00, 0x05, 0x00, 0x00, 0x00, 0x00, 0x00, 0x00, 0x00, 0x00, 0x00,
    0x00, 0x00, 0x00, 0x00, 0x00, 0x00, 0x00, 0x00, 0x00, 0x00, 0x00, 0x00, 0x00, 0x05, 0x00, 0x1d,
    0xdb, 0xff, 0xfd, 0xff, 0xff, 0xff, 0xff, 0xfc, 0xff, 0xc9, 0x02, 0x02, 0x00, 0x00, 0x00, 0x00,
    0x00, 0x00, 0x00, 0x00, 0x00, 0x00, 0x00, 0x00, 0x00, 0x00, 0x00, 0x00, 0x00, 0x00, 0x00, 0x00,
    0x00, 0x00, 0x00, 0x00, 0x00, 0x00, 0x00, 0x00, 0x00, 0x00, 0x00, 0x00, 0x00, 0x00, 0x00, 0x00,
    0x00, 0x00, 0x00, 0x00, 0x00, 0x02, 0x03, 0x07, 0x02, 0x53, 0xff, 0xfc, 0xff, 0xff, 0xff, 0xff,
    0xfd, 0xfe, 0xea, 0x23, 0x00, 0x04, 0x00, 0x00, 0x00, 0x00, 0x00, 0x00, 0x00, 0x00, 0x00, 0x00,
    0x00, 0x00, 0x00, 0x00, 0x00, 0x00, 0x00, 0x00, 0x00, 0x00, 0x00, 0x00, 0x00, 0x00, 0x04, 0x00,
    0x2a, 0xef, 0xfd, 0xfe, 0xff, 0xff, 0xff, 0xff, 0xfc, 0xff, 0x50, 0x00, 0x03, 0x00, 0x00, 0x00,
    0x00, 0x00, 0x00, 0x00, 0x00, 0x00, 0x00, 0x00, 0x00, 0x00, 0x00, 0x00, 0x00, 0x00, 0x00, 0x00,
    0x00, 0x00, 0x00, 0x00, 0x00, 0x00, 0x00, 0x00, 0x00, 0x00, 0x00, 0x00, 0x00, 0x00, 0x00, 0x00,
    0x00, 0x00, 0x01, 0x04, 0x01, 0x00, 0x00, 0x00, 0x00, 0xc0, 0xfe, 0xfc, 0xff, 0xff, 0xff, 0xff,
    0xfc, 0xff, 0x4b, 0x00, 0x04, 0x00, 0x00, 0x00, 0x00, 0x00, 0x00, 0x00, 0x00, 0x00, 0x00, 0x00,
    0x00, 0x00, 0x00, 0x00, 0x00, 0x00, 0x00, 0x00, 0x00, 0x00, 0x00, 0x00, 0x00, 0x00, 0x00, 0x05,
    0x00, 0x56, 0xff, 0xfc, 0xff, 0xff, 0xff, 0xff, 0xfc, 0xfe, 0xbc, 0x00, 0x02, 0x00, 0x00, 0x00,
    0x00, 0x00, 0x00, 0x00, 0x00, 0x00, 0x00, 0x00, 0x00, 0x00, 0x00, 0x00, 0x00, 0x00, 0x00, 0x00,
    0x00, 0x00, 0x00, 0x00, 0x00, 0x00, 0x00, 0x00, 0x00, 0x00, 0x00, 0x00, 0x00, 0x00, 0x00, 0x00,
    0x01, 0x03, 0x00, 0x00, 0x00, 0x20, 0x56, 0x8f, 0xb9, 0xfc, 0xff, 0xff, 0xff, 0xff, 0xff, 0xfc,
    0xff, 0xa0, 0x00, 0x04, 0x00, 0x00, 0x00, 0x00, 0x00, 0x00, 0x00, 0x00, 0x00, 0x00, 0x00, 0x00,
    0x00, 0x00, 0x00, 0x00, 0x00, 0x00, 0x00, 0x00, 0x00, 0x00, 0x00, 0x00, 0x00, 0x00, 0x00, 0x00,
    0x04, 0x00, 0xae, 0xff, 0xfc, 0xff, 0xff, 0xff, 0xff, 0xfe, 0xf9, 0x27, 0x00, 0x02, 0x00, 0x00,
    0x00, 0x00, 0x00, 0x00, 0x00, 0x00, 0x00, 0x00, 0x00, 0x00, 0x00, 0x00, 0x00, 0x00, 0x00, 0x00,
    0x00, 0x00, 0x00, 0x00, 0x00, 0x00, 0x00, 0x00, 0x00, 0x00, 0x00, 0x00, 0x00, 0x00, 0x00, 0x03,
    0x00, 0x00, 0x15, 0x6d, 0xbe, 0xf5, 0xff, 0xff, 0xff, 0xff, 0xff, 0xff, 0xff, 0xff, 0xfe, 0xfe,
    0xf6, 0x20, 0x01, 0x02, 0x00, 0x00, 0x00, 0x00, 0x00, 0x00, 0x00, 0x00, 0x00, 0x00, 0x00, 0x00,
    0x00, 0x00, 0x00, 0x00, 0x00, 0x00, 0x00, 0x00, 0x00, 0x00, 0x00, 0x00, 0x00, 0x00, 0x00, 0x00,
    0x02, 0x01, 0x22, 0xf8, 0xfe, 0xfe, 0xff, 0xff, 0xff, 0xfb, 0xff, 0x78, 0x00, 0x04, 0x00, 0x00,
    0x00, 0x00, 0x00, 0x00, 0x00, 0x00, 0x00, 0x00, 0x00, 0x00, 0x00, 0x00, 0x00, 0x00, 0x00, 0x00,
    0x00, 0x00, 0x00, 0x00, 0x00, 0x00, 0x00, 0x00, 0x00, 0x00, 0x00, 0x00, 0x00, 0x01, 0x02, 0x00,
    0x19, 0x8b, 0xe8, 0xff, 0xff, 0xff, 0xfc, 0xfb, 0xfc, 0xff, 0xff, 0xff, 0xff, 0xff, 0xfb, 0xff,
    0xa7, 0x00, 0x03, 0x00, 0x00, 0x00, 0x00, 0x00, 0x00, 0x00, 0x00, 0x00, 0x00, 0x00, 0x00, 0x00,
    0x00, 0x00, 0x00, 0x00, 0x00, 0x00, 0x00, 0x00, 0x00, 0x00, 0x00, 0x00, 0x00, 0x00, 0x00, 0x00,
    0x00, 0x03, 0x00, 0xa7, 0xff, 0xfc, 0xff, 0xff, 0xff, 0xfc, 0xff, 0xb7, 0x00, 0x02, 0x00, 0x00,
    0x00, 0x00, 0x00, 0x00, 0x00, 0x00, 0x00, 0x00, 0x00, 0x00, 0x00, 0x00, 0x00, 0x00, 0x00, 0x00,
    0x00, 0x00, 0x00, 0x00, 0x00, 0x00, 0x00, 0x00, 0x00, 0x00, 0x00, 0x00, 0x03, 0x00, 0x00, 0x6c,
    0xe9, 0xff, 0xff, 0xfb, 0xfc, 0xfe, 0xff, 0xff, 0xff, 0xff, 0xff, 0xff, 0xff, 0xff, 0xfc, 0xff,
    0x4c, 0x01, 0x03, 0x00, 0x00, 0x00, 0x00, 0x00, 0x00, 0x00, 0x00, 0x00, 0x00, 0x00, 0x00, 0x00,
    0x00, 0x00, 0x00, 0x00, 0x00, 0x00, 0x00, 0x00, 0x00, 0x00, 0x00, 0x00, 0x00, 0x00, 0x00, 0x00,
    0x00, 0x03, 0x01, 0x46, 0xff, 0xfd, 0xff, 0xff, 0xff, 0xfd, 0xff, 0xe9, 0x0e, 0x00, 0x01, 0x00,
    0x00, 0x00, 0x00, 0x00, 0x00, 0x00, 0x00, 0x00, 0x00, 0x00, 0x00, 0x00, 0x00, 0x00, 0x00, 0x00,
    0x00, 0x00, 0x00, 0x00, 0x00, 0x00, 0x00, 0x00, 0x00, 0x00, 0x00, 0x03, 0x00, 0x1b, 0xb3, 0xff,
    0xff, 0xfb, 0xfe, 0xff, 0xff, 0xff, 0xff, 0xff, 0xff, 0xff, 0xff, 0xff, 0xff, 0xfe, 0xfe, 0xf0,
    0x13, 0x00, 0x01, 0x00, 0x00, 0x00, 0x00, 0x00, 0x00, 0x00, 0x00, 0x00, 0x00, 0x00, 0x00, 0x00,
    0x00, 0x00, 0x00, 0x00, 0x00, 0x00, 0x00, 0x00, 0x00, 0x00, 0x00, 0x00, 0x00, 0x00, 0x00, 0x00,
    0x00, 0x01, 0x00, 0x11, 0xec, 0xff, 0xfe, 0xff, 0xff, 0xff, 0xff, 0xfe, 0x2d, 0x00, 0x02, 0x00,
    0x00, 0x00, 0x00, 0x00, 0x00, 0x00, 0x00, 0x00, 0x00, 0x00, 0x00, 0x00, 0x00, 0x00, 0x00, 0x00,
    0x00, 0x00, 0x00, 0x00, 0x00, 0x00, 0x00, 0x00, 0x00, 0x00, 0x04, 0x00, 0x32, 0xde, 0xff, 0xfb,
    0xfe, 0xff, 0xff, 0xff, 0xff, 0xff, 0xff, 0xff, 0xff, 0xff, 0xfe, 0xfe, 0xfd, 0xf8, 0xff, 0xae,
    0x00, 0x02, 0x00, 0x00, 0x00, 0x00, 0x00, 0x00, 0x00, 0x00, 0x00, 0x00, 0x00, 0x00, 0x00, 0x00,
    0x00, 0x00, 0x00, 0x00, 0x00, 0x00, 0x00, 0x00, 0x00, 0x00, 0x00, 0x00, 0x00, 0x00, 0x00, 0x00,
    0x00, 0x00, 0x02, 0x00, 0xbc, 0xff, 0xfc, 0xff, 0xff, 0xff, 0xfc, 0xff, 0x4c, 0x01, 0x04, 0x00,
    0x00, 0x00, 0x00, 0x00, 0x00, 0x00, 0x00, 0x00, 0x00, 0x00, 0x00, 0x00, 0x00, 0x00, 0x00, 0x00,
    0x00, 0x00, 0x00, 0x00, 0x00, 0x00, 0x00, 0x00, 0x00, 0x03, 0x00, 0x3e, 0xf1, 0xff, 0xfb, 0xff,
    0xff, 0xff, 0xff, 0xff, 0xff, 0xff, 0xfe, 0xfb, 0xfc, 0xfe, 0xff, 0xff, 0xff, 0xff, 0xee, 0x29,
    0x01, 0x02, 0x00, 0x00, 0x00, 0x00, 0x00, 0x00, 0x00, 0x00, 0x00, 0x00, 0x00, 0x00, 0x00, 0x00,
    0x00, 0x00, 0x00, 0x00, 0x00, 0x00, 0x00, 0x00, 0x00, 0x00, 0x00, 0x00, 0x00, 0x00, 0x00, 0x00,
    0x00, 0x00, 0x03, 0x00, 0xa2, 0xff, 0xfb, 0xff, 0xff, 0xff, 0xfc, 0xff, 0x5e, 0x00, 0x04, 0x03,
    0x04, 0x02, 0x00, 0x00, 0x00, 0x00, 0x00, 0x00, 0x00, 0x00, 0x00, 0x00, 0x00, 0x00, 0x00, 0x00,
    0x00, 0x00, 0x00, 0x00, 0x00, 0x00, 0x00, 0x00, 0x03, 0x00, 0x34, 0xf0, 0xff, 0xfc, 0xff, 0xff,
    0xff, 0xff, 0xff, 0xff, 0xfd, 0xfc, 0xff, 0xff, 0xff, 0xff, 0xf6, 0xef, 0xdc, 0xa0, 0x2a, 0x00,
    0x01, 0x00, 0x00, 0x00, 0x00, 0x00, 0x00, 0x00, 0x00, 0x00, 0x00, 0x00, 0x00, 0x00, 0x00, 0x00,
    0x00, 0x00, 0x00, 0x00, 0x00, 0x00, 0x00, 0x00, 0x00, 0x00, 0x00, 0x00, 0x00, 0x00, 0x00, 0x00,
    0x00, 0x00, 0x04, 0x00, 0x8d, 0xff, 0xfb, 0xff, 0xff, 0xff, 0xfb, 0xff, 0x71, 0x09, 0x03, 0x00,
    0x00, 0x00, 0x00, 0x03, 0x01, 0x00, 0x00, 0x00, 0x00, 0x00, 0x00, 0x00, 0x00, 0x00, 0x00, 0x00,
    0x00, 0x00, 0x00, 0x00, 0x00, 0x00, 0x00, 0x02, 0x01, 0x18, 0xe4, 0xff, 0xfc, 0xff, 0xff, 0xff,
    0xff, 0xff, 0xff, 0xfc, 0xff, 0xff, 0xe6, 0x9c, 0x5e, 0x37, 0x1e, 0x14, 0x07, 0x00, 0x00, 0x02,
    0x00, 0x00, 0x00, 0x00, 0x00, 0x00, 0x00, 0x00, 0x00, 0x00, 0x00, 0x00, 0x00, 0x00, 0x00, 0x00,
    0x00, 0x00, 0x00, 0x00, 0x00, 0x00, 0x00, 0x00, 0x00, 0x00, 0x00, 0x00, 0x00, 0x00, 0x00, 0x00,
    0x00, 0x00, 0x04, 0x00, 0x8e, 0xff, 0xfb, 0xff, 0xff, 0xff, 0xff, 0xff, 0xf0, 0xe2, 0xd0, 0xae,
    0x72, 0x31, 0x00, 0x00, 0x00, 0x03, 0x00, 0x00, 0x00, 0x00, 0x00, 0x00, 0x00, 0x00, 0x00, 0x00,
    0x00, 0x00, 0x00, 0x00, 0x00, 0x00, 0x01, 0x03, 0x02, 0xbd, 0xff, 0xfb, 0xff, 0xff, 0xff, 0xff,
    0xff, 0xfe, 0xfe, 0xff, 0xd3, 0x67, 0x13, 0x00, 0x00, 0x00, 0x00, 0x00, 0x00, 0x03, 0x02, 0x00,
    0x00, 0x00, 0x00, 0x00, 0x00, 0x00, 0x00, 0x00, 0x00, 0x00, 0x00, 0x00, 0x00, 0x00, 0x00, 0x00,
    0x00, 0x00, 0x00, 0x00, 0x00, 0x00, 0x00, 0x00, 0x00, 0x00, 0x00, 0x00, 0x00, 0x00, 0x00, 0x00,
    0x00, 0x00, 0x03, 0x00, 0xa3, 0xff, 0xfb, 0xff, 0xff, 0xff, 0xff, 0xff, 0xff, 0xff, 0xff, 0xff,
    0xff, 0xff, 0xc9, 0x65, 0x0a, 0x00, 0x03, 0x01, 0x00, 0x00, 0x00, 0x00, 0x00, 0x00, 0x00, 0x00,
    0x00, 0x00, 0x00, 0x00, 0x00, 0x00, 0x03, 0x00, 0x6c, 0xff, 0xfb, 0xff, 0xff, 0xff, 0xff, 0xff,
    0xfd, 0xff, 0xff, 0x87, 0x09, 0x00, 0x00, 0x03, 0x04, 0x03, 0x02, 0x01, 0x01, 0x00, 0x00, 0x00,
    0x00, 0x00, 0x00, 0x00, 0x00, 0x00, 0x00, 0x00, 0x00, 0x00, 0x00, 0x00, 0x00, 0x00, 0x00, 0x00,
    0x00, 0x00, 0x00, 0x00, 0x00, 0x00, 0x00, 0x00, 0x00, 0x00, 0x00, 0x00, 0x00, 0x00, 0x00, 0x00,
    0x00, 0x00, 0x01, 0x00, 0xc7, 0xff, 0xfc, 0xff, 0xff, 0xff, 0xff, 0xff, 0xfe, 0xfd, 0xfd, 0xfc,
    0xfb, 0xff, 0xff, 0xff, 0xd5, 0x52, 0x00, 0x00, 0x02, 0x00, 0x00, 0x00, 0x00, 0x00, 0x00, 0x00,
    0x00, 0x00, 0x00, 0x00, 0x00, 0x02, 0x01, 0x1c, 0xf0, 0xfd, 0xfd, 0xff, 0xff, 0xff, 0xff, 0xfd,
    0xff, 0xf2, 0x4b, 0x00, 0x00, 0x04, 0x01, 0x00, 0x00, 0x00, 0x00, 0x00, 0x00, 0x00, 0x00, 0x00,
    0x00, 0x00, 0x00, 0x00, 0x00, 0x00, 0x00, 0x00, 0x00, 0x00, 0x00, 0x00, 0x00, 0x00, 0x00, 0x00,
    0x00, 0x00, 0x00, 0x00, 0x00, 0x00, 0x00, 0x00, 0x00, 0x00, 0x00, 0x00, 0x00, 0x00, 0x00, 0x00,
    0x00, 0x01, 0x00, 0x0d, 0xe8, 0xff, 0xfe, 0xff, 0xff, 0xff, 0xff, 0xff, 0xff, 0xff, 0xff, 0xff,
    0xff, 0xff, 0xfd, 0xfc, 0xff, 0xff, 0x9d, 0x09, 0x00, 0x02, 0x00, 0x00, 0x00, 0x00, 0x00, 0x00,
    0x00, 0x00, 0x00, 0x00, 0x00, 0x03, 0x00, 0x8e, 0xff, 0xfb, 0xff, 0xff, 0xff, 0xff, 0xfe, 0xfe,
    0xf1, 0x3b, 0x00, 0x05, 0x01, 0x00, 0x00, 0x00, 0x00, 0x00, 0x00, 0x00, 0x00, 0x00, 0x00, 0x00,
    0x00, 0x00, 0x00, 0x00, 0x00, 0x00, 0x00, 0x00, 0x00, 0x00, 0x00, 0x00, 0x00, 0x00, 0x00, 0x00,
    0x00, 0x00, 0x00, 0x00, 0x00, 0x00, 0x00, 0x00, 0x00, 0x00, 0x00, 0x00, 0x00, 0x00, 0x00, 0x00,
    0x00, 0x01, 0x00, 0x0b, 0xe8, 0xfe, 0xfe, 0xff, 0xff, 0xff, 0xff, 0xff, 0xff, 0xff, 0xff, 0xff,
    0xff, 0xff, 0xff, 0xff, 0xfd, 0xfc, 0xff, 0xc6, 0x18, 0x00, 0x02, 0x00, 0x00, 0x00, 0x00, 0x00,
    0x00, 0x00, 0x00, 0x00, 0x01, 0x00, 0x16, 0xee, 0xfe, 0xfe, 0xff, 0xff, 0xff, 0xfe, 0xfc, 0xfd,
    0x47, 0x00, 0x05, 0x00, 0x00, 0x00, 0x00, 0x00, 0x00, 0x00, 0x00, 0x00, 0x00, 0x00, 0x00, 0x00,
    0x00, 0x00, 0x00, 0x00, 0x00, 0x00, 0x00, 0x00, 0x00, 0x00, 0x00, 0x00, 0x00, 0x00, 0x00, 0x00,
    0x00, 0x00, 0x00, 0x00, 0x00, 0x00, 0x00, 0x00, 0x00, 0x00, 0x00, 0x00, 0x00, 0x00, 0x00, 0x00,
    0x00, 0x00, 0x02, 0x00, 0xb0, 0xff, 0xf8, 0xfe, 0xfe, 0xfe, 0xfe, 0xfe, 0xfe, 0xfe, 0xff, 0xff,
    0xff, 0xff, 0xff, 0xff, 0xff, 0xff, 0xfa, 0xff, 0xd5, 0x15, 0x00, 0x02, 0x00, 0x00, 0x00, 0x00,
    0x00, 0x00, 0x00, 0x00, 0x04, 0x00, 0x6b, 0xff, 0xfb, 0xff, 0xff, 0xff, 0xff, 0xfc, 0xff, 0x7f,
    0x00, 0x05, 0x00, 0x00, 0x00, 0x00, 0x00, 0x00, 0x00, 0x00, 0x00, 0x00, 0x00, 0x00, 0x00, 0x00,
    0x00, 0x00, 0x00, 0x00, 0x00, 0x00, 0x00, 0x00, 0x00, 0x00, 0x00, 0x00, 0x00, 0x00, 0x00, 0x00,
    0x00, 0x00, 0x00, 0x00, 0x00, 0x00, 0x00, 0x00, 0x00, 0x00, 0x00, 0x00, 0x00, 0x00, 0x00, 0x00,
    0x00, 0x00, 0x02, 0x01, 0x27, 0xeb, 0xff, 0xff, 0xff, 0xff, 0xff, 0xff, 0xff, 0xff, 0xfc, 0xfb,
    0xfe, 0xff, 0xff, 0xff, 0xff, 0xff, 0xff, 0xfb, 0xff, 0xc6, 0x0b, 0x03, 0x01, 0x00, 0x00, 0x00,
    0x00, 0x00, 0x00, 0x00, 0x01, 0x00, 0xc2, 0xfe, 0xfc, 0xff, 0xff, 0xff, 0xfc, 0xfe, 0xd3, 0x05,
    0x03, 0x01, 0x00, 0x00, 0x00, 0x00, 0x00, 0x00, 0x00, 0x00, 0x00, 0x00, 0x00, 0x00, 0x00, 0x00,
    0x00, 0x00, 0x00, 0x00, 0x00, 0x00, 0x00, 0x00, 0x00, 0x00, 0x00, 0x00, 0x00, 0x00, 0x00, 0x00,
    0x00, 0x00, 0x00, 0x00, 0x00, 0x00, 0x00, 0x00, 0x00, 0x00, 0x00, 0x00, 0x00, 0x00, 0x00, 0x00,
    0x00, 0x00, 0x00, 0x01, 0x00, 0x29, 0xa5, 0xdf, 0xee, 0xee, 0xef, 0xee, 0xf3, 0xff, 0xff, 0xff,
    0xff, 0xfc, 0xff, 0xff, 0xff, 0xff, 0xff, 0xff, 0xfa, 0xff, 0xa2, 0x00, 0x03, 0x00, 0x00, 0x00,
    0x00, 0x00, 0x00, 0x02, 0x00, 0x1b, 0xf6, 0xff, 0xfe, 0xff, 0xff, 0xff, 0xfc, 0xff, 0x59, 0x00,
    0x04, 0x00, 0x00, 0x00, 0x00, 0x00, 0x00, 0x00, 0x00, 0x00, 0x00, 0x00, 0x00, 0x00, 0x00, 0x00,
    0x00, 0x00, 0x00, 0x00, 0x00, 0x00, 0x00, 0x00, 0x00, 0x00, 0x00, 0x00, 0x00, 0x00, 0x00, 0x00,
    0x00, 0x00, 0x00, 0x00, 0x00, 0x00, 0x00, 0x00, 0x00, 0x00, 0x00, 0x00, 0x00, 0x00, 0x00, 0x00,
    0x00, 0x00, 0x00, 0x00, 0x02, 0x00, 0x00, 0x09, 0x10, 0x10, 0x11, 0x11, 0x1a, 0x2e, 0x59, 0xa0,
    0xf2, 0xff, 0xfd, 0xff, 0xff, 0xff, 0xff, 0xff, 0xff, 0xfa, 0xff, 0x50, 0x00, 0x03, 0x00, 0x00,
    0x00, 0x00, 0x00, 0x03, 0x00, 0x53, 0xff, 0xfc, 0xff, 0xff, 0xff, 0xfd, 0xff, 0xe4, 0x0a, 0x01,
    0x01, 0x00, 0x00, 0x00, 0x00, 0x00, 0x00, 0x00, 0x00, 0x00, 0x00, 0x00, 0x00, 0x00, 0x00, 0x00,
    0x00, 0x00, 0x00, 0x00, 0x00, 0x00, 0x00, 0x00, 0x00, 0x00, 0x00, 0x00, 0x00, 0x00, 0x00, 0x00,
    0x00, 0x00, 0x00, 0x00, 0x00, 0x00, 0x00, 0x00, 0x00, 0x00, 0x00, 0x00, 0x00, 0x00, 0x00, 0x00,
    0x00, 0x00, 0x00, 0x00, 0x00, 0x02, 0x03, 0x00, 0x00, 0x00, 0x00, 0x00, 0x00, 0x00, 0x00, 0x00,
    0x24, 0xa1, 0xff, 0xfd, 0xfe, 0xff, 0xff, 0xff, 0xff, 0xfd, 0xfe, 0xe0, 0x0a, 0x01, 0x01, 0x00,
    0x00, 0x00, 0x00, 0x04, 0x00, 0x84, 0xff, 0xfb, 0xff, 0xff, 0xff, 0xfb, 0xff, 0xa1, 0x00, 0x03,
    0x00, 0x00, 0x00, 0x00, 0x00, 0x00, 0x00, 0x00, 0x00, 0x00, 0x00, 0x00, 0x00, 0x00, 0x00, 0x00,
    0x00, 0x00, 0x00, 0x00, 0x00, 0x00, 0x00, 0x00, 0x00, 0x00, 0x00, 0x00, 0x00, 0x00, 0x00, 0x00,
    0x00, 0x00, 0x00, 0x00, 0x00, 0x00, 0x00, 0x00, 0x00, 0x00, 0x00, 0x00, 0x00, 0x00, 0x00, 0x00,
    0x00, 0x00, 0x00, 0x00, 0x00, 0x00, 0x00, 0x01, 0x01, 0x01, 0x01, 0x01, 0x01, 0x02, 0x03, 0x04,
    0x00, 0x00, 0x72, 0xff, 0xfc, 0xfe, 0xff, 0xff, 0xff, 0xff, 0xfc, 0xff, 0x66, 0x00, 0x04, 0x00,
    0x00, 0x00, 0x00, 0x03, 0x00, 0xa7, 0xff, 0xfc, 0xff, 0xff, 0xff, 0xfb, 0xff, 0x6a, 0x01, 0x04,
    0x00, 0x00, 0x00, 0x00, 0x00, 0x00, 0x00, 0x00, 0x00, 0x00, 0x00, 0x00, 0x00, 0x00, 0x00, 0x00,
    0x00, 0x00, 0x00, 0x00, 0x00, 0x00, 0x00, 0x00, 0x00, 0x00, 0x00, 0x00, 0x00, 0x00, 0x00, 0x00,
    0x00, 0x00, 0x00, 0x00, 0x00, 0x00, 0x00, 0x00, 0x00, 0x00, 0x00, 0x00, 0x00, 0x00, 0x00, 0x00,
    0x00, 0x00, 0x00, 0x00, 0x00, 0x00, 0x00, 0x00, 0x00, 0x00, 0x00, 0x00, 0x00, 0x00, 0x00, 0x00,
    0x02, 0x05, 0x00, 0x77, 0xff, 0xfc, 0xff, 0xff, 0xff, 0xff, 0xfc, 0xfe, 0xce, 0x01, 0x01, 0x00,
    0x00, 0x00, 0x00, 0x02, 0x00, 0xbe, 0xff, 0xfc, 0xff, 0xff, 0xff, 0xfd, 0xff, 0x47, 0x00, 0x03,
    0x00, 0x00, 0x00, 0x00, 0x00, 0x00, 0x00, 0x00, 0x00, 0x00, 0x00, 0x00, 0x00, 0x00, 0x00, 0x00,
    0x00, 0x00, 0x00, 0x00, 0x00, 0x00, 0x00, 0x00, 0x00, 0x00, 0x00, 0x00, 0x00, 0x00, 0x00, 0x00,
    0x00, 0x00, 0x00, 0x00, 0x00, 0x00, 0x00, 0x00, 0x00, 0x00, 0x00, 0x00, 0x00, 0x00, 0x00, 0x00,
    0x00, 0x00, 0x00, 0x00, 0x00, 0x00, 0x00, 0x00, 0x00, 0x00, 0x00, 0x00, 0x00, 0x00, 0x00, 0x00,
    0x00, 0x01, 0x05, 0x00, 0xaa, 0xff, 0xfc, 0xff, 0xff, 0xff, 0xff, 0xfe, 0xfc, 0x2d, 0x00, 0x02,
    0x00, 0x00, 0x00, 0x01, 0x00, 0xc7, 0xff, 0xfc, 0xff, 0xff, 0xff, 0xfe, 0xff, 0x38, 0x00, 0x03,
    0x00, 0x00, 0x00, 0x00, 0x00, 0x00, 0x00, 0x00, 0x00, 0x00, 0x00, 0x00, 0x00, 0x00, 0x00, 0x00,
    0x00, 0x00, 0x00, 0x00, 0x00, 0x00, 0x00, 0x00, 0x00, 0x00, 0x00, 0x01, 0x01, 0x00, 0x00, 0x00,
    0x00, 0x00, 0x00, 0x00, 0x00, 0x00, 0x00, 0x00, 0x00, 0x00, 0x00, 0x00, 0x00, 0x00, 0x00, 0x00,
    0x00, 0x00, 0x00, 0x00, 0x00, 0x00, 0x00, 0x00, 0x00, 0x00, 0x00, 0x00, 0x00, 0x00, 0x00, 0x00,
    0x00, 0x00, 0x02, 0x01, 0x20, 0xf3, 0xfe, 0xfe, 0xff, 0xff, 0xff, 0xfb, 0xff, 0x77, 0x00, 0x04,
    0x00, 0x00, 0x00, 0x01, 0x00, 0xc5, 0xff, 0xfc, 0xff, 0xff, 0xff, 0xfe, 0xff, 0x38, 0x00, 0x03,
    0x00, 0x00, 0x00, 0x00, 0x00, 0x00, 0x00, 0x00, 0x00, 0x00, 0x00, 0x00, 0x00, 0x00, 0x00, 0x00,
    0x00, 0x00, 0x00, 0x00, 0x00, 0x00, 0x00, 0x00, 0x00, 0x02, 0x03, 0x00, 0x00, 0x03, 0x02, 0x00,
    0x00, 0x00, 0x00, 0x00, 0x00, 0x00, 0x00, 0x00, 0x00, 0x00, 0x00, 0x00, 0x00, 0x00, 0x00, 0x00,
    0x00, 0x00, 0x00, 0x00, 0x00, 0x00, 0x00, 0x00, 0x00, 0x00, 0x00, 0x00, 0x00, 0x00, 0x00, 0x00,
    0x00, 0x00, 0x00, 0x04, 0x00, 0xa0, 0xff, 0xfb, 0xff, 0xff, 0xff, 0xfb, 0xff, 0xac, 0x00, 0x03,
    0x00, 0x00, 0x00, 0x03, 0x00, 0xb7, 0xff, 0xfc, 0xff, 0xff, 0xff, 0xfd, 0xff, 0x45, 0x00, 0x03,
    0x00, 0x00, 0x00, 0x00, 0x00, 0x00, 0x00, 0x00, 0x00, 0x00, 0x00, 0x00, 0x00, 0x00, 0x00, 0x00,
    0x00, 0x00, 0x00, 0x00, 0x00, 0x00, 0x00, 0x00, 0x02, 0x00, 0x00, 0x0c, 0x0c, 0x00, 0x00, 0x02,
    0x00, 0x00, 0x00, 0x00, 0x00, 0x00, 0x00, 0x00, 0x00, 0x00, 0x00, 0x00, 0x00, 0x00, 0x00, 0x00,
    0x00, 0x00, 0x00, 0x00, 0x00, 0x00, 0x00, 0x00, 0x00, 0x00, 0x00, 0x00, 0x00, 0x00, 0x00, 0x00,
    0x00, 0x00, 0x00, 0x04, 0x01, 0x54, 0xff, 0xfc, 0xff, 0xff, 0xff, 0xfd, 0xff, 0xcd, 0x00, 0x01,
    0x00, 0x00, 0x00, 0x03, 0x00, 0xa6, 0xff, 0xfc, 0xff, 0xff, 0xff, 0xfb, 0xff, 0x69, 0x01, 0x04,
    0x00, 0x00, 0x00, 0x00, 0x00, 0x00, 0x00, 0x00, 0x00, 0x00, 0x00, 0x00, 0x00, 0x00, 0x00, 0x00,
    0x00, 0x00, 0x00, 0x00, 0x00, 0x00, 0x00, 0x01, 0x00, 0x27, 0xa9, 0xe6, 0xe6, 0xa9, 0x27, 0x00,
    0x01, 0x00, 0x00, 0x00, 0x00, 0x00, 0x00, 0x00, 0x00, 0x00, 0x00, 0x00, 0x00, 0x00, 0x00, 0x00,
    0x00, 0x00, 0x00, 0x00, 0x00, 0x00, 0x00, 0x00, 0x00, 0x00, 0x00, 0x00, 0x00, 0x00, 0x00, 0x00,
    0x00, 0x00, 0x00, 0x02, 0x00, 0x2b, 0xfe, 0xff, 0xff, 0xff, 0xff, 0xfd, 0xff, 0xe2, 0x09, 0x00,
    0x00, 0x00, 0x00, 0x04, 0x00, 0x7e, 0xff, 0xfb, 0xff, 0xff, 0xff, 0xfb, 0xff, 0xa1, 0x00, 0x03,
    0x00, 0x00, 0x00, 0x00, 0x00, 0x00, 0x00, 0x00, 0x00, 0x00, 0x00, 0x00, 0x00, 0x00, 0x00, 0x00,
    0x00, 0x00, 0x00, 0x00, 0x00, 0x00, 0x02, 0x01, 0x2a, 0xea, 0xff, 0xff, 0xff, 0xff, 0xea, 0x29,
    0x01, 0x02, 0x00, 0x00, 0x00, 0x00, 0x00, 0x00, 0x00, 0x00, 0x00, 0x00, 0x00, 0x00, 0x00, 0x00,
    0x00, 0x00, 0x00, 0x00, 0x00, 0x00, 0x00, 0x00, 0x00, 0x00, 0x00, 0x00, 0x00, 0x00, 0x00, 0x00,
    0x00, 0x00, 0x00, 0x01, 0x00, 0x1a, 0xf4, 0xff, 0xfe, 0xff, 0xff, 0xfe, 0xff, 0xec, 0x0f, 0x00,
    0x00, 0x00, 0x00, 0x03, 0x00, 0x4d, 0xff, 0xfc, 0xff, 0xff, 0xff, 0xfd, 0xff, 0xe3, 0x0a, 0x01,
    0x01, 0x00, 0x00, 0x00, 0x00, 0x00, 0x00, 0x00, 0x00, 0x00, 0x00, 0x00, 0x00, 0x00, 0x00, 0x00,
    0x00, 0x00, 0x00, 0x00, 0x00, 0x00, 0x02, 0x00, 0xb0, 0xff, 0xf8, 0xfe, 0xfe, 0xf8, 0xff, 0xaf,
    0x00, 0x02, 0x00, 0x00, 0x00, 0x00, 0x00, 0x00, 0x00, 0x00, 0x00, 0x00, 0x00, 0x00, 0x00, 0x00,
    0x00, 0x00, 0x00, 0x00, 0x00, 0x00, 0x00, 0x00, 0x00, 0x00, 0x00, 0x00, 0x00, 0x00, 0x00, 0x00,
    0x00, 0x00, 0x00, 0x01, 0x00, 0x13, 0xf0, 0xff, 0xfe, 0xff, 0xff, 0xfe, 0xff, 0xee, 0x10, 0x00,
    0x00, 0x00, 0x00, 0x02, 0x00, 0x1f, 0xf8, 0xff, 0xfe, 0xff, 0xff, 0xff, 0xfc, 0xff, 0x58, 0x00,
    0x04, 0x00, 0x00, 0x00, 0x00, 0x00, 0x00, 0x00, 0x00, 0x00, 0x00, 0x00, 0x00, 0x00, 0x00, 0x00,
    0x00, 0x00, 0x00, 0x00, 0x00, 0x01, 0x00, 0x0c, 0xe8, 0xfe, 0xfe, 0xff, 0xff, 0xfe, 0xfe, 0xe8,
    0x0c, 0x00, 0x01, 0x00, 0x00, 0x00, 0x00, 0x00, 0x00, 0x00, 0x00, 0x00, 0x00, 0x00, 0x00, 0x00,
    0x00, 0x00, 0x00, 0x00, 0x00, 0x00, 0x00, 0x00, 0x00, 0x00, 0x00, 0x00, 0x00, 0x00, 0x00, 0x00,
    0x00, 0x00, 0x00, 0x02, 0x00, 0x2a, 0xfc, 0xff, 0xff, 0xff, 0xff, 0xfd, 0xff, 0xdf, 0x07, 0x00,
    0x00, 0x00, 0x00, 0x00, 0x01, 0x00, 0xc6, 0xfe, 0xfc, 0xff, 0xff, 0xff, 0xfc, 0xfe, 0xd2, 0x04,
    0x03, 0x01, 0x00, 0x00, 0x00, 0x00, 0x00, 0x00, 0x00, 0x00, 0x00, 0x00, 0x00, 0x00, 0x00, 0x00,
    0x00, 0x00, 0x00, 0x00, 0x00, 0x01, 0x00, 0x0c, 0xe9, 0xfe, 0xfe, 0xff, 0xff, 0xfe, 0xfe, 0xe8,
    0x0c, 0x00, 0x01, 0x00, 0x00, 0x00, 0x00, 0x00, 0x00, 0x00, 0x00, 0x00, 0x00, 0x00, 0x00, 0x00,
    0x00, 0x00, 0x00, 0x00, 0x00, 0x00, 0x00, 0x00, 0x00, 0x00, 0x00, 0x00, 0x00, 0x00, 0x00, 0x00,
    0x00, 0x00, 0x00, 0x03, 0x01, 0x51, 0xff, 0xfc, 0xff, 0xff, 0xff, 0xfc, 0xff, 0xc8, 0x00, 0x01,
    0x00, 0x00, 0x00, 0x00, 0x04, 0x00, 0x6e, 0xff, 0xfb, 0xff, 0xff, 0xff, 0xff, 0xfc, 0xff, 0x7b,
    0x00, 0x05, 0x00, 0x00, 0x00, 0x00, 0x00, 0x00, 0x00, 0x00, 0x00, 0x00, 0x00, 0x00, 0x00, 0x00,
    0x00, 0x00, 0x00, 0x00, 0x00, 0x00, 0x02, 0x00, 0xb5, 0xff, 0xf9, 0xfe, 0xfe, 0xf9, 0xff, 0xb4,
    0x00, 0x02, 0x00, 0x00, 0x00, 0x00, 0x00, 0x00, 0x00, 0x00, 0x00, 0x00, 0x00, 0x00, 0x00, 0x00,
    0x00, 0x00, 0x00, 0x00, 0x00, 0x00, 0x00, 0x00, 0x00, 0x00, 0x00, 0x00, 0x00, 0x00, 0x00, 0x00,
    0x00, 0x00, 0x00, 0x03, 0x00, 0xa0, 0xff, 0xfb, 0xff, 0xff, 0xff, 0xfb, 0xff, 0xa9, 0x00, 0x03,
    0x00, 0x00, 0x00, 0x00, 0x01, 0x00, 0x16, 0xee, 0xfe, 0xfe, 0xff, 0xff, 0xff, 0xfe, 0xfc, 0xfd,
    0x44, 0x00, 0x05, 0x00, 0x00, 0x00, 0x00, 0x00, 0x00, 0x00, 0x00, 0x00, 0x00, 0x00, 0x00, 0x00,
    0x00, 0x00, 0x00, 0x00, 0x00, 0x00, 0x02, 0x01, 0x30, 0xf2, 0xff, 0xff, 0xff, 0xff, 0xf2, 0x2f,
    0x01, 0x02, 0x00, 0x00, 0x00, 0x00, 0x00, 0x00, 0x00, 0x01, 0x03, 0x00, 0x00, 0x03, 0x01, 0x00,
    0x00, 0x00, 0x00, 0x00, 0x00, 0x00, 0x00, 0x00, 0x00, 0x00, 0x00, 0x00, 0x00, 0x00, 0x00, 0x00,
    0x00, 0x00, 0x02, 0x01, 0x1e, 0xf2, 0xfe, 0xfe, 0xff, 0xff, 0xff, 0xfb, 0xff, 0x6b, 0x00, 0x04,
    0x00, 0x00, 0x00, 0x00, 0x00, 0x04, 0x00, 0x8a, 0xff, 0xfb, 0xff, 0xff, 0xff, 0xff, 0xfe, 0xfe,
    0xf0, 0x3c, 0x00, 0x04, 0x01, 0x00, 0x00, 0x00, 0x00, 0x00, 0x00, 0x00, 0x00, 0x00, 0x00, 0x00,
    0x00, 0x00, 0x00, 0x00, 0x00, 0x00, 0x00, 0x02, 0x00, 0x34, 0xba, 0xf0, 0xef, 0xba, 0x33, 0x00,
    0x02, 0x00, 0x00, 0x00, 0x00, 0x00, 0x00, 0x00, 0x01, 0x00, 0x00, 0x00, 0x00, 0x00, 0x00, 0x01,
    0x00, 0x00, 0x00, 0x00, 0x00, 0x00, 0x00, 0x00, 0x00, 0x00, 0x00, 0x00, 0x00, 0x00, 0x00, 0x00,
    0x00, 0x01, 0x05, 0x00, 0xaa, 0xff, 0xfc, 0xff, 0xff, 0xff, 0xff, 0xfe, 0xfc, 0x2a, 0x00, 0x02,
    0x00, 0x00, 0x00, 0x00, 0x00, 0x02, 0x01, 0x19, 0xed, 0xfd, 0xfd, 0xff, 0xff, 0xff, 0xff, 0xfd,
    0xff, 0xf4, 0x52, 0x00, 0x00, 0x04, 0x01, 0x00, 0x00, 0x00, 0x00, 0x00, 0x00, 0x00, 0x00, 0x00,
    0x00, 0x00, 0x00, 0x00, 0x00, 0x00, 0x00, 0x00, 0x02, 0x00, 0x00, 0x16, 0x16, 0x00, 0x00, 0x02,
    0x00, 0x00, 0x00, 0x00, 0x00, 0x00, 0x00, 0x01, 0x00, 0x14, 0x8c, 0xcd, 0xcd, 0x8b, 0x13, 0x00,
    0x01, 0x00, 0x00, 0x00, 0x00, 0x00, 0x00, 0x00, 0x00, 0x00, 0x00, 0x00, 0x00, 0x00, 0x00, 0x00,
    0x02, 0x04, 0x00, 0x73, 0xff, 0xfc, 0xff, 0xff, 0xff, 0xff, 0xfc, 0xfe, 0xcd, 0x02, 0x01, 0x00,
    0x00, 0x00, 0x00, 0x00, 0x00, 0x00, 0x03, 0x00, 0x69, 0xff, 0xfb, 0xff, 0xff, 0xff, 0xff, 0xff,
    0xfd, 0xff, 0xff, 0x8b, 0x0d, 0x00, 0x00, 0x03, 0x04, 0x03, 0x02, 0x01, 0x01, 0x00, 0x00, 0x00,
    0x00, 0x00, 0x00, 0x00, 0x00, 0x00, 0x00, 0x00, 0x00, 0x02, 0x01, 0x00, 0x00, 0x02, 0x02, 0x00,
    0x00, 0x00, 0x00, 0x00, 0x00, 0x00, 0x02, 0x01, 0x1c, 0xd8, 0xff, 0xff, 0xff, 0xff, 0xd7, 0x1b,
    0x01, 0x02, 0x00, 0x00, 0x00, 0x00, 0x00, 0x00, 0x00, 0x00, 0x00, 0x01, 0x02, 0x02, 0x03, 0x04,
    0x00, 0x00, 0x78, 0xff, 0xfc, 0xfe, 0xff, 0xff, 0xff, 0xff, 0xfc, 0xff, 0x62, 0x00, 0x04, 0x00,
    0x00, 0x00, 0x00, 0x00, 0x00, 0x00, 0x00, 0x03, 0x01, 0xb4, 0xff, 0xfb, 0xff, 0xff, 0xff, 0xff,
    0xff, 0xfe, 0xfe, 0xff, 0xdb, 0x6d, 0x14, 0x00, 0x00, 0x00, 0x00, 0x00, 0x00, 0x02, 0x02, 0x00,
    0x00, 0x00, 0x00, 0x00, 0x00, 0x00, 0x00, 0x00, 0x00, 0x02, 0x03, 0x00, 0x00, 0x03, 0x02, 0x00,
    0x00, 0x00, 0x00, 0x00, 0x00, 0x00, 0x03, 0x00, 0xa2, 0xff, 0xf8, 0xfd, 0xfd, 0xf8, 0xff, 0xa1,
    0x00, 0x03, 0x00, 0x00, 0x00, 0x00, 0x00, 0x00, 0x00, 0x02, 0x02, 0x00, 0x00, 0x00, 0x00, 0x00,
    0x2b, 0xac, 0xff, 0xfd, 0xff, 0xff, 0xff, 0xff, 0xff, 0xfd, 0xff, 0xdb, 0x08, 0x01, 0x01, 0x00,
    0x00, 0x00, 0x00, 0x00, 0x00, 0x00, 0x00, 0x02, 0x01, 0x14, 0xe1, 0xff, 0xfc, 0xff, 0xff, 0xff,
    0xff, 0xff, 0xff, 0xfc, 0xff, 0xff, 0xe7, 0xa7, 0x6d, 0x3d, 0x1f, 0x14, 0x0a, 0x00, 0x00, 0x02,
    0x00, 0x00, 0x00, 0x00, 0x00, 0x00, 0x00, 0x00, 0x02, 0x00, 0x00, 0x05, 0x05, 0x00, 0x00, 0x02,
    0x00, 0x00, 0x00, 0x00, 0x00, 0x01, 0x00, 0x08, 0xe2, 0xfd, 0xfd, 0xff, 0xff, 0xfd, 0xfd, 0xe2,
    0x08, 0x00, 0x01, 0x00, 0x00, 0x00, 0x00, 0x00, 0x02, 0x00, 0x00, 0x0c, 0x1c, 0x34, 0x5b, 0xa4,
    0xf6, 0xff, 0xfc, 0xff, 0xff, 0xff, 0xff, 0xff, 0xff, 0xfb, 0xff, 0x48, 0x00, 0x03, 0x00, 0x00,
    0x00, 0x00, 0x00, 0x00, 0x00, 0x00, 0x00, 0x00, 0x02, 0x00, 0x32, 0xf0, 0xff, 0xfc, 0xff, 0xff,
    0xff, 0xff, 0xff, 0xff, 0xfd, 0xfc, 0xff, 0xff, 0xff, 0xff, 0xf7, 0xf0, 0xe2, 0xae, 0x2c, 0x00,
    0x01, 0x00, 0x00, 0x00, 0x00, 0x00, 0x00, 0x01, 0x00, 0x20, 0x9b, 0xd9, 0xd9, 0x9b, 0x1f, 0x00,
    0x01, 0x00, 0x00, 0x00, 0x00, 0x01, 0x00, 0x0e, 0xea, 0xfe, 0xfe, 0xff, 0xff, 0xfe, 0xfe, 0xea,
    0x0e, 0x00, 0x01, 0x00, 0x00, 0x00, 0x00, 0x02, 0x00, 0x28, 0xaa, 0xe5, 0xf4, 0xff, 0xff, 0xff,
    0xff, 0xfc, 0xff, 0xff, 0xff, 0xff, 0xff, 0xff, 0xfa, 0xff, 0x98, 0x00, 0x03, 0x00, 0x00, 0x00,
    0x00, 0x00, 0x00, 0x00, 0x00, 0x00, 0x00, 0x00, 0x00, 0x03, 0x00, 0x3e, 0xf1, 0xff, 0xfb, 0xff,
    0xff, 0xff, 0xff, 0xff, 0xff, 0xff, 0xfe, 0xfc, 0xfb, 0xfd, 0xff, 0xff, 0xff, 0xff, 0xeb, 0x27,
    0x01, 0x02, 0x00, 0x00, 0x00, 0x00, 0x02, 0x01, 0x28, 0xe8, 0xff, 0xff, 0xff, 0xff, 0xe7, 0x27,
    0x01, 0x02, 0x00, 0x00, 0x00, 0x00, 0x02, 0x01, 0xc4, 0xff, 0xfa, 0xff, 0xff, 0xfa, 0xff, 0xc3,
    0x01, 0x02, 0x00, 0x00, 0x00, 0x00, 0x02, 0x01, 0x28, 0xea, 0xff, 0xff, 0xff, 0xff, 0xfc, 0xfb,
    0xfe, 0xff, 0xff, 0xff, 0xff, 0xff, 0xff, 0xfb, 0xff, 0xc1, 0x07, 0x03, 0x01, 0x00, 0x00, 0x00,
    0x00, 0x00, 0x00, 0x00, 0x00, 0x00, 0x00, 0x00, 0x00, 0x00, 0x04, 0x00, 0x31, 0xdf, 0xff, 0xfb,
    0xfe, 0xff, 0xff, 0xff, 0xff, 0xff, 0xff, 0xff, 0xff, 0xff, 0xfe, 0xfe, 0xfe, 0xf8, 0xff, 0xae,
    0x00, 0x02, 0x00, 0x00, 0x00, 0x00, 0x02, 0x00, 0xb0, 0xff, 0xf8, 0xfd, 0xfd, 0xf8, 0xff, 0xae,
    0x00, 0x02, 0x00, 0x00, 0x00, 0x00, 0x03, 0x00, 0x44, 0xff, 0xff, 0xff, 0xff, 0xff, 0xff, 0x43,
    0x00, 0x03, 0x00, 0x00, 0x00, 0x00, 0x02, 0x00, 0xb0, 0xff, 0xf8, 0xfe, 0xfe, 0xff, 0xff, 0xff,
    0xff, 0xff, 0xff, 0xff, 0xff, 0xff, 0xfa, 0xff, 0xd5, 0x14, 0x00, 0x01, 0x00, 0x00, 0x00, 0x00,
    0x00, 0x00, 0x00, 0x00, 0x00, 0x00, 0x00, 0x00, 0x00, 0x00, 0x00, 0x03, 0x00, 0x1b, 0xb3, 0xff,
    0xff, 0xfb, 0xfe, 0xff, 0xff, 0xff, 0xff, 0xff, 0xff, 0xff, 0xff, 0xff, 0xff, 0xfe, 0xfe, 0xe8,
    0x0b, 0x00, 0x01, 0x00, 0x00, 0x01, 0x00, 0x0c, 0xe9, 0xfe, 0xfe, 0xff, 0xff, 0xfe, 0xfe, 0xe8,
    0x0b, 0x00, 0x01, 0x00, 0x00, 0x00, 0x00, 0x02, 0x00, 0x4b, 0xd2, 0xfd, 0xfd, 0xd2, 0x4b, 0x00,
    0x02, 0x00, 0x00, 0x00, 0x00, 0x01, 0x00, 0x0c, 0xe9, 0xfe, 0xfe, 0xff, 0xff, 0xff, 0xff, 0xff,
    0xff, 0xff, 0xff, 0xff, 0xfd, 0xfb, 0xff, 0xc9, 0x19, 0x00, 0x02, 0x00, 0x00, 0x00, 0x00, 0x00,
    0x00, 0x00, 0x00, 0x00, 0x00, 0x00, 0x00, 0x00, 0x00, 0x00, 0x00, 0x00, 0x03, 0x00, 0x00, 0x6a,
    0xe6, 0xff, 0xff, 0xfb, 0xfc, 0xfe, 0xff, 0xff, 0xff, 0xff, 0xff, 0xff, 0xff, 0xfe, 0xfe, 0xe7,
    0x0b, 0x00, 0x01, 0x00, 0x00, 0x01, 0x00, 0x0c, 0xe8, 0xfe, 0xfe, 0xff, 0xff, 0xfe, 0xfe, 0xe8,
    0x0c, 0x00, 0x01, 0x00, 0x00, 0x00, 0x00, 0x00, 0x02, 0x00, 0x03, 0x2d, 0x2d, 0x03, 0x00, 0x02,
    0x00, 0x00, 0x00, 0x00, 0x00, 0x01, 0x00, 0x0b, 0xe8, 0xfe, 0xfe, 0xff, 0xff, 0xff, 0xff, 0xff,
    0xff, 0xff, 0xfd, 0xfb, 0xff, 0xff, 0xa0, 0x0c, 0x00, 0x03, 0x00, 0x00, 0x00, 0x00, 0x00, 0x00,
    0x00, 0x00, 0x00, 0x00, 0x00, 0x00, 0x00, 0x00, 0x00, 0x00, 0x00, 0x00, 0x00, 0x01, 0x01, 0x00,
    0x15, 0x85, 0xe6, 0xff, 0xff, 0xff, 0xfc, 0xfb, 0xfc, 0xfd, 0xfe, 0xfe, 0xfe, 0xf8, 0xff, 0xaf,
    0x00, 0x02, 0x00, 0x00, 0x00, 0x00, 0x02, 0x00, 0xb5, 0xff, 0xf9, 0xfe, 0xfe, 0xf9, 0xff, 0xb4,
    0x00, 0x02, 0x00, 0x00, 0x00, 0x00, 0x00, 0x00, 0x00, 0x03, 0x00, 0x00, 0x00, 0x00, 0x03, 0x00,
    0x00, 0x00, 0x00, 0x00, 0x00, 0x00, 0x02, 0x00, 0xb1, 0xff, 0xf8, 0xfe, 0xfe, 0xfd, 0xfd, 0xfc,
    0xfb, 0xfe, 0xff, 0xff, 0xdb, 0x57, 0x00, 0x00, 0x02, 0x00, 0x00, 0x00, 0x00, 0x00, 0x00, 0x00,
    0x00, 0x00, 0x00, 0x00, 0x00, 0x00, 0x00, 0x00, 0x00, 0x00, 0x00, 0x00, 0x00, 0x00, 0x00, 0x03,
    0x00, 0x00, 0x14, 0x6d, 0xc1, 0xfa, 0xff, 0xff, 0xff, 0xff, 0xff, 0xff, 0xff, 0xff, 0xeb, 0x29,
    0x01, 0x02, 0x00, 0x00, 0x00, 0x00, 0x03, 0x01, 0x32, 0xf7, 0xff, 0xff, 0xff, 0xff, 0xf7, 0x31,
    0x01, 0x03, 0x00, 0x00, 0x00, 0x00, 0x00, 0x00, 0x00, 0x01, 0x04, 0x04, 0x04, 0x04, 0x01, 0x00,
    0x00, 0x00, 0x00, 0x00, 0x00, 0x00, 0x02, 0x01, 0x2a, 0xeb, 0xff, 0xff, 0xff, 0xff, 0xff, 0xff,
    0xff, 0xff, 0xd0, 0x6e, 0x0e, 0x00, 0x02, 0x01, 0x00, 0x00, 0x00, 0x00, 0x00, 0x00, 0x00, 0x00,
    0x00, 0x00, 0x00, 0x00, 0x00, 0x00, 0x00, 0x00, 0x00, 0x00, 0x00, 0x00, 0x00, 0x00, 0x00, 0x00,
    0x01, 0x03, 0x00, 0x00, 0x00, 0x27, 0x5e, 0x90, 0xba, 0xd8, 0xe7, 0xec, 0xe3, 0xab, 0x28, 0x00,
    0x01, 0x00, 0x00, 0x00, 0x00, 0x00, 0x00, 0x02, 0x00, 0x3e, 0xc7, 0xf3, 0xf3, 0xc6, 0x3e, 0x00,
    0x02, 0x00, 0x00, 0x00, 0x00, 0x00, 0x00, 0x00, 0x01, 0x00, 0x00, 0x00, 0x00, 0x00, 0x00, 0x01,
    0x00, 0x00, 0x00, 0x00, 0x00, 0x00, 0x00, 0x01, 0x00, 0x28, 0xa9, 0xe5, 0xec, 0xe4, 0xcf, 0xae,
    0x75, 0x36, 0x01, 0x00, 0x00, 0x03, 0x00, 0x00, 0x00, 0x00, 0x00, 0x00, 0x00, 0x00, 0x00, 0x00,
    0x00, 0x00, 0x00, 0x00, 0x00, 0x00, 0x00, 0x00, 0x00, 0x00, 0x00, 0x00, 0x00, 0x00, 0x00, 0x00,
    0x00, 0x00, 0x01, 0x04, 0x01, 0x00, 0x00, 0x00, 0x00, 0x03, 0x0c, 0x0f, 0x0b, 0x00, 0x00, 0x02,
    0x00, 0x00, 0x00, 0x00, 0x00, 0x00, 0x00, 0x00, 0x02, 0x00, 0x00, 0x1c, 0x1c, 0x00, 0x00, 0x02,
    0x00, 0x00, 0x00, 0x00, 0x00, 0x00, 0x00, 0x01, 0x00, 0x0e, 0x7d, 0xc2, 0xc2, 0x7d, 0x0e, 0x00,
    0x01, 0x00, 0x00, 0x00, 0x00, 0x00, 0x00, 0x00, 0x02, 0x00, 0x00, 0x0c, 0x0f, 0x0b, 0x00, 0x00,
    0x00, 0x00, 0x00, 0x03, 0x01, 0x00, 0x00, 0x00, 0x00, 0x00, 0x00, 0x00, 0x00, 0x00, 0x00, 0x00,
    0x00, 0x00, 0x00, 0x00, 0x00, 0x00, 0x00, 0x00, 0x00, 0x00, 0x00, 0x00, 0x00, 0x00, 0x00, 0x00,
    0x00, 0x00, 0x00, 0x00, 0x00, 0x02, 0x04, 0x04, 0x02, 0x00, 0x00, 0x00, 0x00, 0x02, 0x02, 0x00,
    0x00, 0x00, 0x00, 0x00, 0x00, 0x00, 0x00, 0x00, 0x00, 0x02, 0x00, 0x00, 0x00, 0x00, 0x02, 0x00,
    0x00, 0x00, 0x00, 0x00, 0x00, 0x00, 0x02, 0x01, 0x1c, 0xd4, 0xff, 0xff, 0xff, 0xff, 0xd3, 0x1b,
    0x01, 0x02, 0x00, 0x00, 0x00, 0x00, 0x00, 0x00, 0x00, 0x02, 0x03, 0x00, 0x00, 0x00, 0x00, 0x03,
    0x04, 0x03, 0x01, 0x00, 0x00, 0x00, 0x00, 0x00, 0x00, 0x00, 0x00, 0x00, 0x00, 0x00, 0x00, 0x00,
    0x00, 0x00, 0x00, 0x00, 0x00, 0x00, 0x00, 0x00, 0x00, 0x00, 0x00, 0x00, 0x00, 0x00, 0x00, 0x00,
    0x00, 0x00, 0x00, 0x00, 0x00, 0x00, 0x00, 0x00, 0x00, 0x01, 0x01, 0x01, 0x01, 0x00, 0x00, 0x00,
    0x00, 0x00, 0x00, 0x00, 0x00, 0x00, 0x00, 0x00, 0x00, 0x02, 0x04, 0x00, 0x00, 0x04, 0x02, 0x00,
    0x00, 0x00, 0x00, 0x00, 0x00, 0x00, 0x03, 0x00, 0xa2, 0xff, 0xf8, 0xfc, 0xfc, 0xf8, 0xff, 0xa1,
    0x00, 0x03, 0x00, 0x00, 0x00, 0x00, 0x00, 0x00, 0x00, 0x00, 0x00, 0x01, 0x01, 0x01, 0x00, 0x00,
    0x00, 0x00, 0x00, 0x00, 0x00, 0x00, 0x00, 0x00, 0x00, 0x00, 0x00, 0x00, 0x00, 0x00, 0x00, 0x00,
    0x00, 0x00, 0x00, 0x00, 0x00, 0x00, 0x00, 0x00, 0x00, 0x00, 0x00, 0x00, 0x00, 0x00, 0x00, 0x00,
    0x00, 0x00, 0x00, 0x00, 0x00, 0x00, 0x00, 0x00, 0x00, 0x00, 0x00, 0x00, 0x00, 0x00, 0x00, 0x00,
    0x00, 0x00, 0x00, 0x00, 0x00, 0x00, 0x00, 0x00, 0x02, 0x00, 0x00, 0x05, 0x05, 0x00, 0x00, 0x02,
    0x00, 0x00, 0x00, 0x00, 0x00, 0x01, 0x00, 0x08, 0xe2, 0xfd, 0xfd, 0xff, 0xff, 0xfd, 0xfd, 0xe1,
    0x08, 0x00, 0x01, 0x00, 0x00, 0x00, 0x00, 0x00, 0x00, 0x00, 0x00, 0x00, 0x00, 0x00, 0x00, 0x00,
    0x00, 0x00, 0x00, 0x00, 0x00, 0x00, 0x00, 0x00, 0x00, 0x00, 0x00, 0x00, 0x00, 0x00, 0x00, 0x00,
    0x00, 0x00, 0x00, 0x00, 0x00, 0x00, 0x00, 0x00, 0x00, 0x00, 0x00, 0x00, 0x00, 0x00, 0x00, 0x00,
    0x00, 0x00, 0x00, 0x00, 0x00, 0x00, 0x00, 0x00, 0x00, 0x00, 0x00, 0x00, 0x00, 0x00, 0x00, 0x00,
    0x00, 0x00, 0x00, 0x00, 0x00, 0x00, 0x00, 0x01, 0x00, 0x1d, 0x9b, 0xd9, 0xd9, 0x9b, 0x1d, 0x00,
    0x01, 0x00, 0x00, 0x00, 0x00, 0x01, 0x00, 0x0e, 0xea, 0xfe, 0xfe, 0xff, 0xff, 0xfe, 0xfe, 0xea,
    0x0d, 0x00, 0x01, 0x00, 0x00, 0x00, 0x00, 0x00, 0x00, 0x00, 0x00, 0x00, 0x00, 0x00, 0x00, 0x00,
    0x00, 0x00, 0x00, 0x00, 0x00, 0x00, 0x00, 0x00, 0x00, 0x00, 0x00, 0x00, 0x00, 0x00, 0x00, 0x00,
    0x00, 0x00, 0x00, 0x00, 0x00, 0x00, 0x00, 0x00, 0x00, 0x00, 0x00, 0x00, 0x00, 0x00, 0x00, 0x00,
    0x00, 0x00, 0x00, 0x00, 0x00, 0x00, 0x00, 0x00, 0x00, 0x00, 0x00, 0x00, 0x00, 0x00, 0x00, 0x00,
    0x00, 0x00, 0x00, 0x00, 0x00, 0x00, 0x02, 0x01, 0x20, 0xe3, 0xff, 0xff, 0xff, 0xff, 0xe2, 0x20,
    0x01, 0x02, 0x00, 0x00, 0x00, 0x00, 0x02, 0x01, 0xc4, 0xff, 0xfa, 0xff, 0xff, 0xfa, 0xff, 0xc3,
    0x01, 0x02, 0x00, 0x00, 0x00, 0x00, 0x00, 0x00, 0x00, 0x00, 0x00, 0x00, 0x00, 0x00, 0x00, 0x00,
    0x00, 0x00, 0x00, 0x00, 0x00, 0x00, 0x00, 0x00, 0x00, 0x00, 0x00, 0x00, 0x00, 0x00, 0x00, 0x00,
    0x00, 0x00, 0x00, 0x00, 0x00, 0x00, 0x00, 0x00, 0x00, 0x00, 0x00, 0x00, 0x00, 0x00, 0x00, 0x00,
    0x00, 0x00, 0x00, 0x00, 0x00, 0x00, 0x00, 0x00, 0x00, 0x00, 0x00, 0x00, 0x00, 0x00, 0x00, 0x00,
    0x00, 0x00, 0x00, 0x00, 0x00, 0x00, 0x03, 0x00, 0xa7, 0xff, 0xf8, 0xfd, 0xfd, 0xf8, 0xff, 0xa6,
    0x00, 0x03, 0x00, 0x00, 0x00, 0x00, 0x03, 0x00, 0x44, 0xff, 0xff, 0xff, 0xff, 0xff, 0xff, 0x43,
    0x00, 0x03, 0x00, 0x00, 0x00, 0x00, 0x00, 0x00, 0x00, 0x00, 0x00, 0x00, 0x00, 0x00, 0x00, 0x00,
    0x00, 0x00, 0x00, 0x00, 0x00, 0x00, 0x00, 0x00, 0x00, 0x00, 0x00, 0x00, 0x00, 0x00, 0x00, 0x00,
    0x00, 0x00, 0x00, 0x00, 0x00, 0x00, 0x00, 0x00, 0x00, 0x00, 0x00, 0x00, 0x00, 0x00, 0x00, 0x00,
    0x00, 0x00, 0x00, 0x00, 0x00, 0x00, 0x00, 0x00, 0x00, 0x00, 0x00, 0x00, 0x00, 0x00, 0x00, 0x00,
    0x00, 0x00, 0x00, 0x00, 0x00, 0x01, 0x00, 0x0a, 0xe6, 0xfd, 0xfe, 0xff, 0xff, 0xfe, 0xfd, 0xe5,
    0x0a, 0x00, 0x01, 0x00, 0x00, 0x00, 0x00, 0x02, 0x00, 0x4b, 0xd2, 0xfd, 0xfd, 0xd2, 0x4b, 0x00,
    0x02, 0x00, 0x00, 0x00, 0x00, 0x00, 0x00, 0x00, 0x00, 0x00, 0x00, 0x00, 0x00, 0x00, 0x00, 0x00,
    0x00, 0x00, 0x00, 0x00, 0x00, 0x00, 0x00, 0x00, 0x00, 0x00, 0x00, 0x00, 0x00, 0x00, 0x00, 0x00,
    0x00, 0x00, 0x00, 0x00, 0x00, 0x00, 0x00, 0x00, 0x00, 0x00, 0x00, 0x00, 0x00, 0x00, 0x00, 0x00,
    0x00, 0x00, 0x00, 0x00, 0x00, 0x00, 0x00, 0x00, 0x00, 0x00, 0x00, 0x00, 0x00, 0x00, 0x00, 0x00,
    0x00, 0x00, 0x00, 0x00, 0x00, 0x01, 0x00, 0x0d, 0xea, 0xfe, 0xfe, 0xff, 0xff, 0xfe, 0xfe, 0xe9,
    0x0d, 0x00, 0x01, 0x00, 0x00, 0x00, 0x00, 0x00, 0x02, 0x00, 0x03, 0x2d, 0x2d, 0x03, 0x00, 0x02,
    0x00, 0x00, 0x00, 0x00, 0x00, 0x00, 0x00, 0x00, 0x00, 0x00, 0x00, 0x00, 0x00, 0x00, 0x00, 0x00,
    0x00, 0x00, 0x00, 0x00, 0x00, 0x00, 0x00, 0x00, 0x00, 0x00, 0x00, 0x00, 0x00, 0x00, 0x00, 0x00,
    0x00, 0x00, 0x00, 0x00, 0x00, 0x00, 0x00, 0x00, 0x00, 0x00, 0x00, 0x00, 0x00, 0x00, 0x00, 0x00,
    0x00, 0x00, 0x00, 0x00, 0x00, 0x00, 0x00, 0x00, 0x00, 0x00, 0x00, 0x00, 0x00, 0x00, 0x00, 0x00,
    0x00, 0x00, 0x00, 0x00, 0x00, 0x00, 0x02, 0x00, 0xc0, 0xff, 0xf9, 0xfe, 0xfe, 0xf9, 0xff, 0xbf,
    0x00, 0x02, 0x00, 0x00, 0x00, 0x00, 0x00, 0x00, 0x00, 0x03, 0x00, 0x00, 0x00, 0x00, 0x03, 0x00,
    0x00, 0x00, 0x00, 0x00, 0x00, 0x00, 0x00, 0x00, 0x00, 0x00, 0x00, 0x00, 0x00, 0x00, 0x00, 0x00,
    0x00, 0x00, 0x00, 0x00, 0x00, 0x00, 0x00, 0x00, 0x00, 0x00, 0x00, 0x00, 0x00, 0x00, 0x00, 0x00,
    0x00, 0x00, 0x00, 0x00, 0x00, 0x00, 0x00, 0x00, 0x00, 0x00, 0x00, 0x00, 0x00, 0x00, 0x00, 0x00,
    0x00, 0x00, 0x00, 0x00, 0x00, 0x00, 0x00, 0x00, 0x00, 0x00, 0x00, 0x00, 0x00, 0x00, 0x00, 0x00,
    0x00, 0x00, 0x00, 0x00, 0x00, 0x00, 0x03, 0x00, 0x38, 0xf8, 0xff, 0xff, 0xff, 0xff, 0xf8, 0x37,
    0x00, 0x03, 0x00, 0x00, 0x00, 0x00, 0x00, 0x00, 0x00, 0x00, 0x01, 0x02, 0x02, 0x01, 0x00, 0x00,
    0x00, 0x00, 0x00, 0x00, 0x00, 0x00, 0x00, 0x00, 0x00, 0x00, 0x00, 0x00, 0x00, 0x00, 0x00, 0x00,
    0x00, 0x00, 0x00, 0x00, 0x00, 0x00, 0x00, 0x00, 0x00, 0x00, 0x00, 0x00, 0x00, 0x00, 0x00, 0x00,
    0x00, 0x00, 0x00, 0x00, 0x00, 0x00, 0x00, 0x00, 0x00, 0x00, 0x00, 0x00, 0x00, 0x00, 0x00, 0x00,
    0x00, 0x00, 0x00, 0x00, 0x00, 0x00, 0x00, 0x00, 0x00, 0x00, 0x00, 0x00, 0x00, 0x00, 0x00, 0x00,
    0x00, 0x00, 0x00, 0x00, 0x00, 0x00, 0x00, 0x02, 0x00, 0x3e, 0xc7, 0xf6, 0xf6, 0xc6, 0x3e, 0x00,
    0x02, 0x00, 0x00, 0x00, 0x00, 0x00, 0x00, 0x00, 0x00, 0x00, 0x00, 0x00, 0x00, 0x00, 0x00, 0x00,
    0x00, 0x00, 0x00, 0x00, 0x00, 0x00, 0x00, 0x00, 0x00, 0x00, 0x00, 0x00, 0x00, 0x00, 0x00, 0x00,
    0x00, 0x00, 0x00, 0x00, 0x00, 0x00, 0x00, 0x00, 0x00, 0x00, 0x00, 0x00, 0x00, 0x00, 0x00, 0x00,
    0x00, 0x00, 0x00, 0x00, 0x00, 0x00, 0x00, 0x00, 0x00, 0x00, 0x00, 0x00, 0x00, 0x00, 0x00, 0x00,
    0x00, 0x00, 0x00, 0x00, 0x00, 0x00, 0x00, 0x00, 0x00, 0x00, 0x00, 0x00, 0x00, 0x00, 0x00, 0x00,
    0x00, 0x00, 0x00, 0x00, 0x00, 0x00, 0x00, 0x00, 0x02, 0x00, 0x00, 0x21, 0x21, 0x00, 0x00, 0x02,
    0x00, 0x00, 0x00, 0x00, 0x00, 0x00, 0x00, 0x00, 0x00, 0x00, 0x00, 0x00, 0x00, 0x00, 0x00, 0x00,
    0x00, 0x00, 0x00, 0x00, 0x00, 0x00, 0x00, 0x00, 0x00, 0x00, 0x00, 0x00, 0x00, 0x00, 0x00, 0x00,
    0x00, 0x00, 0x00, 0x00, 0x00, 0x00, 0x00, 0x00, 0x00, 0x00, 0x00, 0x00, 0x00, 0x00, 0x00, 0x00,
    0x00, 0x00, 0x00, 0x00, 0x00, 0x00, 0x00, 0x00, 0x00, 0x00, 0x00, 0x00, 0x00, 0x00, 0x00, 0x00,
    0x00, 0x00, 0x00, 0x00, 0x00, 0x00, 0x00, 0x00, 0x00, 0x00, 0x00, 0x00, 0x00, 0x00, 0x00, 0x00,
    0x00, 0x00, 0x00, 0x00, 0x00, 0x00, 0x00, 0x00, 0x00, 0x02, 0x00, 0x00, 0x00, 0x00, 0x02, 0x00,
    0x00, 0x00, 0x00, 0x00, 0x00, 0x00, 0x00, 0x00, 0x00, 0x00, 0x00, 0x00, 0x00, 0x00, 0x00, 0x00,
    0x00, 0x00, 0x00, 0x00, 0x00, 0x00, 0x00, 0x00, 0x00, 0x00, 0x00, 0x00, 0x00, 0x00, 0x00, 0x00,
    0x00, 0x00, 0x00, 0x00, 0x00, 0x00, 0x00, 0x00, 0x00, 0x00, 0x00, 0x00, 0x00, 0x00, 0x00, 0x00,
    0x00, 0x00, 0x00, 0x00, 0x00, 0x00, 0x00, 0x00, 0x00, 0x00, 0x00, 0x00, 0x00, 0x00, 0x00, 0x00,
    0x00, 0x00, 0x00, 0x00, 0x00, 0x00, 0x00, 0x00, 0x00, 0x00, 0x00, 0x00, 0x00, 0x00, 0x00, 0x00,
    0x00, 0x00, 0x00, 0x00, 0x00, 0x00, 0x00, 0x00, 0x00, 0x00, 0x00, 0x02, 0x02, 0x00, 0x00, 0x00,
    0x00, 0x00, 0x00, 0x00, 0x00, 0x00, 0x00, 0x00, 0x00, 0x00, 0x00, 0x00, 0x00, 0x00, 0x00, 0x00,
    0x00, 0x00, 0x00, 0x00, 0x00, 0x00, 0x00, 0x00, 0x00, 0x00, 0x00, 0x00, 0x00, 0x00, 0x00, 0x00,
    0x00, 0x00, 0x00, 0x00, 0x00, 0x00, 0x00, 0x00, 0x00, 0x00, 0x00, 0x00, 0x00, 0x00, 0x00, 0x00,
    0x00, 0x00, 0x00, 0x00, 0x00, 0x00, 0x00, 0x00, 0x00, 0x00, 0x00, 0x00, 0x00, 0x00, 0x00, 0x00,
    0x00, 0x00, 0x00, 0x00, 0x00, 0x00, 0x00, 0x00, 0x00, 0x00, 0x00, 0x00, 0x00, 0x00, 0x00, 0x00,
    0x00, 0x00, 0x00, 0x00, 0x00, 0x00, 0x00, 0x00, 0x00, 0x00, 0x00, 0x00, 0x00, 0x00, 0x00, 0x00,
    0x00, 0x00, 0x00, 0x00, 0x00, 0x00, 0x00, 0x00, 0x00, 0x00, 0x00, 0x00, 0x00, 0x00, 0x00, 0x00,
    0x00, 0x00, 0x00, 0x00, 0x00, 0x00, 0x00, 0x00, 0x00, 0x00, 0x00, 0x00, 0x00, 0x00, 0x00, 0x00,
    0x00, 0x00, 0x00, 0x00, 0x00, 0x00, 0x00, 0x00, 0x00, 0x00, 0x00, 0x00, 0x00, 0x00, 0x00, 0x00,
    0x00, 0x00, 0x00, 0x00, 0x00, 0x00, 0x00, 0x00, 0x00, 0x00, 0x00, 0x00, 0x00, 0x00, 0x00, 0x00,
    0x00, 0x00, 0x00, 0x00, 0x00, 0x00, 0x00, 0x00, 0x00, 0x00, 0x00, 0x00, 0x00, 0x00, 0x00, 0x00,
    0x00, 0x00, 0x00, 0x00, 0x00, 0x00, 0x00, 0x00, 0x00, 0x00, 0x00, 0x00, 0x00, 0x00, 0x00, 0x00,
    0x00, 0x00, 0x00, 0x00, 0x00, 0x00, 0x00, 0x00, 0x00, 0x00, 0x00, 0x00, 0x00, 0x00, 0x00, 0x00,
    0x00, 0x00, 0x00, 0x00, 0x00, 0x00, 0x00, 0x00, 0x00, 0x00, 0x00, 0x00, 0x00, 0x00, 0x00, 0x00,
    0x00, 0x00, 0x00, 0x00, 0x00, 0x00, 0x00, 0x00, 0x00, 0x00, 0x00, 0x00, 0x00, 0x00, 0x00, 0x00,
    0x00, 0x00, 0x00, 0x00, 0x00, 0x00, 0x00, 0x00, 0x00, 0x00, 0x00, 0x00, 0x00, 0x00, 0x00, 0x00,
    0x00, 0x00, 0x00, 0x00, 0x00, 0x00, 0x00, 0x00, 0x00, 0x00, 0x00, 0x00, 0x00, 0x00, 0x00, 0x00,
    0x00, 0x00, 0x00, 0x00, 0x00, 0x00, 0x00, 0x00, 0x00, 0x00, 0x00, 0x00, 0x00, 0x00, 0x00, 0x00,
    0x00, 0x00, 0x00, 0x00, 0x00, 0x00, 0x00, 0x00, 0x00, 0x00, 0x00, 0x00, 0x00, 0x00, 0x00, 0x00,
    0x00, 0x00, 0x00, 0x00, 0x00, 0x00, 0x00, 0x00, 0x00, 0x00, 0x00, 0x00, 0x00, 0x00, 0x00, 0x00,
    0x00, 0x00, 0x00, 0x00, 0x00, 0x00, 0x00, 0x00, 0x00, 0x00, 0x00, 0x00, 0x00, 0x00, 0x00, 0x00,
    0x00, 0x00, 0x00, 0x00, 0x00, 0x00, 0x00, 0x00, 0x00, 0x00, 0x00, 0x00, 0x00, 0x00, 0x00, 0x00,
    0x00, 0x00, 0x00, 0x00, 0x00, 0x00, 0x00, 0x00, 0x00, 0x00, 0x00, 0x00, 0x00, 0x00, 0x00, 0x00,
    0x00, 0x00, 0x00, 0x00, 0x00, 0x00, 0x00, 0x00, 0x00, 0x00, 0x00, 0x00, 0x00, 0x00, 0x00, 0x00,
    0x00, 0x00, 0x00, 0x00, 0x00, 0x00, 0x00, 0x00, 0x00, 0x00, 0x00, 0x00, 0x00, 0x00, 0x00, 0x00,
    0x00, 0x00, 0x00, 0x00, 0x00, 0x00, 0x00, 0x00, 0x00, 0x00, 0x00, 0x00, 0x00, 0x00, 0x00, 0x00,
    0x00, 0x00, 0x00, 0x00, 0x00, 0x00, 0x00, 0x00, 0x00, 0x00, 0x00, 0x00, 0x00, 0x00, 0x00, 0x00,
    0x00, 0x00, 0x00, 0x00, 0x00, 0x00, 0x00, 0x00, 0x00, 0x00, 0x00, 0x00, 0x00, 0x00, 0x00, 0x00,
    0x00, 0x00, 0x00, 0x00, 0x00, 0x00, 0x00, 0x00, 0x00, 0x00, 0x00, 0x00, 0x00, 0x00, 0x00, 0x00,
    0x00, 0x00, 0x00, 0x00, 0x00, 0x00, 0x00, 0x00, 0x00, 0x00, 0x00, 0x00, 0x00, 0x00, 0x00, 0x00,
    0x00, 0x00, 0x00, 0x00, 0x00, 0x00, 0x00, 0x00, 0x00, 0x00, 0x00, 0x00, 0x00, 0x00, 0x00, 0x00,
    0x00, 0x00, 0x00, 0x00, 0x00, 0x00, 0x00, 0x00, 0x00, 0x00, 0x00, 0x00, 0x00, 0x00, 0x00, 0x00,
    0x00, 0x00, 0x00, 0x00, 0x00, 0x00, 0x00, 0x00, 0x00, 0x00, 0x00, 0x00, 0x00, 0x00, 0x00, 0x00,
};

/* cloud-storm 16px */
static const uint8_t icon_cloud_storm_16_map[] = {
    0x00, 0x00, 0x00, 0x00, 0x00, 0x00, 0x02, 0x04, 0x04, 0x03, 0x01, 0x00, 0x00, 0x00, 0x00, 0x00,
    0x00, 0x00, 0x00, 0x00, 0x00, 0x03, 0x00, 0x00, 0x00, 0x00, 0x00, 0x02, 0x00, 0x00, 0x00, 0x00,
    0x00, 0x00, 0x00, 0x00, 0x00, 0x00, 0x1f, 0x62, 0x7a, 0x4a, 0x08, 0x00, 0x02, 0x00, 0x00, 0x00,
    0x00, 0x00, 0x03, 0x05, 0x02, 0x88, 0xff, 0xff, 0xff, 0xff, 0xe0, 0x48, 0x00, 0x02, 0x00, 0x00,
    0x00, 0x02, 0x00, 0x00, 0x7c, 0xff, 0xad, 0x39, 0x20, 0x49, 0xde, 0xfd, 0x33, 0x04, 0x03, 0x00,
    0x02, 0x00, 0x33, 0xa2, 0xff, 0xba, 0x00, 0x00, 0x00, 0x00, 0x19, 0xf4, 0xab, 0x00, 0x02, 0x01,
    0x00, 0x45, 0xfd, 0xff, 0xcf, 0x35, 0x02, 0x05, 0x05, 0x07, 0x00, 0xc3, 0xee, 0x48, 0x04, 0x00,
    0x0a, 0xe5, 0xe3, 0x2f, 0x00, 0x00, 0x01, 0x00, 0x00, 0x00, 0x01, 0xb1, 0xff, 0xff, 0xc2, 0x13,
    0x3a, 0xff, 0x60, 0x00, 0x04, 0x02, 0x00, 0x00, 0x62, 0x25, 0x00, 0x15, 0x2d, 0x70, 0xff, 0x95,
    0x3a, 0xff, 0x68, 0x00, 0x05, 0x05, 0x00, 0x45, 0xff, 0x69, 0x00, 0x03, 0x00, 0x00, 0xd7, 0xdd,
    0x0a, 0xe3, 0xe6, 0x29, 0x00, 0x00, 0x00, 0xcc, 0xe5, 0x04, 0x00, 0x00, 0x00, 0x2e, 0xf4, 0xba,
    0x00, 0x42, 0xfc, 0xff, 0xda, 0x3b, 0x48, 0xff, 0xec, 0xb5, 0x0c, 0x89, 0xd8, 0xff, 0xf6, 0x39,
    0x02, 0x00, 0x2f, 0x95, 0xcd, 0x3a, 0x38, 0xc4, 0xff, 0xf7, 0x0a, 0x84, 0xd4, 0xaa, 0x31, 0x00,
    0x00, 0x02, 0x00, 0x00, 0x00, 0x00, 0x00, 0x43, 0xff, 0x71, 0x00, 0x00, 0x00, 0x00, 0x00, 0x02,
    0x00, 0x00, 0x02, 0x04, 0x02, 0x04, 0x01, 0xc9, 0xf0, 0x0b, 0x01, 0x03, 0x01, 0x03, 0x02, 0x00,
    0x00, 0x00, 0x00, 0x00, 0x00, 0x01, 0x00, 0x50, 0x49, 0x00, 0x02, 0x00, 0x00, 0x00, 0x00, 0x00,
};

/* cloud-storm 24px */
static const uint8_t icon_cloud_storm_24_map[] = {
    0x00, 0x00, 0x00, 0x00, 0x00, 0x00, 0x00, 0x00, 0x00, 0x00, 0x00, 0x00, 0x00, 0x00, 0x00, 0x00,
    0x00, 0x00, 0x00, 0x00, 0x00, 0x00, 0x00, 0x00, 0x00, 0x00, 0x00, 0x00, 0x00, 0x00, 0x00, 0x00,
    0x00, 0x00, 0x00, 0x01, 0x01, 0x01, 0x00, 0x00, 0x00, 0x00, 0x00, 0x00, 0x00, 0x00, 0x00, 0x00,
    0x00, 0x00, 0x00, 0x00, 0x00, 0x00, 0x00, 0x00, 0x01, 0x03, 0x01, 0x00, 0x00, 0x00, 0x02, 0x03,
    0x01, 0x00, 0x00, 0x00, 0x00, 0x00, 0x00, 0x00, 0x00, 0x00, 0x00, 0x00, 0x00, 0x00, 0x00, 0x01,
    0x00, 0x00, 0x00, 0x10, 0x17, 0x0c, 0x00, 0x00, 0x00, 0x01, 0x00, 0x00, 0x00, 0x00, 0x00, 0x00,
    0x00, 0x00, 0x00, 0x00, 0x00, 0x00, 0x01, 0x00, 0x01, 0x5f, 0xba, 0xec, 0xf8, 0xe8, 0xba, 0x64,
    0x05, 0x00, 0x02, 0x00, 0x00, 0x00, 0x00, 0x00, 0x00, 0x00, 0x00, 0x00, 0x00, 0x02, 0x00, 0x1c,
    0xbc, 0xff, 0xff, 0xfc, 0xed, 0xff, 0xff, 0xff, 0xc3, 0x1c, 0x00, 0x02, 0x00, 0x00, 0x00, 0x00,
    0x00, 0x00, 0x00, 0x01, 0x04, 0x03, 0x0b, 0xd0, 0xff, 0xd4, 0x61, 0x20, 0x0f, 0x24, 0x68, 0xdd,
    0xff, 0xcd, 0x0b, 0x02, 0x01, 0x00, 0x00, 0x00, 0x00, 0x00, 0x01, 0x00, 0x00, 0x00, 0x7c, 0xff,
    0xc6, 0x11, 0x00, 0x00, 0x00, 0x00, 0x00, 0x19, 0xcf, 0xff, 0x7b, 0x00, 0x04, 0x00, 0x00, 0x00,
    0x00, 0x01, 0x00, 0x07, 0x72, 0xc1, 0xfa, 0xff, 0x39, 0x00, 0x07, 0x01, 0x01, 0x02, 0x06, 0x00,
    0x3f, 0xfe, 0xdc, 0x03, 0x02, 0x03, 0x00, 0x00, 0x01, 0x01, 0x12, 0xc1, 0xff, 0xff, 0xf5, 0xbf,
    0x04, 0x02, 0x00, 0x00, 0x00, 0x00, 0x01, 0x01, 0x06, 0xe3, 0xfc, 0x24, 0x00, 0x00, 0x02, 0x00,
    0x02, 0x02, 0xb7, 0xff, 0xd5, 0x4e, 0x1a, 0x04, 0x00, 0x00, 0x00, 0x00, 0x01, 0x01, 0x01, 0x00,
    0x0c, 0xeb, 0xff, 0xe7, 0xb6, 0x3f, 0x00, 0x02, 0x00, 0x4c, 0xff, 0xe0, 0x1c, 0x00, 0x00, 0x00,
    0x00, 0x00, 0x00, 0x00, 0x00, 0x00, 0x01, 0x01, 0x08, 0xc0, 0xee, 0xfd, 0xff, 0xfd, 0x55, 0x00,
    0x00, 0x95, 0xfe, 0x72, 0x00, 0x07, 0x01, 0x01, 0x00, 0x00, 0x00, 0x00, 0x08, 0x02, 0x00, 0x01,
    0x00, 0x02, 0x12, 0x23, 0x90, 0xff, 0xec, 0x19, 0x00, 0xa9, 0xff, 0x4a, 0x03, 0x03, 0x00, 0x00,
    0x00, 0x00, 0x02, 0x05, 0xca, 0xc8, 0x09, 0x01, 0x01, 0x00, 0x00, 0x00, 0x00, 0xc0, 0xff, 0x62,
    0x00, 0x92, 0xfe, 0x71, 0x00, 0x07, 0x01, 0x01, 0x00, 0x03, 0x00, 0x59, 0xff, 0xda, 0x08, 0x01,
    0x01, 0x01, 0x02, 0x08, 0x03, 0x81, 0xfd, 0x7f, 0x00, 0x48, 0xff, 0xdd, 0x1b, 0x00, 0x00, 0x00,
    0x01, 0x01, 0x05, 0xd2, 0xff, 0x53, 0x00, 0x04, 0x00, 0x00, 0x00, 0x00, 0x00, 0xba, 0xff, 0x67,
    0x02, 0x02, 0xb7, 0xff, 0xda, 0x5b, 0x1a, 0x02, 0x03, 0x00, 0x58, 0xff, 0xd4, 0x16, 0x03, 0x00,
    0x00, 0x01, 0x11, 0x27, 0x90, 0xff, 0xec, 0x1a, 0x01, 0x01, 0x12, 0xba, 0xff, 0xff, 0xfa, 0xc7,
    0x06, 0x06, 0xdd, 0xff, 0xf4, 0xee, 0xc2, 0x05, 0x05, 0xc8, 0xf3, 0xff, 0xff, 0xfe, 0x54, 0x00,
    0x00, 0x01, 0x00, 0x02, 0x62, 0xba, 0xeb, 0xc7, 0x04, 0x08, 0xbe, 0xee, 0xf4, 0xff, 0xdb, 0x05,
    0x06, 0xc7, 0xf3, 0xe7, 0xb6, 0x40, 0x00, 0x02, 0x00, 0x00, 0x01, 0x00, 0x00, 0x00, 0x0c, 0x01,
    0x00, 0x00, 0x00, 0x16, 0xd4, 0xff, 0x58, 0x00, 0x02, 0x01, 0x0f, 0x0c, 0x00, 0x00, 0x02, 0x00,
    0x00, 0x00, 0x00, 0x01, 0x03, 0x02, 0x00, 0x00, 0x00, 0x04, 0x00, 0x53, 0xff, 0xd2, 0x05, 0x01,
    0x01, 0x00, 0x00, 0x00, 0x02, 0x03, 0x00, 0x00, 0x00, 0x00, 0x00, 0x00, 0x00, 0x00, 0x01, 0x01,
    0x01, 0x01, 0x08, 0xdb, 0xff, 0x5a, 0x00, 0x03, 0x00, 0x01, 0x01, 0x01, 0x00, 0x00, 0x00, 0x00,
    0x00, 0x00, 0x00, 0x00, 0x00, 0x00, 0x00, 0x00, 0x01, 0x01, 0x09, 0xc5, 0xc1, 0x05, 0x02, 0x00,
    0x00, 0x00, 0x00, 0x00, 0x00, 0x00, 0x00, 0x00, 0x00, 0x00, 0x00, 0x00, 0x00, 0x00, 0x00, 0x00,
    0x00, 0x01, 0x00, 0x02, 0x05, 0x00, 0x01, 0x00, 0x00, 0x00, 0x00, 0x00, 0x00, 0x00, 0x00, 0x00,
};

/* cloud-storm 40px */
static const uint8_t icon_cloud_storm_40_map[] = {
    0x00, 0x00, 0x00, 0x00, 0x00, 0x00, 0x00, 0x00, 0x00, 0x00, 0x00, 0x00, 0x00, 0x00, 0x00, 0x00,
    0x00, 0x00, 0x00, 0x00, 0x00, 0x00, 0x00, 0x00, 0x00, 0x00, 0x00, 0x00, 0x00, 0x00, 0x00, 0x00,
    0x00, 0x00, 0x00, 0x00, 0x00, 0x00, 0x00, 0x00, 0x00, 0x00, 0x00, 0x00, 0x00, 0x00, 0x00, 0x00,
    0x00, 0x00, 0x00, 0x00, 0x00, 0x00, 0x00, 0x00, 0x00, 0x00, 0x00, 0x00, 0x00, 0x00, 0x00, 0x00,
    0x00, 0x00, 0x00, 0x00, 0x00, 0x00, 0x00, 0x00, 0x00, 0x00, 0x00, 0x00, 0x00, 0x00, 0x00, 0x00,
    0x00, 0x00, 0x00, 0x00, 0x00, 0x00, 0x00, 0x00, 0x00, 0x00, 0x00, 0x00, 0x00, 0x00, 0x00, 0x00,
    0x00, 0x00, 0x00, 0x00, 0x00, 0x00, 0x00, 0x00, 0x00, 0x00, 0x00, 0x00, 0x00, 0x00, 0x00, 0x00,
    0x00, 0x00, 0x00, 0x00, 0x00, 0x00, 0x00, 0x00, 0x00, 0x00, 0x00, 0x00, 0x00, 0x00, 0x00, 0x00,
    0x00, 0x00, 0x00, 0x00, 0x00, 0x00, 0x00, 0x00, 0x00, 0x00, 0x00, 0x00, 0x00, 0x00, 0x00, 0x00,
    0x00, 0x00, 0x00, 0x00, 0x00, 0x00, 0x00, 0x00, 0x00, 0x00, 0x00, 0x00, 0x00, 0x00, 0x00, 0x00,
    0x00, 0x00, 0x00, 0x00, 0x00, 0x00, 0x00, 0x00, 0x00, 0x00, 0x00, 0x00, 0x00, 0x00, 0x00, 0x00,
    0x00, 0x01, 0x02, 0x03, 0x04, 0x04, 0x03, 0x02, 0x01, 0x00, 0x00, 0x00, 0x00, 0x00, 0x00, 0x00,
    0x00, 0x00, 0x00, 0x00, 0x00, 0x00, 0x00, 0x00, 0x00, 0x00, 0x00, 0x00, 0x00, 0x00, 0x00, 0x00,
    0x00, 0x00, 0x00, 0x00, 0x00, 0x00, 0x00, 0x02, 0x03, 0x00, 0x00, 0x00, 0x00, 0x00, 0x00, 0x00,
    0x00, 0x03, 0x01, 0x00, 0x00, 0x00, 0x00, 0x00, 0x00, 0x00, 0x00, 0x00, 0x00, 0x00, 0x00, 0x00,
    0x00, 0x00, 0x00, 0x00, 0x00, 0x00, 0x00, 0x00, 0x00, 0x00, 0x00, 0x00, 0x00, 0x01, 0x03, 0x00,
    0x00, 0x09, 0x32, 0x56, 0x6b, 0x66, 0x4d, 0x27, 0x00, 0x00, 0x00, 0x03, 0x00, 0x00, 0x00, 0x00,
    0x00, 0x00, 0x00, 0x00, 0x00, 0x00, 0x00, 0x00, 0x00, 0x00, 0x00, 0x00, 0x00, 0x00, 0x00, 0x00,
    0x00, 0x00, 0x00, 0x00, 0x01, 0x00, 0x00, 0x2d, 0x97, 0xde, 0xff, 0xff, 0xff, 0xff, 0xff, 0xfa,
    0xcf, 0x74, 0x15, 0x00, 0x02, 0x00, 0x00, 0x00, 0x00, 0x00, 0x00, 0x00, 0x00, 0x00, 0x00, 0x00,
    0x00, 0x00, 0x00, 0x00, 0x00, 0x00, 0x00, 0x00, 0x00, 0x00, 0x00, 0x02, 0x00, 0x04, 0x85, 0xf8,
    0xff, 0xff, 0xfe, 0xff, 0xff, 0xff, 0xfe, 0xfd, 0xff, 0xff, 0xe8, 0x66, 0x00, 0x02, 0x01, 0x00,
    0x00, 0x00, 0x00, 0x00, 0x00, 0x00, 0x00, 0x00, 0x00, 0x00, 0x00, 0x00, 0x00, 0x00, 0x00, 0x00,
    0x00, 0x00, 0x01, 0x00, 0x14, 0xc1, 0xff, 0xfd, 0xfe, 0xff, 0xff, 0xe9, 0xd8, 0xe3, 0xfa, 0xff,
    0xff, 0xf9, 0xff, 0xff, 0x95, 0x00, 0x03, 0x01, 0x00, 0x00, 0x00, 0x00, 0x00, 0x00, 0x00, 0x00,
    0x00, 0x00, 0x00, 0x00, 0x00, 0x00, 0x00, 0x00, 0x00, 0x01, 0x03, 0x0d, 0xc7, 0xff, 0xf7, 0xff,
    0xf4, 0x95, 0x3e, 0x10, 0x04, 0x0b, 0x25, 0x5a, 0xb8, 0xff, 0xff, 0xf9, 0xff, 0x86, 0x00, 0x03,
    0x00, 0x00, 0x00, 0x00, 0x00, 0x00, 0x00, 0x00, 0x00, 0x00, 0x00, 0x00, 0x00, 0x00, 0x00, 0x00,
    0x02, 0x07, 0x00, 0x98, 0xff, 0xf7, 0xff, 0xc1, 0x29, 0x00, 0x00, 0x00, 0x00, 0x00, 0x00, 0x00,
    0x00, 0x5d, 0xef, 0xff, 0xf9, 0xff, 0x48, 0x00, 0x03, 0x00, 0x00, 0x00, 0x00, 0x00, 0x00, 0x00,
    0x00, 0x00, 0x00, 0x00, 0x00, 0x00, 0x02, 0x01, 0x00, 0x00, 0x2f, 0xfd, 0xf9, 0xff, 0xbb, 0x05,
    0x00, 0x04, 0x03, 0x01, 0x01, 0x01, 0x02, 0x04, 0x03, 0x00, 0x37, 0xf3, 0xfb, 0xfe, 0xd8, 0x07,
    0x01, 0x00, 0x00, 0x00, 0x00, 0x00, 0x00, 0x00, 0x00, 0x00, 0x00, 0x00, 0x00, 0x03, 0x00, 0x00,
    0x2c, 0x69, 0xc7, 0xfe, 0xfc, 0xed, 0x18, 0x00, 0x04, 0x00, 0x00, 0x00, 0x00, 0x00, 0x00, 0x00,
    0x00, 0x06, 0x00, 0x69, 0xff, 0xfa, 0xff, 0x4e, 0x00, 0x03, 0x00, 0x00, 0x00, 0x00, 0x00, 0x00,
    0x00, 0x00, 0x00, 0x00, 0x03, 0x00, 0x3a, 0xb7, 0xfc, 0xff, 0xff, 0xf7, 0xfd, 0x95, 0x00, 0x04,
    0x00, 0x00, 0x00, 0x00, 0x00, 0x00, 0x00, 0x00, 0x00, 0x01, 0x02, 0x05, 0xdc, 0xfe, 0xfe, 0x9e,
    0x03, 0x05, 0x00, 0x00, 0x00, 0x00, 0x00, 0x00, 0x00, 0x00, 0x00, 0x03, 0x00, 0x6e, 0xfc, 0xff,
    0xfc, 0xfe, 0xff, 0xff, 0xff, 0x3e, 0x01, 0x03, 0x00, 0x00, 0x00, 0x00, 0x00, 0x00, 0x00, 0x00,
    0x00, 0x00, 0x04, 0x00, 0x94, 0xff, 0xff, 0xc4, 0x00, 0x00, 0x02, 0x03, 0x00, 0x00, 0x00, 0x00,
    0x00, 0x00, 0x03, 0x00, 0x77, 0xff, 0xfd, 0xfc, 0xff, 0xf6, 0xcb, 0xb5, 0x74, 0x02, 0x01, 0x00,
    0x00, 0x00, 0x00, 0x00, 0x00, 0x00, 0x00, 0x00, 0x00, 0x00, 0x04, 0x01, 0x78, 0xff, 0xfe, 0xde,
    0x41, 0x21, 0x00, 0x00, 0x02, 0x00, 0x00, 0x00, 0x00, 0x03, 0x00, 0x4e, 0xff, 0xf9, 0xff, 0xf9,
    0x85, 0x21, 0x00, 0x00, 0x00, 0x00, 0x00, 0x00, 0x00, 0x00, 0x00, 0x00, 0x00, 0x00, 0x00, 0x00,
    0x00, 0x00, 0x04, 0x00, 0x8f, 0xfd, 0xfa, 0xff, 0xff, 0xf6, 0xb8, 0x44, 0x00, 0x02, 0x00, 0x00,
    0x01, 0x01, 0x0a, 0xda, 0xfe, 0xfb, 0xf4, 0x42, 0x00, 0x00, 0x01, 0x03, 0x03, 0x00, 0x00, 0x00,
    0x00, 0x00, 0x00, 0x00, 0x00, 0x00, 0x00, 0x00, 0x00, 0x00, 0x03, 0x00, 0xa7, 0xff, 0xff, 0xff,
    0xfe, 0xfd, 0xff, 0xff, 0x86, 0x00, 0x03, 0x01, 0x04, 0x00, 0x50, 0xff, 0xfa, 0xff, 0x62, 0x00,
    0x06, 0x02, 0x00, 0x00, 0x00, 0x00, 0x00, 0x00, 0x00, 0x00, 0x00, 0x00, 0x01, 0x03, 0x02, 0x00,
    0x00, 0x00, 0x02, 0x00, 0x39, 0xd6, 0xed, 0xee, 0xf9, 0xff, 0xfe, 0xfb, 0xff, 0x7c, 0x00, 0x03,
    0x04, 0x00, 0x9d, 0xfe, 0xff, 0xd5, 0x01, 0x03, 0x01, 0x00, 0x00, 0x00, 0x00, 0x00, 0x00, 0x00,
    0x00, 0x00, 0x00, 0x00, 0x00, 0x00, 0x00, 0x01, 0x00, 0x00, 0x00, 0x00, 0x00, 0x04, 0x11, 0x11,
    0x25, 0x74, 0xf5, 0xff, 0xfa, 0xff, 0x33, 0x00, 0x02, 0x00, 0xc2, 0xff, 0xff, 0x97, 0x00, 0x04,
    0x00, 0x00, 0x00, 0x00, 0x00, 0x00, 0x00, 0x00, 0x00, 0x00, 0x01, 0x00, 0x07, 0x48, 0x22, 0x00,
    0x01, 0x00, 0x00, 0x00, 0x02, 0x00, 0x00, 0x00, 0x00, 0x00, 0x3f, 0xf5, 0xfb, 0xff, 0xa5, 0x00,
    0x00, 0x00, 0xcc, 0xff, 0xff, 0x82, 0x01, 0x04, 0x00, 0x00, 0x00, 0x00, 0x00, 0x00, 0x00, 0x00,
    0x00, 0x00, 0x02, 0x00, 0xb4, 0xff, 0xec, 0x24, 0x00, 0x01, 0x00, 0x00, 0x00, 0x01, 0x01, 0x01,
    0x02, 0x07, 0x00, 0x8b, 0xff, 0xff, 0xe4, 0x0e, 0x02, 0x00, 0xc0, 0xff, 0xff, 0x95, 0x00, 0x04,
    0x00, 0x00, 0x00, 0x00, 0x00, 0x00, 0x00, 0x00, 0x00, 0x03, 0x00, 0x4a, 0xff, 0xf8, 0xff, 0x50,
    0x00, 0x03, 0x00, 0x00, 0x00, 0x00, 0x00, 0x00, 0x00, 0x03, 0x02, 0x41, 0xff, 0xff, 0xf8, 0x2b,
    0x04, 0x00, 0x99, 0xfe, 0xff, 0xd5, 0x02, 0x03, 0x01, 0x00, 0x00, 0x00, 0x00, 0x00, 0x00, 0x00,
    0x00, 0x02, 0x01, 0xc7, 0xfe, 0xfd, 0xe2, 0x0f, 0x01, 0x01, 0x00, 0x00, 0x00, 0x00, 0x00, 0x00,
    0x00, 0x03, 0x01, 0x35, 0xff, 0xff, 0xf9, 0x2f, 0x04, 0x00, 0x4e, 0xff, 0xfa, 0xff, 0x65, 0x00,
    0x06, 0x01, 0x00, 0x00, 0x00, 0x00, 0x00, 0x00, 0x04, 0x00, 0x4a, 0xff, 0xfa, 0xff, 0x70, 0x00,
    0x04, 0x00, 0x00, 0x00, 0x00, 0x00, 0x00, 0x00, 0x00, 0x06, 0x00, 0x63, 0xff, 0xff, 0xef, 0x19,
    0x01, 0x01, 0x09, 0xd8, 0xfe, 0xfb, 0xf4, 0x43, 0x00, 0x00, 0x02, 0x03, 0x03, 0x00, 0x00, 0x00,
    0x02, 0x01, 0xc7, 0xfe, 0xfe, 0xe6, 0x0f, 0x05, 0x03, 0x00, 0x00, 0x00, 0x01, 0x04, 0x03, 0x03,
    0x03, 0x00, 0x0b, 0xd7, 0xfd, 0xfd, 0xc5, 0x01, 0x00, 0x03, 0x00, 0x49, 0xff, 0xfa, 0xfe, 0xfa,
    0x78, 0x16, 0x00, 0x00, 0x00, 0x00, 0x00, 0x04, 0x00, 0x49, 0xff, 0xfa, 0xff, 0x63, 0x00, 0x00,
    0x00, 0x00, 0x00, 0x00, 0x00, 0x00, 0x00, 0x00, 0x00, 0x24, 0xbf, 0xff, 0xf8, 0xff, 0x5d, 0x00,
    0x00, 0x00, 0x03, 0x00, 0x75, 0xff, 0xfc, 0xfc, 0xff, 0xec, 0xbf, 0xaf, 0x63, 0x00, 0x01, 0x02,
    0x01, 0xc6, 0xff, 0xfc, 0xfe, 0xb7, 0xaf, 0xa3, 0x33, 0x00, 0x03, 0x00, 0x0f, 0x8c, 0xb0, 0xaf,
    0xc1, 0xf4, 0xff, 0xf7, 0xff, 0xbd, 0x03, 0x02, 0x00, 0x00, 0x00, 0x03, 0x00, 0x73, 0xfd, 0xff,
    0xfc, 0xff, 0xff, 0xff, 0xff, 0x38, 0x00, 0x00, 0x42, 0xff, 0xfa, 0xfc, 0xfd, 0xff, 0xff, 0xff,
    0xda, 0x06, 0x03, 0x00, 0x8a, 0xff, 0xff, 0xff, 0xff, 0xfe, 0xfc, 0xff, 0xd1, 0x15, 0x01, 0x02,
    0x00, 0x00, 0x00, 0x00, 0x03, 0x00, 0x3a, 0xb4, 0xfe, 0xff, 0xff, 0xff, 0xff, 0x3d, 0x00, 0x00,
    0x3b, 0xff, 0xff, 0xff, 0xff, 0xfc, 0xfa, 0xfa, 0xdd, 0x07, 0x02, 0x00, 0x90, 0xff, 0xff, 0xff,
    0xff, 0xff, 0xfb, 0x9f, 0x12, 0x00, 0x02, 0x00, 0x00, 0x00, 0x00, 0x00, 0x00, 0x03, 0x00, 0x00,
    0x2d, 0x69, 0x90, 0xa8, 0x65, 0x00, 0x01, 0x02, 0x00, 0x61, 0xae, 0xac, 0xd0, 0xff, 0xfa, 0xff,
    0x72, 0x00, 0x05, 0x00, 0x11, 0x8c, 0xb0, 0xac, 0x96, 0x6b, 0x2b, 0x00, 0x00, 0x02, 0x00, 0x00,
    0x00, 0x00, 0x00, 0x00, 0x00, 0x00, 0x02, 0x02, 0x00, 0x00, 0x00, 0x00, 0x00, 0x00, 0x00, 0x00,
    0x00, 0x00, 0x00, 0x00, 0xb8, 0xff, 0xfd, 0xe4, 0x0d, 0x01, 0x01, 0x00, 0x00, 0x00, 0x00, 0x00,
    0x00, 0x00, 0x00, 0x02, 0x01, 0x00, 0x00, 0x00, 0x00, 0x00, 0x00, 0x00, 0x00, 0x00, 0x00, 0x00,
    0x02, 0x04, 0x04, 0x03, 0x03, 0x00, 0x00, 0x00, 0x00, 0x07, 0x03, 0x4a, 0xff, 0xfa, 0xff, 0x72,
    0x00, 0x04, 0x00, 0x00, 0x01, 0x04, 0x03, 0x03, 0x04, 0x04, 0x02, 0x00, 0x00, 0x00, 0x00, 0x00,
    0x00, 0x00, 0x00, 0x00, 0x00, 0x00, 0x00, 0x00, 0x00, 0x00, 0x00, 0x00, 0x00, 0x00, 0x00, 0x00,
    0x00, 0x02, 0x00, 0xc4, 0xff, 0xfd, 0xe5, 0x0d, 0x01, 0x01, 0x00, 0x00, 0x00, 0x00, 0x00, 0x00,
    0x00, 0x00, 0x00, 0x00, 0x00, 0x00, 0x00, 0x00, 0x00, 0x00, 0x00, 0x00, 0x00, 0x00, 0x00, 0x00,
    0x00, 0x00, 0x00, 0x00, 0x00, 0x00, 0x00, 0x00, 0x03, 0x00, 0x48, 0xff, 0xf9, 0xff, 0x74, 0x00,
    0x04, 0x00, 0x00, 0x00, 0x00, 0x00, 0x00, 0x00, 0x00, 0x00, 0x00, 0x00, 0x00, 0x00, 0x00, 0x00,
    0x00, 0x00, 0x00, 0x00, 0x00, 0x00, 0x00, 0x00, 0x00, 0x00, 0x00, 0x00, 0x00, 0x00, 0x00, 0x00,
    0x04, 0x00, 0xa9, 0xfd, 0xfc, 0xe9, 0x0e, 0x01, 0x01, 0x00, 0x00, 0x00, 0x00, 0x00, 0x00, 0x00,
    0x00, 0x00, 0x00, 0x00, 0x00, 0x00, 0x00, 0x00, 0x00, 0x00, 0x00, 0x00, 0x00, 0x00, 0x00, 0x00,
    0x00, 0x00, 0x00, 0x00, 0x00, 0x00, 0x00, 0x00, 0x03, 0x00, 0x63, 0xff, 0xff, 0x67, 0x00, 0x03,
    0x00, 0x00, 0x00, 0x00, 0x00, 0x00, 0x00, 0x00, 0x00, 0x00, 0x00, 0x00, 0x00, 0x00, 0x00, 0x00,
    0x00, 0x00, 0x00, 0x00, 0x00, 0x00, 0x00, 0x00, 0x00, 0x00, 0x00, 0x00, 0x00, 0x00, 0x00, 0x00,
    0x00, 0x00, 0x00, 0x40, 0x3e, 0x00, 0x01, 0x00, 0x00, 0x00, 0x00, 0x00, 0x00, 0x00, 0x00, 0x00,
    0x00, 0x00, 0x00, 0x00, 0x00, 0x00, 0x00, 0x00, 0x00, 0x00, 0x00, 0x00, 0x00, 0x00, 0x00, 0x00,
    0x00, 0x00, 0x00, 0x00, 0x00, 0x00, 0x00, 0x00, 0x00, 0x00, 0x01, 0x00, 0x00, 0x01, 0x00, 0x00,
    0x00, 0x00, 0x00, 0x00, 0x00, 0x00, 0x00, 0x00, 0x00, 0x00, 0x00, 0x00, 0x00, 0x00, 0x00, 0x00,
};

/* cloud-storm 96px */
static const uint8_t icon_cloud_storm_96_map[] = {
    0x00, 0x00, 0x00, 0x00, 0x00, 0x00, 0x00, 0x00, 0x00, 0x00, 0x00, 0x00, 0x00, 0x00, 0x00, 0x00,
    0x00, 0x00, 0x00, 0x00, 0x00, 0x00, 0x00, 0x00, 0x00, 0x00, 0x00, 0x00, 0x00, 0x00, 0x00, 0x00,
    0x00, 0x00, 0x00, 0x00, 0x00, 0x00, 0x00, 0x00, 0x00, 0x00, 0x00, 0x00, 0x00, 0x00, 0x00, 0x00,
    0x00, 0x00, 0x00, 0x00, 0x00, 0x00, 0x00, 0x00, 0x00, 0x00, 0x00, 0x00, 0x00, 0x00, 0x00, 0x00,
    0x00, 0x00, 0x00, 0x00, 0x00, 0x00, 0x00, 0x00, 0x00, 0x00, 0x00, 0x00, 0x00, 0x00, 0x00, 0x00,
    0x00, 0x00, 0x00, 0x00, 0x00, 0x00, 0x00, 0x00, 0x00, 0x00, 0x00, 0x00, 0x00, 0x00, 0x00, 0x00,
    0x00, 0x00, 0x00, 0x00, 0x00, 0x00, 0x00, 0x00, 0x00, 0x00, 0x00, 0x00, 0x00, 0x00, 0x00, 0x00,
    0x00, 0x00, 0x00, 0x00, 0x00, 0x00, 0x00, 0x00, 0x00, 0x00, 0x00, 0x00, 0x00, 0x00, 0x00, 0x00,
    0x00, 0x00, 0x00, 0x00, 0x00, 0x00, 0x00, 0x00, 0x00, 0x00, 0x00, 0x00, 0x00, 0x00, 0x00, 0x00,
    0x00, 0x00, 0x00, 0x00, 0x00, 0x00, 0x00, 0x00, 0x00, 0x00, 0x00, 0x00, 0x00, 0x00, 0x00, 0x00,
    0x00, 0x00, 0x00, 0x00, 0x00, 0x00, 0x00, 0x00, 0x00, 0x00, 0x00, 0x00, 0x00, 0x00, 0x00, 0x00,
    0x00, 0x00, 0x00, 0x00, 0x00, 0x00, 0x00, 0x00, 0x00, 0x00, 0x00, 0x00, 0x00, 0x00, 0x00, 0x00,
    0x00, 0x00, 0x00, 0x00, 0x00, 0x00, 0x00, 0x00, 0x00, 0x00, 0x00, 0x00, 0x00, 0x00, 0x00, 0x00,
    0x00, 0x00, 0x00, 0x00, 0x00, 0x00, 0x00, 0x00, 0x00, 0x00, 0x00, 0x00, 0x00, 0x00, 0x00, 0x00,
    0x00, 0x00, 0x00, 0x00, 0x00, 0x00, 0x00, 0x00, 0x00, 0x00, 0x00, 0x00, 0x00, 0x00, 0x00, 0x00,
    0x00, 0x00, 0x00, 0x00, 0x00, 0x00, 0x00, 0x00, 0x00, 0x00, 0x00, 0x00, 0x00, 0x00, 0x00, 0x00,
    0x00, 0x00, 0x00, 0x00, 0x00, 0x00, 0x00, 0x00, 0x00, 0x00, 0x00, 0x00, 0x00, 0x00, 0x00, 0x00,
    0x00, 0x00, 0x00, 0x00, 0x00, 0x00, 0x00, 0x00, 0x00, 0x00, 0x00, 0x00, 0x00, 0x00, 0x00, 0x00,
    0x00, 0x00, 0x00, 0x00, 0x00, 0x00, 0x00, 0x00, 0x00, 0x00, 0x00, 0x00, 0x00, 0x00, 0x00, 0x00,
    0x00, 0x00, 0x00, 0x00, 0x00, 0x00, 0x00, 0x00, 0x00, 0x00, 0x00, 0x00, 0x00, 0x00, 0x00, 0x00,
    0x00, 0x00, 0x00, 0x00, 0x00, 0x00, 0x00, 0x00, 0x00, 0x00, 0x00, 0x00, 0x00, 0x00, 0x00, 0x00,
    0x00, 0x00, 0x00, 0x00, 0x00, 0x00, 0x00, 0x00, 0x00, 0x00, 0x00, 0x00, 0x00, 0x00, 0x00, 0x00,
    0x00, 0x00, 0x00, 0x00, 0x00, 0x00, 0x00, 0x00, 0x00, 0x00, 0x00, 0x00, 0x00, 0x00, 0x00, 0x00,
    0x00, 0x00, 0x00, 0x00, 0x00, 0x00, 0x00, 0x00, 0x00, 0x00, 0x00, 0x00, 0x00, 0x00, 0x00, 0x00,
    0x00, 0x00, 0x00, 0x00, 0x00, 0x00, 0x00, 0x00, 0x00, 0x00, 0x00, 0x00, 0x00, 0x00, 0x00, 0x00,
    0x00, 0x00, 0x00, 0x00, 0x00, 0x00, 0x00, 0x00, 0x00, 0x00, 0x00, 0x00, 0x00, 0x00, 0x00, 0x00,
    0x00, 0x00, 0x00, 0x00, 0x00, 0x00, 0x00, 0x00, 0x00, 0x00, 0x00, 0x00, 0x00, 0x00, 0x00, 0x00,
    0x00, 0x00, 0x00, 0x00, 0x00, 0x00, 0x00, 0x00, 0x00, 0x00, 0x00, 0x00, 0x00, 0x00, 0x00, 0x00,
    0x00, 0x00, 0x00, 0x00, 0x00, 0x00, 0x00, 0x00, 0x00, 0x00, 0x00, 0x00, 0x00, 0x00, 0x00, 0x00,
    0x00, 0x00, 0x00, 0x00, 0x00, 0x00, 0x00, 0x00, 0x00, 0x00, 0x00, 0x00, 0x00, 0x00, 0x00, 0x00,
    0x00, 0x00, 0x00, 0x00, 0x00, 0x00, 0x00, 0x00, 0x00, 0x00, 0x00, 0x00, 0x00, 0x00, 0x00, 0x00,
    0x00, 0x00, 0x00, 0x00, 0x00, 0x00, 0x00, 0x00, 0x00, 0x00, 0x00, 0x00, 0x00, 0x00, 0x00, 0x00,
    0x00, 0x00, 0x00, 0x00, 0x00, 0x00, 0x00, 0x00, 0x00, 0x00, 0x00, 0x00, 0x00, 0x00, 0x00, 0x00,
    0x00, 0x00, 0x00, 0x00, 0x00, 0x00, 0x00, 0x00, 0x00, 0x00, 0x00, 0x00, 0x00, 0x00, 0x00, 0x00,
    0x00, 0x00, 0x00, 0x00, 0x00, 0x00, 0x00, 0x00, 0x00, 0x00, 0x00, 0x00, 0x00, 0x00, 0x00, 0x00,
    0x00, 0x00, 0x00, 0x00, 0x00, 0x00, 0x00, 0x00, 0x00, 0x00, 0x00, 0x00, 0x00, 0x00, 0x00, 0x00,
    0x00, 0x00, 0x00, 0x00, 0x00, 0x00, 0x00, 0x00, 0x00, 0x00, 0x00, 0x00, 0x00, 0x00, 0x00, 0x00,
    0x00, 0x00, 0x00, 0x00, 0x00, 0x00, 0x00, 0x00, 0x00, 0x00, 0x00, 0x00, 0x00, 0x00, 0x00, 0x00,
    0x00, 0x00, 0x00, 0x00, 0x00, 0x00, 0x00, 0x00, 0x00, 0x00, 0x00, 0x00, 0x00, 0x00, 0x00, 0x00,
    0x00, 0x00, 0x00, 0x00, 0x00, 0x00, 0x00, 0x00, 0x00, 0x00, 0x00, 0x00, 0x00, 0x00, 0x00, 0x00,
    0x00, 0x00, 0x00, 0x00, 0x00, 0x00, 0x00, 0x00, 0x00, 0x00, 0x00, 0x00, 0x00, 0x00, 0x00, 0x00,
    0x00, 0x00, 0x00, 0x00, 0x00, 0x00, 0x00, 0x00, 0x00, 0x00, 0x00, 0x00, 0x00, 0x00, 0x00, 0x00,
    0x00, 0x00, 0x00, 0x00, 0x00, 0x00, 0x00, 0x00, 0x00, 0x00, 0x00, 0x00, 0x00, 0x00, 0x00, 0x00,
    0x00, 0x00, 0x00, 0x00, 0x00, 0x00, 0x00, 0x00, 0x00, 0x00, 0x00, 0x00, 0x00, 0x00, 0x00, 0x00,
    0x00, 0x00, 0x00, 0x00, 0x00, 0x00, 0x00, 0x00, 0x00, 0x00, 0x00, 0x00, 0x00, 0x00, 0x00, 0x00,
    0x00, 0x00, 0x00, 0x00, 0x00, 0x00, 0x00, 0x00, 0x00, 0x00, 0x00, 0x00, 0x00, 0x00, 0x00, 0x00,
    0x00, 0x00, 0x00, 0x00, 0x00, 0x00, 0x00, 0x00, 0x00, 0x00, 0x00, 0x00, 0x00, 0x00, 0x00, 0x00,
    0x00, 0x00, 0x00, 0x00, 0x00, 0x00, 0x00, 0x00, 0x00, 0x00, 0x00, 0x00, 0x00, 0x00, 0x00, 0x00,
    0x00, 0x00, 0x00, 0x00, 0x00, 0x00, 0x00, 0x00, 0x00, 0x00, 0x00, 0x00, 0x00, 0x00, 0x00, 0x00,
    0x00, 0x00, 0x00, 0x00, 0x00, 0x00, 0x00, 0x00, 0x00, 0x00, 0x00, 0x00, 0x00, 0x00, 0x00, 0x00,
    0x00, 0x00, 0x00, 0x00, 0x00, 0x00, 0x00, 0x00, 0x00, 0x00, 0x00, 0x00, 0x00, 0x00, 0x00, 0x00,
    0x00, 0x00, 0x00, 0x00, 0x00, 0x00, 0x00, 0x00, 0x00, 0x00, 0x00, 0x00, 0x00, 0x00, 0x00, 0x00,
    0x00, 0x00, 0x00, 0x00, 0x00, 0x00, 0x00, 0x00, 0x00, 0x00, 0x00, 0x00, 0x00, 0x00, 0x00, 0x00,
    0x00, 0x00, 0x00, 0x00, 0x00, 0x00, 0x00, 0x00, 0x00, 0x00, 0x00, 0x00, 0x00, 0x00, 0x00, 0x00,
    0x00, 0x00, 0x00, 0x00, 0x00, 0x00, 0x00, 0x00, 0x00, 0x00, 0x00, 0x00, 0x00, 0x00, 0x00, 0x00,
    0x00, 0x00, 0x00, 0x00, 0x00, 0x00, 0x00, 0x00, 0x00, 0x00, 0x00, 0x00, 0x00, 0x00, 0x00, 0x00,
    0x00, 0x00, 0x00, 0x00, 0x00, 0x00, 0x00, 0x00, 0x00, 0x00, 0x00, 0x00, 0x00, 0x00, 0x00, 0x00,
    0x00, 0x00, 0x00, 0x00, 0x00, 0x00, 0x00, 0x00, 0x00, 0x00, 0x00, 0x00, 0x00, 0x00, 0x00, 0x00,
    0x00, 0x00, 0x00, 0x00, 0x00, 0x00, 0x00, 0x00, 0x00, 0x00, 0x00, 0x00, 0x00, 0x00, 0x00, 0x00,
    0x00, 0x00, 0x00, 0x00, 0x00, 0x00, 0x00, 0x00, 0x00, 0x00, 0x00, 0x00, 0x00, 0x00, 0x00, 0x00,
    0x00, 0x00, 0x00, 0x00, 0x00, 0x00, 0x00, 0x00, 0x00, 0x00, 0x00, 0x00, 0x00, 0x00, 0x00, 0x00,
    0x00, 0x00, 0x00, 0x00, 0x00, 0x00, 0x00, 0x00, 0x00, 0x00, 0x00, 0x00, 0x00, 0x00, 0x00, 0x00,
    0x00, 0x00, 0x00, 0x00, 0x00, 0x00, 0x00, 0x00, 0x00, 0x00, 0x00, 0x00, 0x00, 0x00, 0x00, 0x00,
    0x00, 0x00, 0x00, 0x00, 0x00, 0x00, 0x00, 0x00, 0x00, 0x00, 0x00, 0x00, 0x00, 0x00, 0x00, 0x00,
    0x00, 0x00, 0x00, 0x00, 0x00, 0x00, 0x00, 0x00, 0x00, 0x00, 0x00, 0x00, 0x00, 0x00, 0x00, 0x00,
    0x00, 0x00, 0x00, 0x00, 0x00, 0x00, 0x00, 0x00, 0x00, 0x00, 0x00, 0x00, 0x00, 0x00, 0x00, 0x00,
    0x00, 0x00, 0x00, 0x00, 0x00, 0x00, 0x00, 0x00, 0x00, 0x00, 0x00, 0x00, 0x00, 0x00, 0x00, 0x00,
    0x00, 0x00, 0x00, 0x00, 0x00, 0x00, 0x00, 0x00, 0x00, 0x00, 0x00, 0x00, 0x00, 0x00, 0x00, 0x00,
    0x00, 0x00, 0x00, 0x00, 0x00, 0x00, 0x00, 0x00, 0x00, 0x00, 0x00, 0x00, 0x00, 0x00, 0x00, 0x00,
    0x00, 0x00, 0x00, 0x00, 0x00, 0x00, 0x00, 0x00, 0x00, 0x00, 0x00, 0x00, 0x00, 0x00, 0x00, 0x00,
    0x00, 0x00, 0x00, 0x00, 0x00, 0x00, 0x00, 0x00, 0x00, 0x00, 0x00, 0x00, 0x00, 0x00, 0x00, 0x00,
    0x00, 0x00, 0x00, 0x00, 0x00, 0x00, 0x00, 0x00, 0x00, 0x00, 0x00, 0x00, 0x00, 0x00, 0x00, 0x00,
    0x00, 0x00, 0x00, 0x00, 0x00, 0x00, 0x00, 0x00, 0x00, 0x00, 0x00, 0x00, 0x00, 0x00, 0x00, 0x00,
    0x00, 0x00, 0x00, 0x00, 0x00, 0x00, 0x00, 0x00, 0x00, 0x00, 0x00, 0x00, 0x00, 0x00, 0x00, 0x00,
    0x00, 0x00, 0x00, 0x00, 0x00, 0x00, 0x00, 0x00, 0x00, 0x00, 0x00, 0x00, 0x00, 0x00, 0x00, 0x00,
    0x00, 0x00, 0x00, 0x00, 0x00, 0x00, 0x00, 0x00, 0x00, 0x00, 0x00, 0x00, 0x00, 0x00, 0x00, 0x00,
    0x00, 0x00, 0x00, 0x00, 0x00, 0x00, 0x00, 0x00, 0x00, 0x00, 0x00, 0x00, 0x00, 0x00, 0x00, 0x00,
    0x00, 0x00, 0x00, 0x00, 0x00, 0x00, 0x00, 0x00, 0x00, 0x00, 0x00, 0x00, 0x00, 0x00, 0x00, 0x00,
    0x00, 0x00, 0x00, 0x00, 0x00, 0x00, 0x00, 0x00, 0x00, 0x00, 0x00, 0x00, 0x00, 0x00, 0x00, 0x00,
    0x00, 0x00, 0x00, 0x00, 0x00, 0x00, 0x00, 0x00, 0x00, 0x00, 0x00, 0x00, 0x00, 0x00, 0x00, 0x00,
    0x00, 0x00, 0x00, 0x00, 0x00, 0x00, 0x00, 0x00, 0x00, 0x00, 0x00, 0x00, 0x00, 0x00, 0x01, 0x02,
    0x02, 0x02, 0x02, 0x02, 0x02, 0x01, 0x00, 0x00, 0x00, 0x00, 0x00, 0x00, 0x00, 0x00, 0x00, 0x00,
    0x00, 0x00, 0x00, 0x00, 0x00, 0x00, 0x00, 0x00, 0x00, 0x00, 0x00, 0x00, 0x00, 0x00, 0x00, 0x00,
    0x00, 0x00, 0x00, 0x00, 0x00, 0x00, 0x00, 0x00, 0x00, 0x00, 0x00, 0x00, 0x00, 0x00, 0x00, 0x00,
    0x00, 0x00, 0x00, 0x00, 0x00, 0x00, 0x00, 0x00, 0x00, 0x00, 0x00, 0x00, 0x00, 0x00, 0x00, 0x00,
    0x00, 0x00, 0x00, 0x00, 0x00, 0x00, 0x00, 0x00, 0x00, 0x00, 0x00, 0x00, 0x00, 0x00, 0x00, 0x00,
    0x00, 0x00, 0x00, 0x00, 0x00, 0x00, 0x00, 0x00, 0x00, 0x01, 0x02, 0x04, 0x03, 0x01, 0x00, 0x00,
    0x00, 0x00, 0x00, 0x00, 0x00, 0x00, 0x00, 0x03, 0x04, 0x03, 0x01, 0x00, 0x00, 0x00, 0x00, 0x00,
    0x00, 0x00, 0x00, 0x00, 0x00, 0x00, 0x00, 0x00, 0x00, 0x00, 0x00, 0x00, 0x00, 0x00, 0x00, 0x00,
    0x00, 0x00, 0x00, 0x00, 0x00, 0x00, 0x00, 0x00, 0x00, 0x00, 0x00, 0x00, 0x00, 0x00, 0x00, 0x00,
    0x00, 0x00, 0x00, 0x00, 0x00, 0x00, 0x00, 0x00, 0x00, 0x00, 0x00, 0x00, 0x00, 0x00, 0x00, 0x00,
    0x00, 0x00, 0x00, 0x00, 0x00, 0x00, 0x00, 0x00, 0x00, 0x00, 0x00, 0x00, 0x00, 0x00, 0x00, 0x00,
    0x00, 0x00, 0x00, 0x00, 0x00, 0x00, 0x00, 0x02, 0x04, 0x00, 0x00, 0x00, 0x00, 0x00, 0x0d, 0x22,
    0x2e, 0x33, 0x31, 0x27, 0x1c, 0x0c, 0x00, 0x00, 0x00, 0x00, 0x00, 0x04, 0x02, 0x00, 0x00, 0x00,
    0x00, 0x00, 0x00, 0x00, 0x00, 0x00, 0x00, 0x00, 0x00, 0x00, 0x00, 0x00, 0x00, 0x00, 0x00, 0x00,
    0x00, 0x00, 0x00, 0x00, 0x00, 0x00, 0x00, 0x00, 0x00, 0x00, 0x00, 0x00, 0x00, 0x00, 0x00, 0x00,
    0x00, 0x00, 0x00, 0x00, 0x00, 0x00, 0x00, 0x00, 0x00, 0x00, 0x00, 0x00, 0x00, 0x00, 0x00, 0x00,
    0x00, 0x00, 0x00, 0x00, 0x00, 0x00, 0x00, 0x00, 0x00, 0x00, 0x00, 0x00, 0x00, 0x00, 0x00, 0x00,
    0x00, 0x00, 0x00, 0x00, 0x00, 0x03, 0x01, 0x00, 0x00, 0x03, 0x34, 0x6b, 0x9e, 0xcb, 0xe7, 0xf9,
    0xff, 0xff, 0xff, 0xfb, 0xf5, 0xe6, 0xcc, 0xa9, 0x71, 0x38, 0x05, 0x00, 0x00, 0x01, 0x03, 0x00,
    0x00, 0x00, 0x00, 0x00, 0x00, 0x00, 0x00, 0x00, 0x00, 0x00, 0x00, 0x00, 0x00, 0x00, 0x00, 0x00,
    0x00, 0x00, 0x00, 0x00, 0x00, 0x00, 0x00, 0x00, 0x00, 0x00, 0x00, 0x00, 0x00, 0x00, 0x00, 0x00,
    0x00, 0x00, 0x00, 0x00, 0x00, 0x00, 0x00, 0x00, 0x00, 0x00, 0x00, 0x00, 0x00, 0x00, 0x00, 0x00,
    0x00, 0x00, 0x00, 0x00, 0x00, 0x00, 0x00, 0x00, 0x00, 0x00, 0x00, 0x00, 0x00, 0x00, 0x00, 0x00,
    0x00, 0x00, 0x00, 0x03, 0x01, 0x00, 0x00, 0x35, 0x8f, 0xd6, 0xff, 0xff, 0xff, 0xff, 0xff, 0xff,
    0xff, 0xff, 0xff, 0xff, 0xff, 0xff, 0xff, 0xff, 0xff, 0xff, 0xd9, 0x95, 0x3a, 0x00, 0x00, 0x01,
    0x03, 0x00, 0x00, 0x00, 0x00, 0x00, 0x00, 0x00, 0x00, 0x00, 0x00, 0x00, 0x00, 0x00, 0x00, 0x00,
    0x00, 0x00, 0x00, 0x00, 0x00, 0x00, 0x00, 0x00, 0x00, 0x00, 0x00, 0x00, 0x00, 0x00, 0x00, 0x00,
    0x00, 0x00, 0x00, 0x00, 0x00, 0x00, 0x00, 0x00, 0x00, 0x00, 0x00, 0x00, 0x00, 0x00, 0x00, 0x00,
    0x00, 0x00, 0x00, 0x00, 0x00, 0x00, 0x00, 0x00, 0x00, 0x00, 0x00, 0x00, 0x00, 0x00, 0x00, 0x00,
    0x00, 0x01, 0x03, 0x00, 0x00, 0x4e, 0xbb, 0xff, 0xff, 0xff, 0xff, 0xfb, 0xfb, 0xfc, 0xfe, 0xfe,
    0xfe, 0xff, 0xff, 0xfe, 0xfe, 0xfe, 0xfd, 0xfc, 0xfb, 0xfe, 0xff, 0xff, 0xff, 0xc2, 0x56, 0x00,
    0x00, 0x03, 0x01, 0x00, 0x00, 0x00, 0x00, 0x00, 0x00, 0x00, 0x00, 0x00, 0x00, 0x00, 0x00, 0x00,
    0x00, 0x00, 0x00, 0x00, 0x00, 0x00, 0x00, 0x00, 0x00, 0x00, 0x00, 0x00, 0x00, 0x00, 0x00, 0x00,
    0x00, 0x00, 0x00, 0x00, 0x00, 0x00, 0x00, 0x00, 0x00, 0x00, 0x00, 0x00, 0x00, 0x00, 0x00, 0x00,
    0x00, 0x00, 0x00, 0x00, 0x00, 0x00, 0x00, 0x00, 0x00, 0x00, 0x00, 0x00, 0x00, 0x00, 0x00, 0x00,
    0x02, 0x00, 0x00, 0x3e, 0xbc, 0xff, 0xff, 0xff, 0xfb, 0xfd, 0xff, 0xff, 0xff, 0xff, 0xff, 0xff,
    0xff, 0xff, 0xff, 0xff, 0xff, 0xff, 0xff, 0xff, 0xff, 0xff, 0xfd, 0xfb, 0xfe, 0xff, 0xff, 0xc0,
    0x3d, 0x00, 0x00, 0x02, 0x00, 0x00, 0x00, 0x00, 0x00, 0x00, 0x00, 0x00, 0x00, 0x00, 0x00, 0x00,
    0x00, 0x00, 0x00, 0x00, 0x00, 0x00, 0x00, 0x00, 0x00, 0x00, 0x00, 0x00, 0x00, 0x00, 0x00, 0x00,
    0x00, 0x00, 0x00, 0x00, 0x00, 0x00, 0x00, 0x00, 0x00, 0x00, 0x00, 0x00, 0x00, 0x00, 0x00, 0x00,
    0x00, 0x00, 0x00, 0x00, 0x00, 0x00, 0x00, 0x00, 0x00, 0x00, 0x00, 0x00, 0x00, 0x00, 0x00, 0x03,
    0x00, 0x0c, 0x8f, 0xff, 0xff, 0xfd, 0xfc, 0xff, 0xff, 0xff, 0xff, 0xff, 0xff, 0xff, 0xff, 0xff,
    0xff, 0xff, 0xff, 0xff, 0xff, 0xff, 0xff, 0xff, 0xff, 0xff, 0xff, 0xff, 0xff, 0xfc, 0xfc, 0xff,
    0xfe, 0x8e, 0x0b, 0x00, 0x03, 0x00, 0x00, 0x00, 0x00, 0x00, 0x00, 0x00, 0x00, 0x00, 0x00, 0x00,
    0x00, 0x00, 0x00, 0x00, 0x00, 0x00, 0x00, 0x00, 0x00, 0x00, 0x00, 0x00, 0x00, 0x00, 0x00, 0x00,
    0x00, 0x00, 0x00, 0x00, 0x00, 0x00, 0x00, 0x00, 0x00, 0x00, 0x00, 0x00, 0x00, 0x00, 0x00, 0x00,
    0x00, 0x00, 0x00, 0x00, 0x00, 0x00, 0x00, 0x00, 0x00, 0x00, 0x00, 0x00, 0x00, 0x00, 0x04, 0x00,
    0x2f, 0xd3, 0xff, 0xfe, 0xfc, 0xff, 0xff, 0xff, 0xff, 0xff, 0xff, 0xff, 0xff, 0xff, 0xfe, 0xfd,
    0xfd, 0xfc, 0xfc, 0xfc, 0xfd, 0xfe, 0xff, 0xff, 0xff, 0xff, 0xff, 0xff, 0xff, 0xff, 0xff, 0xfc,
    0xfe, 0xff, 0xd0, 0x2a, 0x00, 0x04, 0x00, 0x00, 0x00, 0x00, 0x00, 0x00, 0x00, 0x00, 0x00, 0x00,
    0x00, 0x00, 0x00, 0x00, 0x00, 0x00, 0x00, 0x00, 0x00, 0x00, 0x00, 0x00, 0x00, 0x00, 0x00, 0x00,
    0x00, 0x00, 0x00, 0x00, 0x00, 0x00, 0x00, 0x00, 0x00, 0x00, 0x00, 0x00, 0x00, 0x00, 0x00, 0x00,
    0x00, 0x00, 0x00, 0x00, 0x00, 0x00, 0x00, 0x00, 0x00, 0x00, 0x00, 0x00, 0x00, 0x04, 0x00, 0x4e,
    0xf1, 0xff, 0xfb, 0xff, 0xff, 0xff, 0xff, 0xff, 0xff, 0xff, 0xff, 0xfc, 0xfb, 0xfd, 0xff, 0xff,
    0xff, 0xff, 0xff, 0xff, 0xff, 0xff, 0xfc, 0xfb, 0xfd, 0xff, 0xff, 0xff, 0xff, 0xff, 0xff, 0xff,
    0xff, 0xfb, 0xff, 0xef, 0x4e, 0x00, 0x04, 0x00, 0x00, 0x00, 0x00, 0x00, 0x00, 0x00, 0x00, 0x00,
    0x00, 0x00, 0x00, 0x00, 0x00, 0x00, 0x00, 0x00, 0x00, 0x00, 0x00, 0x00, 0x00, 0x00, 0x00, 0x00,
    0x00, 0x00, 0x00, 0x00, 0x00, 0x00, 0x00, 0x00, 0x00, 0x00, 0x00, 0x00, 0x00, 0x00, 0x00, 0x00,
    0x00, 0x00, 0x00, 0x00, 0x00, 0x00, 0x00, 0x00, 0x00, 0x00, 0x00, 0x00, 0x04, 0x00, 0x55, 0xfe,
    0xff, 0xfc, 0xff, 0xff, 0xff, 0xff, 0xff, 0xff, 0xff, 0xfc, 0xff, 0xff, 0xff, 0xff, 0xf5, 0xde,
    0xcf, 0xc1, 0xc1, 0xc9, 0xe2, 0xf9, 0xff, 0xff, 0xff, 0xff, 0xfb, 0xfe, 0xff, 0xff, 0xff, 0xff,
    0xff, 0xff, 0xfc, 0xff, 0xfe, 0x56, 0x00, 0x04, 0x00, 0x00, 0x00, 0x00, 0x00, 0x00, 0x00, 0x00,
    0x00, 0x00, 0x00, 0x00, 0x00, 0x00, 0x00, 0x00, 0x00, 0x00, 0x00, 0x00, 0x00, 0x00, 0x00, 0x00,
    0x00, 0x00, 0x00, 0x00, 0x00, 0x00, 0x00, 0x00, 0x00, 0x00, 0x00, 0x00, 0x00, 0x00, 0x00, 0x00,
    0x00, 0x00, 0x00, 0x00, 0x00, 0x00, 0x00, 0x00, 0x00, 0x00, 0x00, 0x03, 0x00, 0x52, 0xfd, 0xfd,
    0xfd, 0xff, 0xff, 0xff, 0xff, 0xff, 0xff, 0xfc, 0xff, 0xff, 0xff, 0xc7, 0x7a, 0x47, 0x1d, 0x08,
    0x00, 0x00, 0x00, 0x00, 0x0a, 0x24, 0x52, 0x8f, 0xd1, 0xff, 0xff, 0xff, 0xfc, 0xff, 0xff, 0xff,
    0xff, 0xff, 0xff, 0xfd, 0xfd, 0xfe, 0x51, 0x00, 0x04, 0x00, 0x00, 0x00, 0x00, 0x00, 0x00, 0x00,
    0x00, 0x00, 0x00, 0x00, 0x00, 0x00, 0x00, 0x00, 0x00, 0x00, 0x00, 0x00, 0x00, 0x00, 0x00, 0x00,
    0x00, 0x00, 0x00, 0x00, 0x00, 0x00, 0x00, 0x00, 0x00, 0x00, 0x00, 0x00, 0x00, 0x00, 0x00, 0x00,
    0x00, 0x00, 0x00, 0x00, 0x00, 0x00, 0x00, 0x00, 0x00, 0x00, 0x02, 0x00, 0x33, 0xf7, 0xfe, 0xfd,
    0xff, 0xff, 0xff, 0xff, 0xff, 0xfe, 0xfc, 0xff, 0xfe, 0xa6, 0x37, 0x00, 0x00, 0x00, 0x00, 0x00,
    0x00, 0x02, 0x02, 0x01, 0x00, 0x00, 0x00, 0x00, 0x01, 0x38, 0x96, 0xf1, 0xff, 0xfd, 0xfe, 0xff,
    0xff, 0xff, 0xff, 0xff, 0xfd, 0xfe, 0xf4, 0x31, 0x00, 0x02, 0x00, 0x00, 0x00, 0x00, 0x00, 0x00,
    0x00, 0x00, 0x00, 0x00, 0x00, 0x00, 0x00, 0x00, 0x00, 0x00, 0x00, 0x00, 0x00, 0x00, 0x00, 0x00,
    0x00, 0x00, 0x00, 0x00, 0x00, 0x00, 0x00, 0x00, 0x00, 0x00, 0x00, 0x00, 0x00, 0x00, 0x00, 0x00,
    0x00, 0x00, 0x00, 0x00, 0x00, 0x00, 0x00, 0x00, 0x00, 0x02, 0x02, 0x12, 0xdf, 0xff, 0xfd, 0xff,
    0xff, 0xff, 0xff, 0xff, 0xfd, 0xff, 0xff, 0xb3, 0x37, 0x00, 0x00, 0x01, 0x04, 0x03, 0x02, 0x01,
    0x00, 0x00, 0x00, 0x00, 0x01, 0x02, 0x03, 0x04, 0x00, 0x00, 0x00, 0x23, 0xa0, 0xff, 0xff, 0xfd,
    0xff, 0xff, 0xff, 0xff, 0xff, 0xfc, 0xff, 0xdf, 0x10, 0x02, 0x02, 0x00, 0x00, 0x00, 0x00, 0x00,
    0x00, 0x00, 0x00, 0x00, 0x00, 0x00, 0x00, 0x00, 0x00, 0x00, 0x00, 0x00, 0x00, 0x00, 0x00, 0x00,
    0x00, 0x00, 0x00, 0x00, 0x00, 0x00, 0x00, 0x00, 0x00, 0x00, 0x00, 0x00, 0x00, 0x00, 0x00, 0x00,
    0x00, 0x00, 0x00, 0x00, 0x00, 0x00, 0x00, 0x00, 0x00, 0x03, 0x00, 0xa6, 0xff, 0xfb, 0xff, 0xff,
    0xff, 0xff, 0xff, 0xfc, 0xff, 0xf3, 0x62, 0x00, 0x00, 0x03, 0x02, 0x00, 0x00, 0x00, 0x00, 0x00,
    0x00, 0x00, 0x00, 0x00, 0x00, 0x00, 0x00, 0x00, 0x00, 0x02, 0x04, 0x00, 0x00, 0x52, 0xea, 0xff,
    0xfc, 0xff, 0xff, 0xff, 0xff, 0xff, 0xfb, 0xff, 0x9e, 0x00, 0x03, 0x00, 0x00, 0x00, 0x00, 0x00,
    0x00, 0x00, 0x00, 0x00, 0x00, 0x00, 0x00, 0x00, 0x00, 0x00, 0x00, 0x00, 0x00, 0x00, 0x00, 0x00,
    0x00, 0x00, 0x00, 0x00, 0x00, 0x00, 0x00, 0x00, 0x00, 0x00, 0x00, 0x00, 0x00, 0x00, 0x00, 0x00,
    0x00, 0x00, 0x00, 0x00, 0x00, 0x00, 0x00, 0x00, 0x03, 0x00, 0x42, 0xff, 0xfb, 0xff, 0xff, 0xff,
    0xff, 0xff, 0xfc, 0xff, 0xd9, 0x30, 0x00, 0x03, 0x02, 0x00, 0x00, 0x00, 0x00, 0x00, 0x00, 0x00,
    0x00, 0x00, 0x00, 0x00, 0x00, 0x00, 0x00, 0x00, 0x00, 0x00, 0x00, 0x02, 0x04, 0x00, 0x27, 0xd9,
    0xff, 0xfc, 0xff, 0xff, 0xff, 0xff, 0xff, 0xfb, 0xff, 0x44, 0x00, 0x03, 0x00, 0x00, 0x00, 0x00,
    0x00, 0x00, 0x00, 0x00, 0x00, 0x00, 0x00, 0x00, 0x00, 0x00, 0x00, 0x00, 0x00, 0x00, 0x00, 0x00,
    0x00, 0x00, 0x00, 0x00, 0x00, 0x00, 0x00, 0x00, 0x00, 0x00, 0x00, 0x00, 0x00, 0x00, 0x00, 0x00,
    0x00, 0x00, 0x00, 0x00, 0x00, 0x00, 0x00, 0x00, 0x02, 0x03, 0xcb, 0xff, 0xfc, 0xff, 0xff, 0xff,
    0xff, 0xfd, 0xff, 0xd6, 0x1a, 0x00, 0x05, 0x00, 0x00, 0x00, 0x00, 0x00, 0x00, 0x00, 0x00, 0x00,
    0x00, 0x00, 0x00, 0x00, 0x00, 0x00, 0x00, 0x00, 0x00, 0x00, 0x00, 0x00, 0x00, 0x05, 0x00, 0x1c,
    0xdb, 0xff, 0xfd, 0xff, 0xff, 0xff, 0xff, 0xfc, 0xff, 0xc9, 0x02, 0x02, 0x00, 0x00, 0x00, 0x00,
    0x00, 0x00, 0x00, 0x00, 0x00, 0x00, 0x00, 0x00, 0x00, 0x00, 0x00, 0x00, 0x00, 0x00, 0x00, 0x00,
    0x00, 0x00, 0x00, 0x00, 0x00, 0x00, 0x00, 0x00, 0x00, 0x00, 0x00, 0x00, 0x00, 0x00, 0x00, 0x00,
    0x00, 0x00, 0x00, 0x00, 0x00, 0x02, 0x04, 0x07, 0x01, 0x4e, 0xff, 0xfc, 0xff, 0xff, 0xff, 0xff,
    0xfd, 0xfe, 0xea, 0x23, 0x00, 0x04, 0x00, 0x00, 0x00, 0x00, 0x00, 0x00, 0x00, 0x00, 0x00, 0x00,
    0x00, 0x00, 0x00, 0x00, 0x00, 0x00, 0x00, 0x00, 0x00, 0x00, 0x00, 0x00, 0x00, 0x00, 0x04, 0x00,
    0x2a, 0xef, 0xfd, 0xfe, 0xff, 0xff, 0xff, 0xff, 0xfc, 0xff, 0x50, 0x00, 0x03, 0x00, 0x00, 0x00,
    0x00, 0x00, 0x00, 0x00, 0x00, 0x00, 0x00, 0x00, 0x00, 0x00, 0x00, 0x00, 0x00, 0x00, 0x00, 0x00,
    0x00, 0x00, 0x00, 0x00, 0x00, 0x00, 0x00, 0x00, 0x00, 0x00, 0x00, 0x00, 0x00, 0x00, 0x00, 0x00,
    0x00, 0x00, 0x01, 0x04, 0x01, 0x00, 0x00, 0x00, 0x00, 0xc0, 0xfe, 0xfc, 0xff, 0xff, 0xff, 0xff,
    0xfc, 0xff, 0x4b, 0x00, 0x04, 0x00, 0x00, 0x00, 0x00, 0x00, 0x00, 0x00, 0x00, 0x00, 0x00, 0x00,
    0x00, 0x00, 0x00, 0x00, 0x00, 0x00, 0x00, 0x00, 0x00, 0x00, 0x00, 0x00, 0x00, 0x00, 0x00, 0x05,
    0x00, 0x55, 0xff, 0xfc, 0xff, 0xff, 0xff, 0xff, 0xfc, 0xfe, 0xbc, 0x00, 0x02, 0x00, 0x00, 0x00,
    0x00, 0x00, 0x00, 0x00, 0x00, 0x00, 0x00, 0x00, 0x00, 0x00, 0x00, 0x00, 0x00, 0x00, 0x00, 0x00,
    0x00, 0x00, 0x00, 0x00, 0x00, 0x00, 0x00, 0x00, 0x00, 0x00, 0x00, 0x00, 0x00, 0x00, 0x00, 0x00,
    0x01, 0x03, 0x00, 0x00, 0x00, 0x2a, 0x61, 0x97, 0xc4, 0xfe, 0xff, 0xff, 0xff, 0xff, 0xff, 0xfc,
    0xff, 0xa0, 0x00, 0x04, 0x00, 0x00, 0x00, 0x00, 0x00, 0x00, 0x00, 0x00, 0x00, 0x00, 0x00, 0x00,
    0x00, 0x00, 0x00, 0x00, 0x00, 0x00, 0x00, 0x00, 0x00, 0x00, 0x00, 0x00, 0x00, 0x00, 0x00, 0x00,
    0x04, 0x00, 0xae, 0xff, 0xfc, 0xff, 0xff, 0xff, 0xff, 0xfe, 0xf9, 0x27, 0x00, 0x02, 0x00, 0x00,
    0x00, 0x00, 0x00, 0x00, 0x00, 0x00, 0x00, 0x00, 0x00, 0x00, 0x00, 0x00, 0x00, 0x00, 0x00, 0x00,
    0x00, 0x00, 0x00, 0x00, 0x00, 0x00, 0x00, 0x00, 0x00, 0x00, 0x00, 0x00, 0x00, 0x00, 0x00, 0x03,
    0x00, 0x00, 0x16, 0x6e, 0xc5, 0xfc, 0xff, 0xff, 0xff, 0xff, 0xff, 0xff, 0xff, 0xff, 0xfe, 0xfe,
    0xf6, 0x20, 0x01, 0x02, 0x00, 0x00, 0x00, 0x00, 0x00, 0x00, 0x00, 0x00, 0x00, 0x00, 0x00, 0x00,
    0x00, 0x00, 0x00, 0x00, 0x00, 0x00, 0x00, 0x00, 0x00, 0x00, 0x00, 0x00, 0x00, 0x00, 0x00, 0x00,
    0x02, 0x01, 0x22, 0xf8, 0xfe, 0xfe, 0xff, 0xff, 0xff, 0xfb, 0xff, 0x78, 0x00, 0x04, 0x00, 0x00,
    0x00, 0x00, 0x00, 0x00, 0x00, 0x00, 0x00, 0x00, 0x00, 0x00, 0x00, 0x00, 0x00, 0x00, 0x00, 0x00,
    0x00, 0x00, 0x00, 0x00, 0x00, 0x00, 0x00, 0x00, 0x00, 0x00, 0x00, 0x00, 0x00, 0x01, 0x02, 0x00,
    0x19, 0x8b, 0xe8, 0xff, 0xff, 0xff, 0xfc, 0xfb, 0xfc, 0xff, 0xff, 0xff, 0xff, 0xff, 0xfb, 0xff,
    0xa7, 0x00, 0x03, 0x00, 0x00, 0x00, 0x00, 0x00, 0x00, 0x00, 0x00, 0x00, 0x00, 0x00, 0x00, 0x00,
    0x00, 0x00, 0x00, 0x00, 0x00, 0x00, 0x00, 0x00, 0x00, 0x00, 0x00, 0x00, 0x00, 0x00, 0x00, 0x00,
    0x00, 0x03, 0x00, 0xa7, 0xff, 0xfc, 0xff, 0xff, 0xff, 0xfc, 0xff, 0xb7, 0x00, 0x02, 0x00, 0x00,
    0x00, 0x00, 0x00, 0x00, 0x00, 0x00, 0x00, 0x00, 0x00, 0x00, 0x00, 0x00, 0x00, 0x00, 0x00, 0x00,
    0x00, 0x00, 0x00, 0x00, 0x00, 0x00, 0x00, 0x00, 0x00, 0x00, 0x00, 0x00, 0x03, 0x00, 0x00, 0x6c,
    0xe9, 0xff, 0xff, 0xfb, 0xfc, 0xfe, 0xff, 0xff, 0xff, 0xff, 0xff, 0xff, 0xff, 0xff, 0xfc, 0xff,
    0x4c, 0x01, 0x03, 0x00, 0x00, 0x00, 0x00, 0x00, 0x00, 0x00, 0x00, 0x00, 0x00, 0x00, 0x00, 0x00,
    0x00, 0x00, 0x00, 0x00, 0x00, 0x00, 0x00, 0x00, 0x00, 0x00, 0x00, 0x00, 0x00, 0x00, 0x00, 0x00,
    0x00, 0x03, 0x01, 0x46, 0xff, 0xfd, 0xff, 0xff, 0xff, 0xfd, 0xff, 0xe9, 0x0e, 0x00, 0x01, 0x00,
    0x00, 0x00, 0x00, 0x00, 0x00, 0x00, 0x00, 0x00, 0x00, 0x00, 0x00, 0x00, 0x00, 0x00, 0x00, 0x00,
    0x00, 0x00, 0x00, 0x00, 0x00, 0x00, 0x00, 0x00, 0x00, 0x00, 0x00, 0x03, 0x00, 0x1b, 0xb3, 0xff,
    0xff, 0xfb, 0xfe, 0xff, 0xff, 0xff, 0xff, 0xff, 0xff, 0xff, 0xff, 0xff, 0xff, 0xfe, 0xfe, 0xf0,
    0x13, 0x00, 0x01, 0x00, 0x00, 0x00, 0x00, 0x00, 0x00, 0x00, 0x00, 0x00, 0x00, 0x00, 0x00, 0x00,
    0x00, 0x00, 0x00, 0x00, 0x00, 0x00, 0x00, 0x00, 0x00, 0x00, 0x00, 0x00, 0x00, 0x00, 0x00, 0x00,
    0x00, 0x01, 0x00, 0x11, 0xec, 0xff, 0xfe, 0xff, 0xff, 0xff, 0xff, 0xfe, 0x2d, 0x00, 0x02, 0x00,
    0x00, 0x00, 0x00, 0x00, 0x00, 0x00, 0x00, 0x00, 0x00, 0x00, 0x00, 0x00, 0x00, 0x00, 0x00, 0x00,
    0x00, 0x00, 0x00, 0x00, 0x00, 0x00, 0x00, 0x00, 0x00, 0x00, 0x04, 0x00, 0x32, 0xde, 0xff, 0xfb,
    0xfe, 0xff, 0xff, 0xff, 0xff, 0xff, 0xff, 0xff, 0xff, 0xff, 0xfe, 0xfe, 0xfe, 0xf8, 0xff, 0xae,
    0x00, 0x02, 0x00, 0x00, 0x00, 0x00, 0x00, 0x00, 0x00, 0x00, 0x00, 0x00, 0x00, 0x00, 0x00, 0x00,
    0x00, 0x00, 0x00, 0x00, 0x00, 0x00, 0x00, 0x00, 0x00, 0x00, 0x00, 0x00, 0x00, 0x00, 0x00, 0x00,
    0x00, 0x00, 0x02, 0x00, 0xbc, 0xff, 0xfc, 0xff, 0xff, 0xff, 0xfc, 0xff, 0x4c, 0x01, 0x04, 0x00,
    0x00, 0x00, 0x00, 0x00, 0x00, 0x00, 0x00, 0x00, 0x00, 0x00, 0x00, 0x00, 0x00, 0x00, 0x00, 0x00,
    0x00, 0x00, 0x00, 0x00, 0x00, 0x00, 0x00, 0x00, 0x00, 0x03, 0x00, 0x3e, 0xf1, 0xff, 0xfb, 0xff,
    0xff, 0xff, 0xff, 0xff, 0xff, 0xff, 0xfd, 0xfb, 0xfc, 0xff, 0xff, 0xff, 0xff, 0xff, 0xee, 0x29,
    0x01, 0x02, 0x00, 0x00, 0x00, 0x00, 0x00, 0x00, 0x00, 0x00, 0x00, 0x00, 0x00, 0x00, 0x00, 0x00,
    0x00, 0x00, 0x00, 0x00, 0x00, 0x00, 0x00, 0x00, 0x00, 0x00, 0x00, 0x00, 0x00, 0x00, 0x00, 0x00,
    0x00, 0x00, 0x03, 0x00, 0xa2, 0xff, 0xfb, 0xff, 0xff, 0xff, 0xfc, 0xff, 0x5e, 0x00, 0x04, 0x03,
    0x04, 0x02, 0x00, 0x00, 0x00, 0x00, 0x00, 0x00, 0x00, 0x00, 0x00, 0x00, 0x00, 0x00, 0x00, 0x00,
    0x00, 0x00, 0x00, 0x00, 0x00, 0x00, 0x00, 0x00, 0x03, 0x00, 0x35, 0xf0, 0xff, 0xfc, 0xff, 0xff,
    0xff, 0xff, 0xff, 0xff, 0xfd, 0xfc, 0xff, 0xff, 0xff, 0xff, 0xf4, 0xf0, 0xe4, 0xaf, 0x2b, 0x00,
    0x01, 0x00, 0x00, 0x00, 0x00, 0x00, 0x00, 0x00, 0x00, 0x00, 0x00, 0x00, 0x00, 0x00, 0x00, 0x00,
    0x00, 0x00, 0x00, 0x00, 0x00, 0x00, 0x00, 0x00, 0x00, 0x00, 0x00, 0x00, 0x00, 0x00, 0x00, 0x00,
    0x00, 0x00, 0x04, 0x00, 0x8d, 0xff, 0xfb, 0xff, 0xff, 0xff, 0xfb, 0xff, 0x71, 0x09, 0x03, 0x00,
    0x00, 0x00, 0x00, 0x03, 0x01, 0x00, 0x00, 0x00, 0x00, 0x00, 0x00, 0x00, 0x00, 0x00, 0x00, 0x00,
    0x00, 0x00, 0x00, 0x00, 0x00, 0x00, 0x00, 0x02, 0x01, 0x18, 0xe4, 0xff, 0xfc, 0xff, 0xff, 0xff,
    0xff, 0xff, 0xff, 0xfc, 0xff, 0xff, 0xe2, 0x9d, 0x5b, 0x31, 0x1b, 0x14, 0x0b, 0x00, 0x00, 0x02,
    0x00, 0x00, 0x00, 0x00, 0x00, 0x00, 0x00, 0x00, 0x00, 0x00, 0x00, 0x00, 0x00, 0x00, 0x00, 0x00,
    0x00, 0x00, 0x00, 0x00, 0x00, 0x00, 0x00, 0x00, 0x00, 0x00, 0x00, 0x00, 0x00, 0x00, 0x00, 0x00,
    0x00, 0x00, 0x04, 0x00, 0x8e, 0xff, 0xfb, 0xff, 0xff, 0xff, 0xff, 0xff, 0xf0, 0xe2, 0xd0, 0xae,
    0x72, 0x31, 0x00, 0x00, 0x00, 0x03, 0x00, 0x00, 0x00, 0x00, 0x00, 0x00, 0x00, 0x00, 0x00, 0x00,
    0x00, 0x00, 0x00, 0x00, 0x00, 0x00, 0x01, 0x03, 0x02, 0xbd, 0xff, 0xfb, 0xff, 0xff, 0xff, 0xff,
    0xff, 0xfe, 0xfe, 0xff, 0xd1, 0x5d, 0x0e, 0x00, 0x00, 0x00, 0x00, 0x00, 0x00, 0x02, 0x02, 0x00,
    0x00, 0x00, 0x00, 0x00, 0x00, 0x00, 0x00, 0x00, 0x00, 0x00, 0x00, 0x00, 0x00, 0x00, 0x00, 0x00,
    0x00, 0x00, 0x00, 0x00, 0x00, 0x00, 0x00, 0x00, 0x00, 0x00, 0x00, 0x00, 0x00, 0x00, 0x00, 0x00,
    0x00, 0x00, 0x03, 0x00, 0xa3, 0xff, 0xfb, 0xff, 0xff, 0xff, 0xff, 0xff, 0xff, 0xff, 0xff, 0xff,
    0xff, 0xff, 0xc9, 0x65, 0x0a, 0x00, 0x03, 0x01, 0x00, 0x00, 0x00, 0x00, 0x00, 0x00, 0x00, 0x00,
    0x00, 0x00, 0x00, 0x00, 0x00, 0x00, 0x03, 0x00, 0x6c, 0xff, 0xfb, 0xff, 0xff, 0xff, 0xff, 0xff,
    0xfd, 0xff, 0xfc, 0x7d, 0x08, 0x00, 0x00, 0x03, 0x03, 0x02, 0x02, 0x01, 0x01, 0x00, 0x00, 0x00,
    0x00, 0x00, 0x00, 0x00, 0x00, 0x00, 0x00, 0x00, 0x00, 0x00, 0x00, 0x00, 0x00, 0x00, 0x00, 0x00,
    0x00, 0x00, 0x00, 0x00, 0x00, 0x00, 0x00, 0x00, 0x00, 0x00, 0x00, 0x00, 0x00, 0x00, 0x00, 0x00,
    0x00, 0x00, 0x01, 0x00, 0xc7, 0xff, 0xfc, 0xff, 0xff, 0xff, 0xff, 0xff, 0xfe, 0xfd, 0xfd, 0xfc,
    0xfb, 0xff, 0xff, 0xff, 0xd5, 0x52, 0x00, 0x00, 0x02, 0x00, 0x00, 0x00, 0x00, 0x00, 0x00, 0x00,
    0x00, 0x00, 0x00, 0x00, 0x00, 0x02, 0x01, 0x1c, 0xf0, 0xfd, 0xfd, 0xff, 0xff, 0xff, 0xff, 0xfd,
    0xff, 0xf1, 0x46, 0x00, 0x00, 0x04, 0x01, 0x00, 0x00, 0x00, 0x00, 0x00, 0x00, 0x00, 0x00, 0x00,
    0x00, 0x00, 0x00, 0x00, 0x00, 0x00, 0x00, 0x00, 0x00, 0x00, 0x00, 0x00, 0x00, 0x00, 0x00, 0x00,
    0x00, 0x00, 0x00, 0x00, 0x00, 0x00, 0x00, 0x00, 0x00, 0x00, 0x00, 0x00, 0x00, 0x00, 0x00, 0x00,
    0x00, 0x01, 0x00, 0x0d, 0xe8, 0xff, 0xfe, 0xff, 0xff, 0xff, 0xff, 0xff, 0xff, 0xff, 0xff, 0xff,
    0xff, 0xff, 0xfd, 0xfc, 0xff, 0xff, 0x9d, 0x09, 0x00, 0x02, 0x00, 0x00, 0x00, 0x00, 0x00, 0x00,
    0x00, 0x00, 0x00, 0x00, 0x00, 0x03, 0x00, 0x8e, 0xff, 0xfb, 0xff, 0xff, 0xff, 0xff, 0xfe, 0xfe,
    0xf1, 0x3b, 0x00, 0x05, 0x01, 0x00, 0x00, 0x00, 0x00, 0x00, 0x00, 0x00, 0x00, 0x00, 0x00, 0x00,
    0x00, 0x00, 0x00, 0x00, 0x00, 0x00, 0x00, 0x00, 0x00, 0x00, 0x00, 0x00, 0x00, 0x00, 0x00, 0x00,
    0x00, 0x00, 0x00, 0x00, 0x00, 0x00, 0x00, 0x00, 0x00, 0x00, 0x00, 0x00, 0x00, 0x00, 0x00, 0x00,
    0x00, 0x01, 0x00, 0x0b, 0xe8, 0xfe, 0xfe, 0xff, 0xff, 0xff, 0xff, 0xff, 0xff, 0xff, 0xff, 0xff,
    0xff, 0xff, 0xff, 0xff, 0xfd, 0xfc, 0xff, 0xc6, 0x18, 0x00, 0x02, 0x00, 0x00, 0x00, 0x00, 0x00,
    0x00, 0x00, 0x00, 0x00, 0x01, 0x00, 0x16, 0xee, 0xfe, 0xfe, 0xff, 0xff, 0xff, 0xfe, 0xfc, 0xfd,
    0x47, 0x00, 0x05, 0x00, 0x00, 0x00, 0x00, 0x00, 0x00, 0x00, 0x00, 0x00, 0x00, 0x00, 0x00, 0x00,
    0x00, 0x00, 0x00, 0x00, 0x00, 0x00, 0x00, 0x00, 0x00, 0x00, 0x00, 0x00, 0x00, 0x00, 0x00, 0x00,
    0x00, 0x00, 0x00, 0x00, 0x00, 0x00, 0x00, 0x00, 0x00, 0x00, 0x00, 0x00, 0x00, 0x00, 0x00, 0x00,
    0x00, 0x00, 0x02, 0x00, 0xb0, 0xff, 0xf8, 0xfe, 0xfe, 0xfe, 0xfe, 0xfe, 0xfe, 0xfe, 0xff, 0xff,
    0xff, 0xff, 0xff, 0xff, 0xff, 0xff, 0xfa, 0xff, 0xd6, 0x1a, 0x00, 0x02, 0x00, 0x00, 0x00, 0x00,
    0x00, 0x00, 0x00, 0x00, 0x04, 0x00, 0x6b, 0xff, 0xfb, 0xff, 0xff, 0xff, 0xff, 0xfc, 0xff, 0x7f,
    0x00, 0x05, 0x00, 0x00, 0x00, 0x00, 0x00, 0x00, 0x00, 0x00, 0x00, 0x00, 0x00, 0x00, 0x00, 0x00,
    0x00, 0x00, 0x00, 0x00, 0x00, 0x00, 0x00, 0x00, 0x00, 0x00, 0x00, 0x00, 0x00, 0x00, 0x00, 0x00,
    0x00, 0x00, 0x00, 0x00, 0x00, 0x00, 0x00, 0x00, 0x00, 0x00, 0x00, 0x00, 0x00, 0x00, 0x00, 0x00,
    0x00, 0x00, 0x02, 0x01, 0x27, 0xeb, 0xff, 0xff, 0xff, 0xff, 0xff, 0xff, 0xff, 0xff, 0xfc, 0xfb,
    0xfe, 0xff, 0xff, 0xff, 0xff, 0xff, 0xff, 0xfb, 0xff, 0xce, 0x09, 0x02, 0x01, 0x00, 0x00, 0x00,
    0x00, 0x00, 0x00, 0x00, 0x01, 0x00, 0xc2, 0xfe, 0xfc, 0xff, 0xff, 0xff, 0xfc, 0xfe, 0xd3, 0x05,
    0x03, 0x01, 0x00, 0x00, 0x00, 0x00, 0x00, 0x00, 0x00, 0x00, 0x00, 0x00, 0x00, 0x00, 0x00, 0x00,
    0x00, 0x00, 0x00, 0x00, 0x00, 0x00, 0x00, 0x00, 0x00, 0x00, 0x00, 0x00, 0x00, 0x00, 0x00, 0x00,
    0x00, 0x00, 0x00, 0x00, 0x00, 0x00, 0x00, 0x00, 0x00, 0x00, 0x00, 0x00, 0x00, 0x00, 0x00, 0x00,
    0x00, 0x00, 0x00, 0x01, 0x00, 0x28, 0xa5, 0xdf, 0xee, 0xee, 0xef, 0xee, 0xf3, 0xff, 0xff, 0xff,
    0xff, 0xfc, 0xff, 0xff, 0xff, 0xff, 0xff, 0xff, 0xfa, 0xff, 0x9c, 0x00, 0x03, 0x00, 0x00, 0x00,
    0x00, 0x00, 0x00, 0x02, 0x00, 0x1b, 0xf6, 0xff, 0xfe, 0xff, 0xff, 0xff, 0xfc, 0xff, 0x59, 0x00,
    0x04, 0x00, 0x00, 0x00, 0x00, 0x00, 0x00, 0x00, 0x00, 0x00, 0x00, 0x00, 0x00, 0x00, 0x00, 0x00,
    0x00, 0x00, 0x00, 0x00, 0x00, 0x00, 0x00, 0x00, 0x00, 0x00, 0x00, 0x00, 0x00, 0x00, 0x00, 0x00,
    0x00, 0x00, 0x00, 0x00, 0x00, 0x00, 0x00, 0x00, 0x00, 0x00, 0x00, 0x00, 0x00, 0x00, 0x00, 0x00,
    0x00, 0x00, 0x00, 0x00, 0x02, 0x00, 0x00, 0x09, 0x10, 0x10, 0x11, 0x11, 0x1a, 0x2e, 0x59, 0xa0,
    0xf2, 0xff, 0xfd, 0xff, 0xff, 0xff, 0xff, 0xff, 0xff, 0xfb, 0xff, 0x4f, 0x00, 0x03, 0x00, 0x00,
    0x00, 0x00, 0x00, 0x03, 0x00, 0x53, 0xff, 0xfc, 0xff, 0xff, 0xff, 0xfd, 0xff, 0xe4, 0x0a, 0x01,
    0x01, 0x00, 0x00, 0x00, 0x00, 0x00, 0x00, 0x00, 0x00, 0x00, 0x00, 0x00, 0x00, 0x00, 0x00, 0x00,
    0x00, 0x00, 0x00, 0x00, 0x00, 0x00, 0x00, 0x00, 0x00, 0x00, 0x00, 0x00, 0x00, 0x00, 0x00, 0x00,
    0x00, 0x00, 0x00, 0x01, 0x01, 0x00, 0x00, 0x00, 0x00, 0x00, 0x00, 0x00, 0x00, 0x00, 0x00, 0x00,
    0x00, 0x00, 0x00, 0x00, 0x00, 0x02, 0x03, 0x00, 0x00, 0x00, 0x00, 0x00, 0x00, 0x00, 0x00, 0x00,
    0x24, 0xa1, 0xff, 0xfd, 0xfe, 0xff, 0xff, 0xff, 0xff, 0xfd, 0xfe, 0xdd, 0x09, 0x01, 0x01, 0x00,
    0x00, 0x00, 0x00, 0x04, 0x00, 0x84, 0xff, 0xfb, 0xff, 0xff, 0xff, 0xfb, 0xff, 0xa1, 0x00, 0x03,
    0x00, 0x00, 0x00, 0x00, 0x00, 0x00, 0x00, 0x00, 0x00, 0x00, 0x00, 0x00, 0x00, 0x00, 0x00, 0x00,
    0x00, 0x00, 0x00, 0x00, 0x00, 0x00, 0x00, 0x00, 0x00, 0x00, 0x00, 0x00, 0x00, 0x00, 0x00, 0x00,
    0x00, 0x02, 0x02, 0x00, 0x00, 0x03, 0x02, 0x00, 0x00, 0x00, 0x00, 0x00, 0x00, 0x00, 0x00, 0x00,
    0x00, 0x00, 0x00, 0x00, 0x00, 0x00, 0x00, 0x01, 0x01, 0x01, 0x01, 0x01, 0x01, 0x02, 0x03, 0x04,
    0x00, 0x00, 0x72, 0xff, 0xfc, 0xfe, 0xff, 0xff, 0xff, 0xff, 0xfc, 0xff, 0x65, 0x00, 0x04, 0x00,
    0x00, 0x00, 0x00, 0x03, 0x00, 0xa7, 0xff, 0xfc, 0xff, 0xff, 0xff, 0xfb, 0xff, 0x6a, 0x01, 0x04,
    0x00, 0x00, 0x00, 0x00, 0x00, 0x00, 0x00, 0x00, 0x00, 0x00, 0x00, 0x00, 0x00, 0x00, 0x00, 0x00,
    0x00, 0x00, 0x00, 0x00, 0x00, 0x00, 0x00, 0x00, 0x00, 0x00, 0x00, 0x00, 0x00, 0x00, 0x00, 0x00,
    0x02, 0x00, 0x00, 0x0b, 0x09, 0x00, 0x00, 0x02, 0x00, 0x00, 0x00, 0x00, 0x00, 0x00, 0x00, 0x00,
    0x00, 0x00, 0x00, 0x00, 0x00, 0x00, 0x00, 0x00, 0x00, 0x00, 0x00, 0x00, 0x00, 0x00, 0x00, 0x00,
    0x02, 0x05, 0x00, 0x77, 0xff, 0xfc, 0xff, 0xff, 0xff, 0xff, 0xfc, 0xfe, 0xcd, 0x03, 0x01, 0x00,
    0x00, 0x00, 0x00, 0x02, 0x00, 0xbe, 0xff, 0xfc, 0xff, 0xff, 0xff, 0xfd, 0xff, 0x47, 0x00, 0x03,
    0x00, 0x00, 0x00, 0x00, 0x00, 0x00, 0x00, 0x00, 0x00, 0x00, 0x00, 0x00, 0x00, 0x00, 0x00, 0x00,
    0x00, 0x00, 0x00, 0x00, 0x00, 0x00, 0x00, 0x00, 0x00, 0x00, 0x00, 0x00, 0x00, 0x00, 0x00, 0x02,
    0x00, 0x31, 0xb0, 0xe4, 0xe1, 0xa5, 0x27, 0x00, 0x01, 0x00, 0x00, 0x00, 0x00, 0x00, 0x00, 0x00,
    0x00, 0x00, 0x00, 0x00, 0x00, 0x00, 0x00, 0x00, 0x00, 0x00, 0x00, 0x00, 0x00, 0x00, 0x00, 0x00,
    0x00, 0x01, 0x05, 0x00, 0xaa, 0xff, 0xfc, 0xff, 0xff, 0xff, 0xff, 0xfe, 0xfe, 0x32, 0x00, 0x03,
    0x00, 0x00, 0x00, 0x01, 0x00, 0xc7, 0xff, 0xfc, 0xff, 0xff, 0xff, 0xfe, 0xff, 0x38, 0x00, 0x03,
    0x00, 0x00, 0x00, 0x00, 0x00, 0x00, 0x00, 0x00, 0x00, 0x00, 0x00, 0x00, 0x00, 0x00, 0x00, 0x00,
    0x00, 0x00, 0x00, 0x00, 0x00, 0x00, 0x00, 0x00, 0x00, 0x00, 0x00, 0x00, 0x00, 0x00, 0x02, 0x01,
    0x2b, 0xf1, 0xff, 0xff, 0xff, 0xff, 0xeb, 0x2c, 0x01, 0x02, 0x00, 0x00, 0x00, 0x00, 0x00, 0x00,
    0x00, 0x00, 0x00, 0x00, 0x00, 0x00, 0x00, 0x00, 0x00, 0x00, 0x00, 0x00, 0x00, 0x00, 0x00, 0x00,
    0x00, 0x00, 0x02, 0x01, 0x20, 0xf3, 0xfe, 0xfe, 0xff, 0xff, 0xff, 0xfb, 0xff, 0x76, 0x00, 0x04,
    0x00, 0x00, 0x00, 0x01, 0x00, 0xc5, 0xff, 0xfc, 0xff, 0xff, 0xff, 0xfe, 0xff, 0x38, 0x00, 0x03,
    0x00, 0x00, 0x00, 0x00, 0x00, 0x00, 0x00, 0x00, 0x00, 0x00, 0x00, 0x00, 0x00, 0x00, 0x00, 0x00,
    0x00, 0x00, 0x00, 0x00, 0x00, 0x00, 0x00, 0x00, 0x00, 0x00, 0x00, 0x00, 0x00, 0x00, 0x02, 0x00,
    0xba, 0xff, 0xf9, 0xfe, 0xfe, 0xf8, 0xff, 0xad, 0x00, 0x02, 0x00, 0x00, 0x00, 0x00, 0x00, 0x00,
    0x00, 0x00, 0x00, 0x00, 0x00, 0x00, 0x00, 0x00, 0x00, 0x00, 0x00, 0x00, 0x00, 0x00, 0x00, 0x00,
    0x00, 0x00, 0x00, 0x04, 0x00, 0xa0, 0xff, 0xfb, 0xff, 0xff, 0xff, 0xfb, 0xff, 0xac, 0x00, 0x03,
    0x00, 0x00, 0x00, 0x03, 0x00, 0xb7, 0xff, 0xfc, 0xff, 0xff, 0xff, 0xfd, 0xff, 0x45, 0x00, 0x03,
    0x00, 0x00, 0x00, 0x00, 0x00, 0x00, 0x00, 0x00, 0x00, 0x00, 0x00, 0x00, 0x00, 0x00, 0x00, 0x00,
    0x00, 0x00, 0x00, 0x00, 0x00, 0x00, 0x00, 0x00, 0x00, 0x00, 0x00, 0x00, 0x00, 0x03, 0x00, 0x3c,
    0xff, 0xfc, 0xff, 0xff, 0xff, 0xfe, 0xfe, 0xe9, 0x0c, 0x00, 0x01, 0x00, 0x00, 0x00, 0x00, 0x00,
    0x00, 0x00, 0x00, 0x00, 0x00, 0x00, 0x00, 0x00, 0x00, 0x00, 0x00, 0x00, 0x00, 0x00, 0x00, 0x00,
    0x00, 0x00, 0x00, 0x04, 0x01, 0x54, 0xff, 0xfc, 0xff, 0xff, 0xff, 0xfd, 0xff, 0xcf, 0x00, 0x00,
    0x00, 0x00, 0x00, 0x03, 0x00, 0xa6, 0xff, 0xfc, 0xff, 0xff, 0xff, 0xfb, 0xff, 0x69, 0x01, 0x04,
    0x00, 0x00, 0x00, 0x00, 0x00, 0x00, 0x00, 0x00, 0x00, 0x00, 0x00, 0x00, 0x00, 0x00, 0x00, 0x00,
    0x00, 0x00, 0x00, 0x00, 0x00, 0x00, 0x00, 0x00, 0x00, 0x00, 0x00, 0x00, 0x00, 0x02, 0x00, 0xb9,
    0xff, 0xfc, 0xff, 0xff, 0xff, 0xfe, 0xff, 0xe8, 0x0c, 0x00, 0x01, 0x00, 0x00, 0x00, 0x00, 0x00,
    0x00, 0x00, 0x00, 0x00, 0x00, 0x00, 0x00, 0x00, 0x00, 0x00, 0x00, 0x00, 0x00, 0x00, 0x00, 0x00,
    0x00, 0x00, 0x00, 0x02, 0x00, 0x2b, 0xfe, 0xff, 0xff, 0xff, 0xff, 0xfd, 0xff, 0xe3, 0x09, 0x00,
    0x00, 0x00, 0x00, 0x04, 0x00, 0x7e, 0xff, 0xfb, 0xff, 0xff, 0xff, 0xfb, 0xff, 0xa1, 0x00, 0x03,
    0x00, 0x00, 0x00, 0x00, 0x00, 0x00, 0x00, 0x00, 0x00, 0x00, 0x00, 0x00, 0x00, 0x00, 0x00, 0x00,
    0x00, 0x00, 0x00, 0x00, 0x00, 0x00, 0x00, 0x00, 0x00, 0x00, 0x00, 0x00, 0x03, 0x00, 0x3b, 0xff,
    0xfd, 0xff, 0xff, 0xff, 0xff, 0xfb, 0xff, 0xb1, 0x00, 0x02, 0x00, 0x00, 0x00, 0x00, 0x00, 0x00,
    0x00, 0x00, 0x00, 0x00, 0x00, 0x00, 0x00, 0x00, 0x00, 0x00, 0x00, 0x00, 0x00, 0x00, 0x00, 0x00,
    0x00, 0x00, 0x00, 0x01, 0x00, 0x1a, 0xf4, 0xff, 0xfe, 0xff, 0xff, 0xfe, 0xff, 0xec, 0x0f, 0x00,
    0x00, 0x00, 0x00, 0x03, 0x00, 0x4d, 0xff, 0xfc, 0xff, 0xff, 0xff, 0xfd, 0xff, 0xe3, 0x0a, 0x01,
    0x01, 0x00, 0x00, 0x00, 0x00, 0x00, 0x00, 0x00, 0x00, 0x00, 0x00, 0x00, 0x00, 0x00, 0x00, 0x00,
    0x00, 0x00, 0x00, 0x00, 0x00, 0x00, 0x00, 0x00, 0x00, 0x00, 0x00, 0x00, 0x02, 0x00, 0xb8, 0xff,
    0xfc, 0xff, 0xff, 0xff, 0xff, 0xfd, 0xff, 0x3d, 0x00, 0x03, 0x00, 0x00, 0x00, 0x00, 0x00, 0x00,
    0x00, 0x00, 0x00, 0x00, 0x00, 0x00, 0x00, 0x00, 0x00, 0x00, 0x00, 0x00, 0x00, 0x00, 0x00, 0x00,
    0x00, 0x00, 0x00, 0x01, 0x00, 0x13, 0xf0, 0xff, 0xfe, 0xff, 0xff, 0xfe, 0xff, 0xee, 0x0f, 0x00,
    0x00, 0x00, 0x00, 0x02, 0x00, 0x1f, 0xf8, 0xff, 0xfe, 0xff, 0xff, 0xff, 0xfc, 0xff, 0x58, 0x00,
    0x04, 0x00, 0x00, 0x00, 0x00, 0x00, 0x00, 0x00, 0x00, 0x00, 0x00, 0x00, 0x00, 0x00, 0x00, 0x00,
    0x00, 0x00, 0x00, 0x00, 0x00, 0x00, 0x00, 0x00, 0x00, 0x00, 0x00, 0x03, 0x00, 0x3a, 0xff, 0xfd,
    0xff, 0xff, 0xff, 0xff, 0xfc, 0xff, 0xb8, 0x00, 0x02, 0x00, 0x00, 0x00, 0x00, 0x00, 0x00, 0x00,
    0x00, 0x00, 0x00, 0x00, 0x00, 0x00, 0x00, 0x00, 0x00, 0x00, 0x00, 0x00, 0x00, 0x00, 0x00, 0x00,
    0x00, 0x00, 0x00, 0x02, 0x00, 0x2a, 0xfc, 0xff, 0xff, 0xff, 0xff, 0xfd, 0xff, 0xe2, 0x09, 0x00,
    0x00, 0x00, 0x00, 0x00, 0x01, 0x00, 0xc6, 0xfe, 0xfc, 0xff, 0xff, 0xff, 0xfc, 0xfe, 0xd2, 0x04,
    0x03, 0x01, 0x00, 0x00, 0x00, 0x00, 0x00, 0x00, 0x00, 0x00, 0x00, 0x00, 0x00, 0x00, 0x00, 0x00,
    0x00, 0x00, 0x00, 0x00, 0x00, 0x00, 0x00, 0x00, 0x00, 0x00, 0x00, 0x03, 0x00, 0xb8, 0xff, 0xfc,
    0xff, 0xff, 0xff, 0xff, 0xfd, 0xff, 0x3b, 0x00, 0x03, 0x00, 0x00, 0x00, 0x00, 0x00, 0x00, 0x00,
    0x00, 0x00, 0x00, 0x00, 0x00, 0x00, 0x00, 0x00, 0x00, 0x00, 0x00, 0x00, 0x00, 0x00, 0x00, 0x00,
    0x00, 0x00, 0x00, 0x03, 0x01, 0x51, 0xff, 0xfc, 0xff, 0xff, 0xff, 0xfd, 0xff, 0xd0, 0x00, 0x01,
    0x00, 0x00, 0x00, 0x00, 0x04, 0x00, 0x6e, 0xff, 0xfb, 0xff, 0xff, 0xff, 0xff, 0xfc, 0xff, 0x7b,
    0x00, 0x05, 0x00, 0x00, 0x00, 0x00, 0x00, 0x00, 0x00, 0x00, 0x00, 0x00, 0x00, 0x00, 0x00, 0x00,
    0x00, 0x00, 0x00, 0x00, 0x00, 0x00, 0x00, 0x00, 0x00, 0x00, 0x03, 0x00, 0x3a, 0xff, 0xfd, 0xff,
    0xff, 0xff, 0xff, 0xfc, 0xff, 0xb8, 0x00, 0x02, 0x00, 0x00, 0x00, 0x00, 0x00, 0x00, 0x00, 0x00,
    0x00, 0x00, 0x00, 0x00, 0x00, 0x00, 0x00, 0x00, 0x00, 0x00, 0x00, 0x00, 0x00, 0x00, 0x00, 0x00,
    0x00, 0x00, 0x00, 0x03, 0x00, 0xa0, 0xff, 0xfb, 0xff, 0xff, 0xff, 0xfb, 0xff, 0xad, 0x00, 0x03,
    0x00, 0x00, 0x00, 0x00, 0x01, 0x00, 0x16, 0xee, 0xfe, 0xfe, 0xff, 0xff, 0xff, 0xfe, 0xfc, 0xfd,
    0x44, 0x00, 0x05, 0x00, 0x00, 0x00, 0x00, 0x00, 0x00, 0x00, 0x00, 0x00, 0x00, 0x00, 0x00, 0x00,
    0x00, 0x00, 0x00, 0x00, 0x00, 0x00, 0x00, 0x00, 0x00, 0x00, 0x03, 0x00, 0xb8, 0xff, 0xfc, 0xff,
    0xff, 0xff, 0xff, 0xfd, 0xff, 0x3b, 0x00, 0x03, 0x00, 0x00, 0x00, 0x00, 0x00, 0x00, 0x00, 0x00,
    0x00, 0x00, 0x00, 0x00, 0x00, 0x00, 0x00, 0x00, 0x00, 0x00, 0x00, 0x00, 0x00, 0x00, 0x00, 0x00,
    0x00, 0x00, 0x02, 0x01, 0x1e, 0xf2, 0xfe, 0xfe, 0xff, 0xff, 0xff, 0xfb, 0xff, 0x75, 0x00, 0x04,
    0x00, 0x00, 0x00, 0x00, 0x00, 0x04, 0x00, 0x8a, 0xff, 0xfb, 0xff, 0xff, 0xff, 0xff, 0xfe, 0xfe,
    0xf0, 0x3b, 0x00, 0x04, 0x01, 0x00, 0x00, 0x00, 0x00, 0x00, 0x00, 0x00, 0x00, 0x00, 0x00, 0x00,
    0x00, 0x00, 0x00, 0x00, 0x00, 0x00, 0x00, 0x00, 0x00, 0x03, 0x00, 0x3c, 0xff, 0xfd, 0xff, 0xff,
    0xff, 0xff, 0xfc, 0xff, 0xb8, 0x00, 0x02, 0x00, 0x00, 0x00, 0x00, 0x00, 0x00, 0x00, 0x00, 0x00,
    0x00, 0x00, 0x00, 0x00, 0x00, 0x00, 0x00, 0x00, 0x00, 0x00, 0x00, 0x00, 0x00, 0x00, 0x00, 0x00,
    0x00, 0x01, 0x05, 0x00, 0xaa, 0xff, 0xfc, 0xff, 0xff, 0xff, 0xff, 0xfe, 0xfe, 0x33, 0x00, 0x03,
    0x00, 0x00, 0x00, 0x00, 0x00, 0x02, 0x01, 0x19, 0xed, 0xfd, 0xfd, 0xff, 0xff, 0xff, 0xff, 0xfd,
    0xff, 0xf3, 0x51, 0x00, 0x00, 0x04, 0x01, 0x00, 0x00, 0x00, 0x00, 0x00, 0x00, 0x00, 0x00, 0x00,
    0x00, 0x00, 0x00, 0x00, 0x00, 0x00, 0x00, 0x00, 0x00, 0x02, 0x00, 0xb9, 0xff, 0xfc, 0xff, 0xff,
    0xff, 0xff, 0xfd, 0xff, 0x3b, 0x00, 0x03, 0x00, 0x00, 0x00, 0x00, 0x00, 0x00, 0x00, 0x00, 0x00,
    0x00, 0x00, 0x00, 0x00, 0x00, 0x00, 0x00, 0x00, 0x00, 0x00, 0x00, 0x00, 0x00, 0x00, 0x00, 0x00,
    0x02, 0x04, 0x00, 0x73, 0xff, 0xfc, 0xff, 0xff, 0xff, 0xff, 0xfc, 0xfe, 0xcf, 0x02, 0x01, 0x00,
    0x00, 0x00, 0x00, 0x00, 0x00, 0x00, 0x03, 0x00, 0x69, 0xff, 0xfb, 0xff, 0xff, 0xff, 0xff, 0xff,
    0xfd, 0xff, 0xff, 0x8b, 0x0e, 0x00, 0x00, 0x03, 0x04, 0x03, 0x02, 0x01, 0x01, 0x00, 0x00, 0x00,
    0x00, 0x00, 0x00, 0x00, 0x00, 0x00, 0x00, 0x00, 0x03, 0x00, 0x3c, 0xff, 0xfd, 0xff, 0xff, 0xff,
    0xff, 0xfc, 0xff, 0xba, 0x00, 0x03, 0x01, 0x01, 0x01, 0x00, 0x00, 0x00, 0x00, 0x00, 0x00, 0x00,
    0x00, 0x00, 0x00, 0x00, 0x00, 0x00, 0x00, 0x01, 0x01, 0x01, 0x01, 0x01, 0x02, 0x02, 0x03, 0x04,
    0x00, 0x00, 0x78, 0xff, 0xfc, 0xfe, 0xff, 0xff, 0xff, 0xff, 0xfc, 0xff, 0x67, 0x00, 0x04, 0x00,
    0x00, 0x00, 0x00, 0x00, 0x00, 0x00, 0x00, 0x03, 0x01, 0xb4, 0xff, 0xfb, 0xff, 0xff, 0xff, 0xff,
    0xff, 0xfe, 0xfe, 0xff, 0xdb, 0x6a, 0x13, 0x00, 0x00, 0x00, 0x00, 0x00, 0x00, 0x03, 0x02, 0x00,
    0x00, 0x00, 0x00, 0x00, 0x00, 0x00, 0x00, 0x00, 0x02, 0x00, 0xb9, 0xff, 0xfc, 0xff, 0xff, 0xff,
    0xff, 0xfd, 0xfd, 0x37, 0x00, 0x00, 0x00, 0x00, 0x00, 0x03, 0x02, 0x00, 0x00, 0x00, 0x00, 0x00,
    0x00, 0x00, 0x00, 0x00, 0x00, 0x02, 0x03, 0x00, 0x00, 0x00, 0x00, 0x00, 0x00, 0x00, 0x00, 0x00,
    0x2b, 0xac, 0xff, 0xfd, 0xff, 0xff, 0xff, 0xff, 0xff, 0xfd, 0xfe, 0xde, 0x0a, 0x01, 0x01, 0x00,
    0x00, 0x00, 0x00, 0x00, 0x00, 0x00, 0x00, 0x02, 0x01, 0x14, 0xe1, 0xff, 0xfc, 0xff, 0xff, 0xff,
    0xff, 0xff, 0xff, 0xfc, 0xff, 0xff, 0xe6, 0xa2, 0x69, 0x3b, 0x1d, 0x11, 0x0c, 0x00, 0x00, 0x02,
    0x00, 0x00, 0x00, 0x00, 0x00, 0x00, 0x00, 0x03, 0x00, 0x3c, 0xff, 0xfd, 0xff, 0xff, 0xff, 0xff,
    0xfc, 0xff, 0xbe, 0x0f, 0x12, 0x11, 0x10, 0x10, 0x0c, 0x00, 0x00, 0x02, 0x00, 0x00, 0x00, 0x00,
    0x00, 0x00, 0x00, 0x00, 0x02, 0x00, 0x00, 0x0c, 0x10, 0x10, 0x11, 0x11, 0x1c, 0x34, 0x5b, 0xa4,
    0xf6, 0xff, 0xfc, 0xff, 0xff, 0xff, 0xff, 0xff, 0xff, 0xfb, 0xff, 0x50, 0x00, 0x03, 0x00, 0x00,
    0x00, 0x00, 0x00, 0x00, 0x00, 0x00, 0x00, 0x00, 0x02, 0x00, 0x32, 0xf0, 0xff, 0xfc, 0xff, 0xff,
    0xff, 0xff, 0xff, 0xff, 0xfd, 0xfc, 0xff, 0xff, 0xff, 0xff, 0xf6, 0xee, 0xe5, 0xa9, 0x27, 0x00,
    0x01, 0x00, 0x00, 0x00, 0x00, 0x00, 0x00, 0x02, 0x00, 0xba, 0xff, 0xfc, 0xff, 0xff, 0xff, 0xff,
    0xff, 0xff, 0xf2, 0xef, 0xef, 0xee, 0xee, 0xee, 0xe5, 0xa9, 0x27, 0x00, 0x01, 0x00, 0x00, 0x00,
    0x00, 0x00, 0x00, 0x02, 0x00, 0x27, 0xaa, 0xe5, 0xee, 0xee, 0xef, 0xee, 0xf5, 0xff, 0xff, 0xff,
    0xff, 0xfc, 0xff, 0xff, 0xff, 0xff, 0xff, 0xff, 0xfa, 0xff, 0x9d, 0x00, 0x03, 0x00, 0x00, 0x00,
    0x00, 0x00, 0x00, 0x00, 0x00, 0x00, 0x00, 0x00, 0x00, 0x03, 0x00, 0x3f, 0xf1, 0xff, 0xfb, 0xff,
    0xff, 0xff, 0xff, 0xff, 0xff, 0xff, 0xfe, 0xfb, 0xfb, 0xfe, 0xff, 0xff, 0xff, 0xff, 0xea, 0x27,
    0x01, 0x02, 0x00, 0x00, 0x00, 0x00, 0x03, 0x00, 0x3e, 0xff, 0xfd, 0xff, 0xff, 0xff, 0xff, 0xff,
    0xff, 0xff, 0xff, 0xff, 0xff, 0xff, 0xff, 0xff, 0xff, 0xff, 0xea, 0x27, 0x01, 0x02, 0x00, 0x00,
    0x00, 0x00, 0x02, 0x01, 0x28, 0xea, 0xff, 0xff, 0xff, 0xff, 0xff, 0xff, 0xff, 0xff, 0xfc, 0xfb,
    0xfe, 0xff, 0xff, 0xff, 0xff, 0xff, 0xff, 0xfb, 0xff, 0xc7, 0x08, 0x03, 0x01, 0x00, 0x00, 0x00,
    0x00, 0x00, 0x00, 0x00, 0x00, 0x00, 0x00, 0x00, 0x00, 0x00, 0x04, 0x00, 0x31, 0xdf, 0xff, 0xfb,
    0xfe, 0xff, 0xff, 0xff, 0xff, 0xff, 0xff, 0xff, 0xff, 0xff, 0xfe, 0xfe, 0xfe, 0xf8, 0xff, 0xae,
    0x00, 0x02, 0x00, 0x00, 0x00, 0x00, 0x02, 0x00, 0xb1, 0xff, 0xfb, 0xff, 0xff, 0xff, 0xff, 0xff,
    0xff, 0xff, 0xfe, 0xfe, 0xfe, 0xfe, 0xfe, 0xfe, 0xfe, 0xf8, 0xff, 0xae, 0x00, 0x02, 0x00, 0x00,
    0x00, 0x00, 0x02, 0x00, 0xb0, 0xff, 0xf8, 0xfe, 0xfe, 0xfe, 0xfe, 0xfe, 0xfe, 0xff, 0xff, 0xff,
    0xff, 0xff, 0xff, 0xff, 0xff, 0xff, 0xfa, 0xff, 0xd5, 0x17, 0x00, 0x02, 0x00, 0x00, 0x00, 0x00,
    0x00, 0x00, 0x00, 0x00, 0x00, 0x00, 0x00, 0x00, 0x00, 0x00, 0x00, 0x03, 0x00, 0x1b, 0xb3, 0xff,
    0xff, 0xfb, 0xfe, 0xff, 0xff, 0xff, 0xff, 0xff, 0xff, 0xff, 0xff, 0xff, 0xff, 0xfe, 0xfe, 0xe8,
    0x0b, 0x00, 0x01, 0x00, 0x00, 0x01, 0x00, 0x0b, 0xe7, 0xff, 0xfe, 0xff, 0xff, 0xff, 0xff, 0xff,
    0xff, 0xff, 0xff, 0xff, 0xff, 0xff, 0xff, 0xff, 0xff, 0xfe, 0xfe, 0xe8, 0x0b, 0x00, 0x01, 0x00,
    0x00, 0x01, 0x00, 0x0c, 0xe9, 0xfe, 0xfe, 0xff, 0xff, 0xff, 0xff, 0xff, 0xff, 0xff, 0xff, 0xff,
    0xff, 0xff, 0xff, 0xff, 0xfd, 0xfb, 0xff, 0xc9, 0x19, 0x00, 0x02, 0x00, 0x00, 0x00, 0x00, 0x00,
    0x00, 0x00, 0x00, 0x00, 0x00, 0x00, 0x00, 0x00, 0x00, 0x00, 0x00, 0x00, 0x03, 0x00, 0x00, 0x6a,
    0xe6, 0xff, 0xff, 0xfb, 0xfc, 0xfe, 0xff, 0xff, 0xff, 0xff, 0xff, 0xff, 0xff, 0xfe, 0xfe, 0xe7,
    0x0b, 0x00, 0x01, 0x00, 0x00, 0x01, 0x00, 0x0d, 0xea, 0xfe, 0xfe, 0xff, 0xff, 0xff, 0xff, 0xff,
    0xff, 0xff, 0xff, 0xff, 0xff, 0xff, 0xff, 0xff, 0xff, 0xfe, 0xff, 0xe6, 0x0a, 0x00, 0x01, 0x00,
    0x00, 0x01, 0x00, 0x0b, 0xe8, 0xfe, 0xfe, 0xff, 0xff, 0xff, 0xff, 0xff, 0xff, 0xff, 0xff, 0xff,
    0xff, 0xff, 0xfd, 0xfb, 0xff, 0xff, 0xa0, 0x0c, 0x00, 0x03, 0x00, 0x00, 0x00, 0x00, 0x00, 0x00,
    0x00, 0x00, 0x00, 0x00, 0x00, 0x00, 0x00, 0x00, 0x00, 0x00, 0x00, 0x00, 0x00, 0x01, 0x01, 0x00,
    0x15, 0x85, 0xe6, 0xff, 0xff, 0xff, 0xfc, 0xfb, 0xfc, 0xfd, 0xfe, 0xfe, 0xfe, 0xf8, 0xff, 0xaf,
    0x00, 0x02, 0x00, 0x00, 0x00, 0x00, 0x02, 0x00, 0xae, 0xff, 0xf8, 0xfe, 0xfe, 0xfe, 0xfe, 0xfe,
    0xfe, 0xff, 0xff, 0xff, 0xff, 0xff, 0xff, 0xff, 0xff, 0xfb, 0xff, 0xb0, 0x00, 0x02, 0x00, 0x00,
    0x00, 0x00, 0x02, 0x00, 0xb1, 0xff, 0xf8, 0xfe, 0xfe, 0xfe, 0xfe, 0xfe, 0xfe, 0xfe, 0xfd, 0xfc,
    0xfb, 0xfe, 0xff, 0xff, 0xdb, 0x57, 0x00, 0x00, 0x02, 0x00, 0x00, 0x00, 0x00, 0x00, 0x00, 0x00,
    0x00, 0x00, 0x00, 0x00, 0x00, 0x00, 0x00, 0x00, 0x00, 0x00, 0x00, 0x00, 0x00, 0x00, 0x00, 0x03,
    0x00, 0x00, 0x14, 0x6d, 0xc3, 0xf9, 0xff, 0xff, 0xff, 0xff, 0xff, 0xff, 0xff, 0xff, 0xeb, 0x29,
    0x01, 0x02, 0x00, 0x00, 0x00, 0x00, 0x02, 0x01, 0x29, 0xeb, 0xff, 0xff, 0xff, 0xff, 0xff, 0xff,
    0xff, 0xff, 0xff, 0xff, 0xff, 0xff, 0xff, 0xff, 0xff, 0xfd, 0xff, 0x3e, 0x00, 0x03, 0x00, 0x00,
    0x00, 0x00, 0x02, 0x01, 0x2a, 0xeb, 0xff, 0xff, 0xff, 0xff, 0xff, 0xff, 0xff, 0xff, 0xff, 0xff,
    0xff, 0xff, 0xd0, 0x6e, 0x0e, 0x00, 0x02, 0x01, 0x00, 0x00, 0x00, 0x00, 0x00, 0x00, 0x00, 0x00,
    0x00, 0x00, 0x00, 0x00, 0x00, 0x00, 0x00, 0x00, 0x00, 0x00, 0x00, 0x00, 0x00, 0x00, 0x00, 0x00,
    0x01, 0x03, 0x00, 0x00, 0x00, 0x24, 0x5d, 0x97, 0xc2, 0xdb, 0xe7, 0xee, 0xe5, 0xa9, 0x27, 0x00,
    0x01, 0x00, 0x00, 0x00, 0x00, 0x00, 0x00, 0x02, 0x00, 0x2a, 0xa7, 0xe0, 0xee, 0xee, 0xee, 0xef,
    0xef, 0xf2, 0xff, 0xff, 0xff, 0xff, 0xff, 0xff, 0xfc, 0xff, 0xba, 0x00, 0x02, 0x00, 0x00, 0x00,
    0x00, 0x00, 0x00, 0x01, 0x00, 0x28, 0xa9, 0xe5, 0xee, 0xee, 0xee, 0xee, 0xec, 0xe5, 0xcf, 0xae,
    0x75, 0x36, 0x01, 0x00, 0x00, 0x03, 0x00, 0x00, 0x00, 0x00, 0x00, 0x00, 0x00, 0x00, 0x00, 0x00,
    0x00, 0x00, 0x00, 0x00, 0x00, 0x00, 0x00, 0x00, 0x00, 0x00, 0x00, 0x00, 0x00, 0x00, 0x00, 0x00,
    0x00, 0x00, 0x01, 0x04, 0x01, 0x00, 0x00, 0x00, 0x00, 0x06, 0x0c, 0x10, 0x0c, 0x00, 0x00, 0x02,
    0x00, 0x00, 0x00, 0x00, 0x00, 0x00, 0x00, 0x00, 0x02, 0x00, 0x00, 0x09, 0x10, 0x10, 0x11, 0x12,
    0x10, 0xbf, 0xff, 0xfc, 0xff, 0xff, 0xff, 0xff, 0xfd, 0xff, 0x3c, 0x00, 0x03, 0x00, 0x00, 0x00,
    0x00, 0x00, 0x00, 0x00, 0x02, 0x00, 0x00, 0x0c, 0x10, 0x10, 0x11, 0x11, 0x0f, 0x0b, 0x00, 0x00,
    0x00, 0x00, 0x00, 0x03, 0x01, 0x00, 0x00, 0x00, 0x00, 0x00, 0x00, 0x00, 0x00, 0x00, 0x00, 0x00,
    0x00, 0x00, 0x00, 0x00, 0x00, 0x00, 0x00, 0x00, 0x00, 0x00, 0x00, 0x00, 0x00, 0x00, 0x00, 0x00,
    0x00, 0x00, 0x00, 0x00, 0x00, 0x02, 0x04, 0x04, 0x02, 0x00, 0x00, 0x00, 0x00, 0x03, 0x02, 0x00,
    0x00, 0x00, 0x00, 0x00, 0x00, 0x00, 0x00, 0x00, 0x00, 0x02, 0x03, 0x00, 0x00, 0x00, 0x00, 0x00,
    0x39, 0xfe, 0xfd, 0xff, 0xff, 0xff, 0xff, 0xfc, 0xff, 0xba, 0x00, 0x02, 0x00, 0x00, 0x00, 0x00,
    0x00, 0x00, 0x00, 0x00, 0x00, 0x02, 0x03, 0x00, 0x00, 0x00, 0x00, 0x00, 0x00, 0x00, 0x00, 0x03,
    0x04, 0x03, 0x01, 0x00, 0x00, 0x00, 0x00, 0x00, 0x00, 0x00, 0x00, 0x00, 0x00, 0x00, 0x00, 0x00,
    0x00, 0x00, 0x00, 0x00, 0x00, 0x00, 0x00, 0x00, 0x00, 0x00, 0x00, 0x00, 0x00, 0x00, 0x00, 0x00,
    0x00, 0x00, 0x00, 0x00, 0x00, 0x00, 0x00, 0x00, 0x00, 0x01, 0x01, 0x01, 0x01, 0x00, 0x00, 0x00,
    0x00, 0x00, 0x00, 0x00, 0x00, 0x00, 0x00, 0x00, 0x00, 0x00, 0x00, 0x01, 0x01, 0x01, 0x03, 0x00,
    0xbc, 0xff, 0xfc, 0xff, 0xff, 0xff, 0xff, 0xfd, 0xff, 0x3c, 0x00, 0x03, 0x00, 0x00, 0x00, 0x00,
    0x00, 0x00, 0x00, 0x00, 0x00, 0x00, 0x00, 0x01, 0x01, 0x01, 0x01, 0x01, 0x01, 0x01, 0x00, 0x00,
    0x00, 0x00, 0x00, 0x00, 0x00, 0x00, 0x00, 0x00, 0x00, 0x00, 0x00, 0x00, 0x00, 0x00, 0x00, 0x00,
    0x00, 0x00, 0x00, 0x00, 0x00, 0x00, 0x00, 0x00, 0x00, 0x00, 0x00, 0x00, 0x00, 0x00, 0x00, 0x00,
    0x00, 0x00, 0x00, 0x00, 0x00, 0x00, 0x00, 0x00, 0x00, 0x00, 0x00, 0x00, 0x00, 0x00, 0x00, 0x00,
    0x00, 0x00, 0x00, 0x00, 0x00, 0x00, 0x00, 0x00, 0x00, 0x00, 0x00, 0x00, 0x00, 0x03, 0x00, 0x3d,
    0xff, 0xfd, 0xff, 0xff, 0xff, 0xff, 0xfc, 0xff, 0xba, 0x00, 0x02, 0x00, 0x00, 0x00, 0x00, 0x00,
    0x00, 0x00, 0x00, 0x00, 0x00, 0x00, 0x00, 0x00, 0x00, 0x00, 0x00, 0x00, 0x00, 0x00, 0x00, 0x00,
    0x00, 0x00, 0x00, 0x00, 0x00, 0x00, 0x00, 0x00, 0x00, 0x00, 0x00, 0x00, 0x00, 0x00, 0x00, 0x00,
    0x00, 0x00, 0x00, 0x00, 0x00, 0x00, 0x00, 0x00, 0x00, 0x00, 0x00, 0x00, 0x00, 0x00, 0x00, 0x00,
    0x00, 0x00, 0x00, 0x00, 0x00, 0x00, 0x00, 0x00, 0x00, 0x00, 0x00, 0x00, 0x00, 0x00, 0x00, 0x00,
    0x00, 0x00, 0x00, 0x00, 0x00, 0x00, 0x00, 0x00, 0x00, 0x00, 0x00, 0x00, 0x00, 0x02, 0x00, 0xbb,
    0xff, 0xfc, 0xff, 0xff, 0xff, 0xff, 0xfd, 0xff, 0x3c, 0x00, 0x03, 0x00, 0x00, 0x00, 0x00, 0x00,
    0x00, 0x00, 0x00, 0x00, 0x00, 0x00, 0x00, 0x00, 0x00, 0x00, 0x00, 0x00, 0x00, 0x00, 0x00, 0x00,
    0x00, 0x00, 0x00, 0x00, 0x00, 0x00, 0x00, 0x00, 0x00, 0x00, 0x00, 0x00, 0x00, 0x00, 0x00, 0x00,
    0x00, 0x00, 0x00, 0x00, 0x00, 0x00, 0x00, 0x00, 0x00, 0x00, 0x00, 0x00, 0x00, 0x00, 0x00, 0x00,
    0x00, 0x00, 0x00, 0x00, 0x00, 0x00, 0x00, 0x00, 0x00, 0x00, 0x00, 0x00, 0x00, 0x00, 0x00, 0x00,
    0x00, 0x00, 0x00, 0x00, 0x00, 0x00, 0x00, 0x00, 0x00, 0x00, 0x00, 0x00, 0x03, 0x00, 0x3d, 0xff,
    0xfd, 0xff, 0xff, 0xff, 0xff, 0xfc, 0xff, 0xba, 0x00, 0x02, 0x00, 0x00, 0x00, 0x00, 0x00, 0x00,
    0x00, 0x00, 0x00, 0x00, 0x00, 0x00, 0x00, 0x00, 0x00, 0x00, 0x00, 0x00, 0x00, 0x00, 0x00, 0x00,
    0x00, 0x00, 0x00, 0x00, 0x00, 0x00, 0x00, 0x00, 0x00, 0x00, 0x00, 0x00, 0x00, 0x00, 0x00, 0x00,
    0x00, 0x00, 0x00, 0x00, 0x00, 0x00, 0x00, 0x00, 0x00, 0x00, 0x00, 0x00, 0x00, 0x00, 0x00, 0x00,
    0x00, 0x00, 0x00, 0x00, 0x00, 0x00, 0x00, 0x00, 0x00, 0x00, 0x00, 0x00, 0x00, 0x00, 0x00, 0x00,
    0x00, 0x00, 0x00, 0x00, 0x00, 0x00, 0x00, 0x00, 0x00, 0x00, 0x00, 0x00, 0x02, 0x00, 0xbb, 0xff,
    0xfc, 0xff, 0xff, 0xff, 0xff, 0xfd, 0xff, 0x3c, 0x00, 0x03, 0x00, 0x00, 0x00, 0x00, 0x00, 0x00,
    0x00, 0x00, 0x00, 0x00, 0x00, 0x00, 0x00, 0x00, 0x00, 0x00, 0x00, 0x00, 0x00, 0x00, 0x00, 0x00,
    0x00, 0x00, 0x00, 0x00, 0x00, 0x00, 0x00, 0x00, 0x00, 0x00, 0x00, 0x00, 0x00, 0x00, 0x00, 0x00,
    0x00, 0x00, 0x00, 0x00, 0x00, 0x00, 0x00, 0x00, 0x00, 0x00, 0x00, 0x00, 0x00, 0x00, 0x00, 0x00,
    0x00, 0x00, 0x00, 0x00, 0x00, 0x00, 0x00, 0x00, 0x00, 0x00, 0x00, 0x00, 0x00, 0x00, 0x00, 0x00,
    0x00, 0x00, 0x00, 0x00, 0x00, 0x00, 0x00, 0x00, 0x00, 0x00, 0x00, 0x03, 0x00, 0x3d, 0xff, 0xfd,
    0xff, 0xff, 0xff, 0xff, 0xfc, 0xff, 0xba, 0x00, 0x02, 0x00, 0x00, 0x00, 0x00, 0x00, 0x00, 0x00,
    0x00, 0x00, 0x00, 0x00, 0x00, 0x00, 0x00, 0x00, 0x00, 0x00, 0x00, 0x00, 0x00, 0x00, 0x00, 0x00,
    0x00, 0x00, 0x00, 0x00, 0x00, 0x00, 0x00, 0x00, 0x00, 0x00, 0x00, 0x00, 0x00, 0x00, 0x00, 0x00,
    0x00, 0x00, 0x00, 0x00, 0x00, 0x00, 0x00, 0x00, 0x00, 0x00, 0x00, 0x00, 0x00, 0x00, 0x00, 0x00,
    0x00, 0x00, 0x00, 0x00, 0x00, 0x00, 0x00, 0x00, 0x00, 0x00, 0x00, 0x00, 0x00, 0x00, 0x00, 0x00,
    0x00, 0x00, 0x00, 0x00, 0x00, 0x00, 0x00, 0x00, 0x00, 0x00, 0x00, 0x02, 0x00, 0xbb, 0xff, 0xfc,
    0xff, 0xff, 0xff, 0xff, 0xfd, 0xff, 0x3c, 0x00, 0x03, 0x00, 0x00, 0x00, 0x00, 0x00, 0x00, 0x00,
    0x00, 0x00, 0x00, 0x00, 0x00, 0x00, 0x00, 0x00, 0x00, 0x00, 0x00, 0x00, 0x00, 0x00, 0x00, 0x00,
    0x00, 0x00, 0x00, 0x00, 0x00, 0x00, 0x00, 0x00, 0x00, 0x00, 0x00, 0x00, 0x00, 0x00, 0x00, 0x00,
    0x00, 0x00, 0x00, 0x00, 0x00, 0x00, 0x00, 0x00, 0x00, 0x00, 0x00, 0x00, 0x00, 0x00, 0x00, 0x00,
    0x00, 0x00, 0x00, 0x00, 0x00, 0x00, 0x00, 0x00, 0x00, 0x00, 0x00, 0x00, 0x00, 0x00, 0x00, 0x00,
    0x00, 0x00, 0x00, 0x00, 0x00, 0x00, 0x00, 0x00, 0x00, 0x00, 0x03, 0x00, 0x3f, 0xff, 0xfd, 0xff,
    0xff, 0xff, 0xff, 0xfc, 0xff, 0xba, 0x00, 0x02, 0x00, 0x00, 0x00, 0x00, 0x00, 0x00, 0x00, 0x00,
    0x00, 0x00, 0x00, 0x00, 0x00, 0x00, 0x00, 0x00, 0x00, 0x00, 0x00, 0x00, 0x00, 0x00, 0x00, 0x00,
    0x00, 0x00, 0x00, 0x00, 0x00, 0x00, 0x00, 0x00, 0x00, 0x00, 0x00, 0x00, 0x00, 0x00, 0x00, 0x00,
    0x00, 0x00, 0x00, 0x00, 0x00, 0x00, 0x00, 0x00, 0x00, 0x00, 0x00, 0x00, 0x00, 0x00, 0x00, 0x00,
    0x00, 0x00, 0x00, 0x00, 0x00, 0x00, 0x00, 0x00, 0x00, 0x00, 0x00, 0x00, 0x00, 0x00, 0x00, 0x00,
    0x00, 0x00, 0x00, 0x00, 0x00, 0x00, 0x00, 0x00, 0x00, 0x00, 0x02, 0x00, 0xb1, 0xff, 0xfb, 0xff,
    0xff, 0xff, 0xff, 0xfd, 0xff, 0x3c, 0x00, 0x03, 0x00, 0x00, 0x00, 0x00, 0x00, 0x00, 0x00, 0x00,
    0x00, 0x00, 0x00, 0x00, 0x00, 0x00, 0x00, 0x00, 0x00, 0x00, 0x00, 0x00, 0x00, 0x00, 0x00, 0x00,
    0x00, 0x00, 0x00, 0x00, 0x00, 0x00, 0x00, 0x00, 0x00, 0x00, 0x00, 0x00, 0x00, 0x00, 0x00, 0x00,
    0x00, 0x00, 0x00, 0x00, 0x00, 0x00, 0x00, 0x00, 0x00, 0x00, 0x00, 0x00, 0x00, 0x00, 0x00, 0x00,
    0x00, 0x00, 0x00, 0x00, 0x00, 0x00, 0x00, 0x00, 0x00, 0x00, 0x00, 0x00, 0x00, 0x00, 0x00, 0x00,
    0x00, 0x00, 0x00, 0x00, 0x00, 0x00, 0x00, 0x00, 0x00, 0x01, 0x00, 0x0b, 0xe7, 0xff, 0xfe, 0xff,
    0xff, 0xff, 0xfc, 0xff, 0xba, 0x00, 0x02, 0x00, 0x00, 0x00, 0x00, 0x00, 0x00, 0x00, 0x00, 0x00,
    0x00, 0x00, 0x00, 0x00, 0x00, 0x00, 0x00, 0x00, 0x00, 0x00, 0x00, 0x00, 0x00, 0x00, 0x00, 0x00,
    0x00, 0x00, 0x00, 0x00, 0x00, 0x00, 0x00, 0x00, 0x00, 0x00, 0x00, 0x00, 0x00, 0x00, 0x00, 0x00,
    0x00, 0x00, 0x00, 0x00, 0x00, 0x00, 0x00, 0x00, 0x00, 0x00, 0x00, 0x00, 0x00, 0x00, 0x00, 0x00,
    0x00, 0x00, 0x00, 0x00, 0x00, 0x00, 0x00, 0x00, 0x00, 0x00, 0x00, 0x00, 0x00, 0x00, 0x00, 0x00,
    0x00, 0x00, 0x00, 0x00, 0x00, 0x00, 0x00, 0x00, 0x00, 0x01, 0x00, 0x0d, 0xea, 0xfe, 0xfe, 0xff,
    0xff, 0xff, 0xfc, 0xff, 0x3c, 0x00, 0x03, 0x00, 0x00, 0x00, 0x00, 0x00, 0x00, 0x00, 0x00, 0x00,
    0x00, 0x00, 0x00, 0x00, 0x00, 0x00, 0x00, 0x00, 0x00, 0x00, 0x00, 0x00, 0x00, 0x00, 0x00, 0x00,
    0x00, 0x00, 0x00, 0x00, 0x00, 0x00, 0x00, 0x00, 0x00, 0x00, 0x00, 0x00, 0x00, 0x00, 0x00, 0x00,
    0x00, 0x00, 0x00, 0x00, 0x00, 0x00, 0x00, 0x00, 0x00, 0x00, 0x00, 0x00, 0x00, 0x00, 0x00, 0x00,
    0x00, 0x00, 0x00, 0x00, 0x00, 0x00, 0x00, 0x00, 0x00, 0x00, 0x00, 0x00, 0x00, 0x00, 0x00, 0x00,
    0x00, 0x00, 0x00, 0x00, 0x00, 0x00, 0x00, 0x00, 0x00, 0x00, 0x02, 0x00, 0xae, 0xff, 0xf8, 0xfe,
    0xfe, 0xf9, 0xff, 0xba, 0x00, 0x02, 0x00, 0x00, 0x00, 0x00, 0x00, 0x00, 0x00, 0x00, 0x00, 0x00,
    0x00, 0x00, 0x00, 0x00, 0x00, 0x00, 0x00, 0x00, 0x00, 0x00, 0x00, 0x00, 0x00, 0x00, 0x00, 0x00,
    0x00, 0x00, 0x00, 0x00, 0x00, 0x00, 0x00, 0x00, 0x00, 0x00, 0x00, 0x00, 0x00, 0x00, 0x00, 0x00,
    0x00, 0x00, 0x00, 0x00, 0x00, 0x00, 0x00, 0x00, 0x00, 0x00, 0x00, 0x00, 0x00, 0x00, 0x00, 0x00,
    0x00, 0x00, 0x00, 0x00, 0x00, 0x00, 0x00, 0x00, 0x00, 0x00, 0x00, 0x00, 0x00, 0x00, 0x00, 0x00,
    0x00, 0x00, 0x00, 0x00, 0x00, 0x00, 0x00, 0x00, 0x00, 0x00, 0x02, 0x01, 0x29, 0xeb, 0xff, 0xff,
    0xff, 0xff, 0xef, 0x2b, 0x01, 0x02, 0x00, 0x00, 0x00, 0x00, 0x00, 0x00, 0x00, 0x00, 0x00, 0x00,
    0x00, 0x00, 0x00, 0x00, 0x00, 0x00, 0x00, 0x00, 0x00, 0x00, 0x00, 0x00, 0x00, 0x00, 0x00, 0x00,
    0x00, 0x00, 0x00, 0x00, 0x00, 0x00, 0x00, 0x00, 0x00, 0x00, 0x00, 0x00, 0x00, 0x00, 0x00, 0x00,
    0x00, 0x00, 0x00, 0x00, 0x00, 0x00, 0x00, 0x00, 0x00, 0x00, 0x00, 0x00, 0x00, 0x00, 0x00, 0x00,
    0x00, 0x00, 0x00, 0x00, 0x00, 0x00, 0x00, 0x00, 0x00, 0x00, 0x00, 0x00, 0x00, 0x00, 0x00, 0x00,
    0x00, 0x00, 0x00, 0x00, 0x00, 0x00, 0x00, 0x00, 0x00, 0x00, 0x00, 0x02, 0x00, 0x2a, 0xa6, 0xe1,
    0xea, 0xb1, 0x2e, 0x00, 0x02, 0x00, 0x00, 0x00, 0x00, 0x00, 0x00, 0x00, 0x00, 0x00, 0x00, 0x00,
    0x00, 0x00, 0x00, 0x00, 0x00, 0x00, 0x00, 0x00, 0x00, 0x00, 0x00, 0x00, 0x00, 0x00, 0x00, 0x00,
    0x00, 0x00, 0x00, 0x00, 0x00, 0x00, 0x00, 0x00, 0x00, 0x00, 0x00, 0x00, 0x00, 0x00, 0x00, 0x00,
    0x00, 0x00, 0x00, 0x00, 0x00, 0x00, 0x00, 0x00, 0x00, 0x00, 0x00, 0x00, 0x00, 0x00, 0x00, 0x00,
    0x00, 0x00, 0x00, 0x00, 0x00, 0x00, 0x00, 0x00, 0x00, 0x00, 0x00, 0x00, 0x00, 0x00, 0x00, 0x00,
    0x00, 0x00, 0x00, 0x00, 0x00, 0x00, 0x00, 0x00, 0x00, 0x00, 0x00, 0x00, 0x02, 0x00, 0x00, 0x09,
    0x0f, 0x00, 0x00, 0x02, 0x00, 0x00, 0x00, 0x00, 0x00, 0x00, 0x00, 0x00, 0x00, 0x00, 0x00, 0x00,
    0x00, 0x00, 0x00, 0x00, 0x00, 0x00, 0x00, 0x00, 0x00, 0x00, 0x00, 0x00, 0x00, 0x00, 0x00, 0x00,
    0x00, 0x00, 0x00, 0x00, 0x00, 0x00, 0x00, 0x00, 0x00, 0x00, 0x00, 0x00, 0x00, 0x00, 0x00, 0x00,
    0x00, 0x00, 0x00, 0x00, 0x00, 0x00, 0x00, 0x00, 0x00, 0x00, 0x00, 0x00, 0x00, 0x00, 0x00, 0x00,
    0x00, 0x00, 0x00, 0x00, 0x00, 0x00, 0x00, 0x00, 0x00, 0x00, 0x00, 0x00, 0x00, 0x00, 0x00, 0x00,
    0x00, 0x00, 0x00, 0x00, 0x00, 0x00, 0x00, 0x00, 0x00, 0x00, 0x00, 0x00, 0x00, 0x02, 0x03, 0x00,
    0x00, 0x02, 0x02, 0x00, 0x00, 0x00, 0x00, 0x00, 0x00, 0x00, 0x00, 0x00, 0x00, 0x00, 0x00, 0x00,
    0x00, 0x00, 0x00, 0x00, 0x00, 0x00, 0x00, 0x00, 0x00, 0x00, 0x00, 0x00, 0x00, 0x00, 0x00, 0x00,
    0x00, 0x00, 0x00, 0x00, 0x00, 0x00, 0x00, 0x00, 0x00, 0x00, 0x00, 0x00, 0x00, 0x00, 0x00, 0x00,
    0x00, 0x00, 0x00, 0x00, 0x00, 0x00, 0x00, 0x00, 0x00, 0x00, 0x00, 0x00, 0x00, 0x00, 0x00, 0x00,
    0x00, 0x00, 0x00, 0x00, 0x00, 0x00, 0x00, 0x00, 0x00, 0x00, 0x00, 0x00, 0x00, 0x00, 0x00, 0x00,
    0x00, 0x00, 0x00, 0x00, 0x00, 0x00, 0x00, 0x00, 0x00, 0x00, 0x00, 0x00, 0x00, 0x00, 0x00, 0x01,
    0x01, 0x00, 0x00, 0x00, 0x00, 0x00, 0x00, 0x00, 0x00, 0x00, 0x00, 0x00, 0x00, 0x00, 0x00, 0x00,
    0x00, 0x00, 0x00, 0x00, 0x00, 0x00, 0x00, 0x00, 0x00, 0x00, 0x00, 0x00, 0x00, 0x00, 0x00, 0x00,
    0x00, 0x00, 0x00, 0x00, 0x00, 0x00, 0x00, 0x00, 0x00, 0x00, 0x00, 0x00, 0x00, 0x00, 0x00, 0x00,
    0x00, 0x00, 0x00, 0x00, 0x00, 0x00, 0x00, 0x00, 0x00, 0x00, 0x00, 0x00, 0x00, 0x00, 0x00, 0x00,
    0x00, 0x00, 0x00, 0x00, 0x00, 0x00, 0x00, 0x00, 0x00, 0x00, 0x00, 0x00, 0x00, 0x00, 0x00, 0x00,
    0x00, 0x00, 0x00, 0x00, 0x00, 0x00, 0x00, 0x00, 0x00, 0x00, 0x00, 0x00, 0x00, 0x00, 0x00, 0x00,
    0x00, 0x00, 0x00, 0x00, 0x00, 0x00, 0x00, 0x00, 0x00, 0x00, 0x00, 0x00, 0x00, 0x00, 0x00, 0x00,
    0x00, 0x00, 0x00, 0x00, 0x00, 0x00, 0x00, 0x00, 0x00, 0x00, 0x00, 0x00, 0x00, 0x00, 0x00, 0x00,
    0x00, 0x00, 0x00, 0x00, 0x00, 0x00, 0x00, 0x00, 0x00, 0x00, 0x00, 0x00, 0x00, 0x00, 0x00, 0x00,
};

/* cpu 16px */
static const uint8_t icon_cpu_16_map[] = {
    0x00, 0x00, 0x00, 0x03, 0x04, 0x01, 0x00, 0x00, 0x00, 0x00, 0x01, 0x04, 0x03, 0x00, 0x00, 0x00,
    0x00, 0x00, 0x00, 0x00, 0x00, 0x00, 0xb6, 0x2e, 0x2f, 0xb6, 0x00, 0x00, 0x00, 0x00, 0x00, 0x00,
    0x00, 0x00, 0x00, 0x4c, 0x73, 0x87, 0xff, 0xae, 0xae, 0xff, 0x86, 0x73, 0x4c, 0x00, 0x00, 0x00,
    0x03, 0x01, 0x51, 0xff, 0xff, 0xff, 0xfe, 0xff, 0xff, 0xfe, 0xff, 0xff, 0xff, 0x4f, 0x01, 0x03,
    0x04, 0x00, 0x74, 0xfe, 0x42, 0x1b, 0x2c, 0x21, 0x21, 0x2c, 0x1b, 0x42, 0xfe, 0x74, 0x00, 0x04,
    0x03, 0x0c, 0x89, 0xfe, 0x12, 0x71, 0xc2, 0xca, 0xca, 0xc2, 0x70, 0x12, 0xfe, 0x89, 0x0c, 0x03,
    0x00, 0xb7, 0xff, 0xfd, 0x27, 0xc9, 0xff, 0xd4, 0xd4, 0xff, 0xc9, 0x27, 0xfd, 0xff, 0xb6, 0x00,
    0x02, 0x38, 0xac, 0xfe, 0x1b, 0xc6, 0xd0, 0x00, 0x00, 0xd0, 0xc6, 0x1c, 0xfe, 0xab, 0x37, 0x02,
    0x02, 0x35, 0xaa, 0xfe, 0x1c, 0xc6, 0xd0, 0x00, 0x00, 0xd0, 0xc6, 0x1c, 0xfe, 0xaa, 0x34, 0x02,
    0x00, 0xb4, 0xff, 0xfd, 0x27, 0xc9, 0xff, 0xd4, 0xd4, 0xff, 0xc9, 0x27, 0xfd, 0xff, 0xb3, 0x00,
    0x03, 0x0a, 0x89, 0xfe, 0x12, 0x6d, 0xc2, 0xca, 0xca, 0xc2, 0x6c, 0x12, 0xfe, 0x89, 0x0a, 0x03,
    0x04, 0x00, 0x74, 0xfe, 0x42, 0x1b, 0x2c, 0x21, 0x21, 0x2c, 0x1b, 0x42, 0xfe, 0x74, 0x00, 0x04,
    0x03, 0x01, 0x4e, 0xff, 0xff, 0xff, 0xfe, 0xff, 0xff, 0xfe, 0xff, 0xff, 0xff, 0x4d, 0x01, 0x03,
    0x00, 0x00, 0x00, 0x4c, 0x73, 0x87, 0xff, 0xae, 0xae, 0xff, 0x86, 0x73, 0x4c, 0x00, 0x00, 0x00,
    0x00, 0x00, 0x00, 0x00, 0x00, 0x00, 0xb3, 0x2b, 0x2c, 0xb3, 0x00, 0x00, 0x00, 0x00, 0x00, 0x00,
    0x00, 0x00, 0x00, 0x03, 0x04, 0x01, 0x00, 0x00, 0x00, 0x00, 0x01, 0x04, 0x03, 0x00, 0x00, 0x00,
};

/* cpu 20px */
static const uint8_t icon_cpu_20_map[] = {
    0x00, 0x00, 0x00, 0x00, 0x00, 0x00, 0x00, 0x00, 0x00, 0x00, 0x00, 0x00, 0x00, 0x00, 0x00, 0x00,
    0x00, 0x00, 0x00, 0x00, 0x00, 0x00, 0x00, 0x01, 0x03, 0x04, 0x03, 0x17, 0x40, 0x03, 0x03, 0x40,
    0x17, 0x03, 0x04, 0x03, 0x01, 0x00, 0x00, 0x00, 0x00, 0x00, 0x00, 0x00, 0x00, 0x00, 0x00, 0x73,
    0xff, 0x10, 0x10, 0xff, 0x73, 0x00, 0x00, 0x00, 0x00, 0x00, 0x00, 0x00, 0x00, 0x01, 0x00, 0x10,
    0x8c, 0xb5, 0xb0, 0xdc, 0xff, 0xbe, 0xbe, 0xff, 0xdc, 0xb0, 0xb5, 0x8c, 0x10, 0x00, 0x01, 0x00,
    0x00, 0x04, 0x00, 0x88, 0xff, 0xfa, 0xfe, 0xf9, 0xf2, 0xff, 0xff, 0xf2, 0xf9, 0xfe, 0xfb, 0xff,
    0x86, 0x00, 0x04, 0x00, 0x00, 0x04, 0x04, 0xb2, 0xfa, 0x1a, 0x0b, 0x01, 0x01, 0x00, 0x00, 0x01,
    0x01, 0x0b, 0x1a, 0xfa, 0xb1, 0x04, 0x04, 0x00, 0x00, 0x00, 0x00, 0xa7, 0xff, 0x07, 0x04, 0x47,
    0x4c, 0x49, 0x49, 0x4c, 0x47, 0x04, 0x07, 0xff, 0xa6, 0x00, 0x00, 0x00, 0x00, 0x1a, 0x79, 0xd6,
    0xf8, 0x02, 0x4c, 0xff, 0xff, 0xff, 0xff, 0xff, 0xff, 0x4b, 0x02, 0xf8, 0xd5, 0x79, 0x1a, 0x00,
    0x00, 0x47, 0xff, 0xff, 0xf0, 0x01, 0x51, 0xfc, 0x86, 0x4c, 0x4c, 0x86, 0xfc, 0x51, 0x01, 0xf0,
    0xff, 0xff, 0x46, 0x00, 0x00, 0x02, 0x1d, 0xbc, 0xfd, 0x00, 0x4e, 0xff, 0x4b, 0x00, 0x00, 0x4b,
    0xff, 0x4e, 0x00, 0xfd, 0xbb, 0x1d, 0x02, 0x00, 0x00, 0x05, 0x21, 0xbb, 0xfd, 0x00, 0x4e, 0xff,
    0x4b, 0x00, 0x00, 0x4b, 0xff, 0x4e, 0x00, 0xfd, 0xba, 0x21, 0x05, 0x00, 0x00, 0x49, 0xff, 0xff,
    0xf0, 0x01, 0x51, 0xfc, 0x86, 0x4c, 0x4c, 0x86, 0xfc, 0x51, 0x01, 0xf0, 0xff, 0xff, 0x48, 0x00,
    0x00, 0x1b, 0x7c, 0xd6, 0xf8, 0x02, 0x4d, 0xff, 0xff, 0xff, 0xff, 0xff, 0xff, 0x4d, 0x02, 0xf8,
    0xd5, 0x7c, 0x1a, 0x00, 0x00, 0x00, 0x00, 0xa7, 0xff, 0x07, 0x05, 0x47, 0x4b, 0x49, 0x49, 0x4c,
    0x47, 0x04, 0x07, 0xff, 0xa6, 0x00, 0x00, 0x00, 0x00, 0x04, 0x04, 0xb2, 0xfa, 0x1a, 0x0b, 0x01,
    0x01, 0x00, 0x00, 0x01, 0x01, 0x0b, 0x1a, 0xfa, 0xb1, 0x04, 0x04, 0x00, 0x00, 0x04, 0x00, 0x8d,
    0xff, 0xfa, 0xfe, 0xf9, 0xf2, 0xff, 0xff, 0xf2, 0xf9, 0xfe, 0xfa, 0xff, 0x8c, 0x00, 0x04, 0x00,
    0x00, 0x01, 0x00, 0x11, 0x8c, 0xb5, 0xb0, 0xdb, 0xff, 0xbe, 0xbe, 0xff, 0xdb, 0xb0, 0xb5, 0x8c,
    0x11, 0x00, 0x01, 0x00, 0x00, 0x00, 0x00, 0x00, 0x00, 0x00, 0x00, 0x75, 0xff, 0x11, 0x11, 0xff,
    0x74, 0x00, 0x00, 0x00, 0x00, 0x00, 0x00, 0x00, 0x00, 0x00, 0x00, 0x01, 0x03, 0x04, 0x03, 0x18,
    0x41, 0x04, 0x04, 0x41, 0x17, 0x03, 0x04, 0x03, 0x01, 0x00, 0x00, 0x00, 0x00, 0x00, 0x00, 0x00,
    0x00, 0x00, 0x00, 0x00, 0x00, 0x00, 0x00, 0x00, 0x00, 0x00, 0x00, 0x00, 0x00, 0x00, 0x00, 0x00,
};

/* database 16px */
static const uint8_t icon_database_16_map[] = {
    0x00, 0x00, 0x03, 0x00, 0x00, 0x00, 0x00, 0x00, 0x00, 0x00, 0x00, 0x00, 0x00, 0x03, 0x00, 0x00,
    0x00, 0x01, 0x00, 0x08, 0x4f, 0x8e, 0xb8, 0xcc, 0xcc, 0xb8, 0x8e, 0x4e, 0x08, 0x00, 0x01, 0x00,
    0x02, 0x00, 0x46, 0xe2, 0xff, 0xff, 0xef, 0xde, 0xde, 0xef, 0xff, 0xff, 0xe2, 0x46, 0x00, 0x02,
    0x01, 0x16, 0xf3, 0xd5, 0x45, 0x16, 0x03, 0x00, 0x00, 0x03, 0x16, 0x45, 0xd6, 0xf3, 0x14, 0x01,
    0x00, 0x2c, 0xff, 0xce, 0x47, 0x16, 0x03, 0x00, 0x00, 0x03, 0x16, 0x47, 0xce, 0xff, 0x2a, 0x00,
    0x00, 0x26, 0xfc, 0xff, 0xff, 0xff, 0xee, 0xdd, 0xdd, 0xee, 0xff, 0xff, 0xff, 0xfc, 0x26, 0x00,
    0x00, 0x23, 0xff, 0x7f, 0x42, 0x91, 0xbc, 0xcf, 0xcf, 0xbc, 0x91, 0x42, 0x7f, 0xff, 0x23, 0x00,
    0x00, 0x27, 0xff, 0x6e, 0x00, 0x00, 0x00, 0x00, 0x00, 0x00, 0x00, 0x00, 0x6f, 0xff, 0x26, 0x00,
    0x00, 0x2a, 0xfd, 0xd7, 0x59, 0x21, 0x07, 0x00, 0x00, 0x07, 0x21, 0x5a, 0xd7, 0xfd, 0x29, 0x00,
    0x00, 0x26, 0xfd, 0xff, 0xff, 0xff, 0xed, 0xdc, 0xdc, 0xed, 0xff, 0xff, 0xfe, 0xfd, 0x26, 0x00,
    0x00, 0x23, 0xfe, 0x7f, 0x42, 0x91, 0xbc, 0xcf, 0xcf, 0xbc, 0x91, 0x42, 0x7f, 0xfe, 0x23, 0x00,
    0x00, 0x24, 0xff, 0x6a, 0x00, 0x00, 0x00, 0x00, 0x00, 0x00, 0x00, 0x00, 0x6b, 0xff, 0x24, 0x00,
    0x00, 0x11, 0xf7, 0xdb, 0x58, 0x21, 0x07, 0x00, 0x00, 0x07, 0x21, 0x58, 0xdc, 0xf6, 0x11, 0x00,
    0x02, 0x00, 0x50, 0xe7, 0xff, 0xff, 0xee, 0xdd, 0xdd, 0xee, 0xff, 0xff, 0xe7, 0x50, 0x00, 0x02,
    0x00, 0x01, 0x00, 0x0a, 0x46, 0x8a, 0xb8, 0xcb, 0xcb, 0xb8, 0x8a, 0x45, 0x0a, 0x00, 0x01, 0x00,
    0x00, 0x00, 0x03, 0x00, 0x00, 0x00, 0x00, 0x00, 0x00, 0x00, 0x00, 0x00, 0x00, 0x03, 0x00, 0x00,
};

/* database 20px */
static const uint8_t icon_database_20_map[] = {
    0x00, 0x00, 0x00, 0x01, 0x04, 0x03, 0x00, 0x00, 0x00, 0x00, 0x00, 0x00, 0x00, 0x00, 0x03, 0x04,
    0x01, 0x00, 0x00, 0x00, 0x00, 0x00, 0x01, 0x00, 0x00, 0x00, 0x09, 0x27, 0x3b, 0x48, 0x48, 0x3b,
    0x27, 0x09, 0x00, 0x00, 0x00, 0x01, 0x00, 0x00, 0x00, 0x01, 0x00, 0x00, 0x53, 0xb4, 0xf4, 0xff,
    0xff, 0xff, 0xff, 0xff, 0xff, 0xf4, 0xb4, 0x53, 0x00, 0x00, 0x01, 0x00, 0x01, 0x02, 0x0b, 0xb4,
    0xff, 0xff, 0xba, 0x86, 0x66, 0x53, 0x53, 0x67, 0x86, 0xba, 0xff, 0xff, 0xb3, 0x0a, 0x02, 0x01,
    0x04, 0x00, 0x68, 0xff, 0x85, 0x12, 0x00, 0x00, 0x00, 0x00, 0x00, 0x00, 0x00, 0x00, 0x12, 0x85,
    0xff, 0x67, 0x00, 0x04, 0x05, 0x00, 0x81, 0xfd, 0x85, 0x12, 0x00, 0x00, 0x00, 0x00, 0x00, 0x00,
    0x00, 0x00, 0x12, 0x85, 0xfd, 0x81, 0x00, 0x05, 0x05, 0x00, 0x7f, 0xff, 0xff, 0xff, 0xba, 0x85,
    0x66, 0x53, 0x53, 0x66, 0x86, 0xbb, 0xff, 0xff, 0xff, 0x7f, 0x00, 0x05, 0x05, 0x00, 0x81, 0xff,
    0x75, 0xaf, 0xf4, 0xff, 0xff, 0xff, 0xff, 0xff, 0xff, 0xf3, 0xaf, 0x75, 0xff, 0x81, 0x00, 0x05,
    0x05, 0x00, 0x80, 0xff, 0x22, 0x00, 0x0b, 0x2a, 0x47, 0x4e, 0x4e, 0x47, 0x2a, 0x0b, 0x00, 0x22,
    0xff, 0x80, 0x00, 0x05, 0x05, 0x00, 0x7f, 0xff, 0x28, 0x00, 0x02, 0x00, 0x00, 0x00, 0x00, 0x00,
    0x00, 0x02, 0x00, 0x28, 0xff, 0x7f, 0x00, 0x05, 0x05, 0x00, 0x7e, 0xff, 0x92, 0x18, 0x00, 0x00,
    0x00, 0x00, 0x00, 0x00, 0x00, 0x00, 0x18, 0x92, 0xff, 0x7e, 0x00, 0x05, 0x05, 0x00, 0x80, 0xff,
    0xff, 0xff, 0xba, 0x85, 0x66, 0x53, 0x53, 0x66, 0x85, 0xbb, 0xff, 0xff, 0xff, 0x80, 0x00, 0x05,
    0x05, 0x00, 0x81, 0xff, 0x75, 0xaf, 0xf4, 0xff, 0xff, 0xff, 0xff, 0xff, 0xff, 0xf3, 0xaf, 0x75,
    0xff, 0x81, 0x00, 0x05, 0x05, 0x00, 0x7f, 0xff, 0x22, 0x00, 0x0b, 0x2a, 0x47, 0x4e, 0x4e, 0x47,
    0x2a, 0x0b, 0x00, 0x23, 0xff, 0x7f, 0x00, 0x05, 0x05, 0x00, 0x83, 0xfd, 0x24, 0x00, 0x01, 0x00,
    0x00, 0x00, 0x00, 0x00, 0x00, 0x01, 0x00, 0x24, 0xfd, 0x83, 0x00, 0x05, 0x04, 0x00, 0x61, 0xff,
    0x90, 0x18, 0x00, 0x00, 0x00, 0x00, 0x00, 0x00, 0x00, 0x00, 0x18, 0x90, 0xff, 0x60, 0x00, 0x04,
    0x01, 0x01, 0x0a, 0xb0, 0xff, 0xfd, 0xba, 0x85, 0x66, 0x53, 0x53, 0x66, 0x85, 0xba, 0xfd, 0xff,
    0xaf, 0x0a, 0x01, 0x01, 0x00, 0x01, 0x00, 0x00, 0x50, 0xb4, 0xf3, 0xff, 0xff, 0xff, 0xff, 0xff,
    0xff, 0xf3, 0xb4, 0x50, 0x00, 0x00, 0x01, 0x00, 0x00, 0x00, 0x01, 0x01, 0x00, 0x00, 0x09, 0x2a,
    0x46, 0x4d, 0x4d, 0x46, 0x29, 0x09, 0x00, 0x00, 0x01, 0x01, 0x00, 0x00, 0x00, 0x00, 0x00, 0x00,
    0x03, 0x03, 0x00, 0x00, 0x00, 0x00, 0x00, 0x00, 0x00, 0x00, 0x03, 0x03, 0x00, 0x00, 0x00, 0x00,
};

/* device-desktop 16px */
static const uint8_t icon_device_desktop_16_map[] = {
    0x00, 0x01, 0x00, 0x00, 0x00, 0x00, 0x00, 0x00, 0x00, 0x00, 0x00, 0x00, 0x00, 0x00, 0x01, 0x00,
    0x00, 0x00, 0x1d, 0x26, 0x24, 0x25, 0x25, 0x25, 0x25, 0x25, 0x25, 0x24, 0x26, 0x1d, 0x00, 0x00,
    0x00, 0x6d, 0xfa, 0xff, 0xff, 0xff, 0xff, 0xff, 0xff, 0xff, 0xff, 0xff, 0xff, 0xfa, 0x6c, 0x00,
    0x00, 0xce, 0xeb, 0x6f, 0x72, 0x71, 0x71, 0x71, 0x71, 0x71, 0x71, 0x72, 0x6f, 0xeb, 0xcd, 0x00,
    0x00, 0xcc, 0xce, 0x00, 0x00, 0x00, 0x00, 0x00, 0x00, 0x00, 0x00, 0x00, 0x00, 0xce, 0xcd, 0x00,
    0x00, 0xcd, 0xd3, 0x04, 0x06, 0x04, 0x04, 0x04, 0x04, 0x04, 0x04, 0x05, 0x04, 0xd3, 0xcd, 0x00,
    0x00, 0xcd, 0xd2, 0x00, 0x02, 0x00, 0x00, 0x00, 0x00, 0x00, 0x00, 0x01, 0x00, 0xd2, 0xcd, 0x00,
    0x00, 0xcd, 0xd2, 0x02, 0x04, 0x02, 0x02, 0x02, 0x02, 0x02, 0x02, 0x03, 0x02, 0xd2, 0xcd, 0x00,
    0x00, 0xcc, 0xd0, 0x00, 0x00, 0x00, 0x00, 0x00, 0x00, 0x00, 0x00, 0x00, 0x00, 0xd0, 0xcc, 0x00,
    0x00, 0xd0, 0xd7, 0x24, 0x26, 0x2d, 0x2d, 0x25, 0x25, 0x2d, 0x2d, 0x25, 0x24, 0xd7, 0xd0, 0x00,
    0x00, 0x9c, 0xff, 0xff, 0xff, 0xff, 0xff, 0xff, 0xff, 0xff, 0xff, 0xff, 0xff, 0xff, 0x9b, 0x00,
    0x00, 0x0c, 0x62, 0x72, 0x5f, 0xe2, 0xe2, 0x5e, 0x5e, 0xe2, 0xe2, 0x5f, 0x73, 0x62, 0x0c, 0x00,
    0x00, 0x00, 0x00, 0x00, 0x4e, 0xe4, 0xe1, 0x5e, 0x5e, 0xe1, 0xe4, 0x4e, 0x00, 0x00, 0x00, 0x00,
    0x00, 0x03, 0x04, 0x1f, 0xfe, 0xff, 0xff, 0xff, 0xff, 0xff, 0xff, 0xfe, 0x1d, 0x04, 0x02, 0x00,
    0x00, 0x00, 0x00, 0x00, 0x18, 0x2d, 0x2b, 0x24, 0x24, 0x2b, 0x2d, 0x17, 0x00, 0x00, 0x00, 0x00,
    0x00, 0x00, 0x00, 0x00, 0x00, 0x00, 0x00, 0x00, 0x00, 0x00, 0x00, 0x00, 0x00, 0x00, 0x00, 0x00,
};

/* device-desktop 20px */
static const uint8_t icon_device_desktop_20_map[] = {
    0x00, 0x00, 0x03, 0x05, 0x05, 0x05, 0x05, 0x05, 0x05, 0x05, 0x05, 0x05, 0x05, 0x05, 0x05, 0x05,
    0x05, 0x03, 0x00, 0x00, 0x00, 0x01, 0x00, 0x00, 0x00, 0x00, 0x00, 0x00, 0x00, 0x00, 0x00, 0x00,
    0x00, 0x00, 0x00, 0x00, 0x00, 0x00, 0x01, 0x00, 0x01, 0x00, 0x3d, 0x7f, 0x7f, 0x7f, 0x7f, 0x7f,
    0x7f, 0x7f, 0x7f, 0x7f, 0x7f, 0x7f, 0x7f, 0x7f, 0x7f, 0x3c, 0x00, 0x01, 0x00, 0x2c, 0xfd, 0xff,
    0xff, 0xff, 0xff, 0xff, 0xff, 0xff, 0xff, 0xff, 0xff, 0xff, 0xff, 0xff, 0xff, 0xfc, 0x2a, 0x00,
    0x00, 0x56, 0xff, 0x72, 0x30, 0x33, 0x31, 0x31, 0x31, 0x31, 0x31, 0x31, 0x31, 0x31, 0x33, 0x30,
    0x72, 0xff, 0x54, 0x00, 0x00, 0x51, 0xfe, 0x4b, 0x00, 0x00, 0x00, 0x00, 0x00, 0x00, 0x00, 0x00,
    0x00, 0x00, 0x00, 0x00, 0x4b, 0xfe, 0x51, 0x00, 0x00, 0x52, 0xff, 0x55, 0x03, 0x06, 0x03, 0x03,
    0x03, 0x03, 0x03, 0x03, 0x03, 0x03, 0x06, 0x03, 0x55, 0xff, 0x52, 0x00, 0x00, 0x52, 0xff, 0x53,
    0x00, 0x03, 0x00, 0x00, 0x00, 0x00, 0x00, 0x00, 0x00, 0x00, 0x03, 0x00, 0x53, 0xff, 0x52, 0x00,
    0x00, 0x52, 0xff, 0x53, 0x00, 0x03, 0x00, 0x00, 0x00, 0x00, 0x00, 0x00, 0x00, 0x00, 0x03, 0x00,
    0x53, 0xff, 0x52, 0x00, 0x00, 0x52, 0xff, 0x53, 0x00, 0x03, 0x00, 0x00, 0x00, 0x00, 0x00, 0x00,
    0x00, 0x00, 0x03, 0x00, 0x53, 0xff, 0x52, 0x00, 0x00, 0x52, 0xff, 0x56, 0x04, 0x07, 0x04, 0x04,
    0x04, 0x04, 0x04, 0x04, 0x04, 0x04, 0x07, 0x04, 0x56, 0xff, 0x52, 0x00, 0x00, 0x52, 0xfd, 0x46,
    0x00, 0x00, 0x00, 0x00, 0x00, 0x00, 0x00, 0x00, 0x00, 0x00, 0x00, 0x00, 0x46, 0xfd, 0x52, 0x00,
    0x00, 0x50, 0xff, 0xa7, 0x7f, 0x80, 0x7f, 0x80, 0x7f, 0x7f, 0x7f, 0x7f, 0x80, 0x7f, 0x80, 0x7f,
    0xa7, 0xff, 0x50, 0x00, 0x01, 0x18, 0xd3, 0xff, 0xff, 0xff, 0xff, 0xff, 0xff, 0xff, 0xff, 0xff,
    0xff, 0xff, 0xff, 0xff, 0xff, 0xd3, 0x17, 0x01, 0x01, 0x00, 0x0a, 0x31, 0x33, 0x29, 0x6b, 0xfb,
    0x6b, 0x25, 0x25, 0x6b, 0xfb, 0x6b, 0x29, 0x33, 0x31, 0x0a, 0x00, 0x01, 0x00, 0x01, 0x00, 0x00,
    0x00, 0x12, 0x6d, 0xfb, 0x6b, 0x25, 0x25, 0x6b, 0xfb, 0x6d, 0x12, 0x00, 0x00, 0x00, 0x01, 0x00,
    0x00, 0x00, 0x02, 0x03, 0x0d, 0xf4, 0xff, 0xff, 0xff, 0xff, 0xff, 0xff, 0xff, 0xff, 0xf3, 0x0d,
    0x03, 0x02, 0x00, 0x00, 0x00, 0x00, 0x00, 0x00, 0x03, 0x67, 0x7f, 0x7f, 0x80, 0x7f, 0x7f, 0x80,
    0x7f, 0x7f, 0x67, 0x03, 0x00, 0x00, 0x00, 0x00, 0x00, 0x00, 0x00, 0x00, 0x00, 0x00, 0x00, 0x00,
    0x00, 0x00, 0x00, 0x00, 0x00, 0x00, 0x00, 0x00, 0x00, 0x00, 0x00, 0x00, 0x00, 0x00, 0x00, 0x00,
    0x00, 0x04, 0x05, 0x05, 0x05, 0x05, 0x05, 0x05, 0x05, 0x05, 0x04, 0x00, 0x00, 0x00, 0x00, 0x00,
};

/* download 16px */
static const uint8_t icon_download_16_map[] = {
    0x00, 0x00, 0x00, 0x00, 0x00, 0x00, 0x00, 0x00, 0x00, 0x00, 0x00, 0x00, 0x00, 0x00, 0x00, 0x00,
    0x00, 0x00, 0x00, 0x00, 0x00, 0x00, 0x00, 0x12, 0x12, 0x00, 0x00, 0x00, 0x00, 0x00, 0x00, 0x00,
    0x00, 0x00, 0x00, 0x00, 0x00, 0x02, 0x00, 0xc1, 0xbf, 0x00, 0x02, 0x00, 0x00, 0x00, 0x00, 0x00,
    0x00, 0x00, 0x00, 0x00, 0x00, 0x01, 0x00, 0xd5, 0xd5, 0x00, 0x02, 0x00, 0x00, 0x00, 0x00, 0x00,
    0x00, 0x00, 0x00, 0x00, 0x04, 0x03, 0x00, 0xd0, 0xd0, 0x00, 0x04, 0x04, 0x00, 0x00, 0x00, 0x00,
    0x00, 0x00, 0x00, 0x00, 0x00, 0x00, 0x01, 0xd1, 0xd1, 0x01, 0x00, 0x00, 0x00, 0x00, 0x00, 0x00,
    0x00, 0x00, 0x00, 0x07, 0x67, 0x1f, 0x00, 0xd4, 0xd4, 0x00, 0x1f, 0x66, 0x07, 0x00, 0x00, 0x00,
    0x00, 0x01, 0x00, 0x1a, 0xff, 0xdb, 0x14, 0xca, 0xca, 0x14, 0xdb, 0xff, 0x19, 0x00, 0x01, 0x00,
    0x00, 0x00, 0x06, 0x00, 0x4b, 0xff, 0xcc, 0xdb, 0xdc, 0xcc, 0xff, 0x4b, 0x00, 0x06, 0x00, 0x00,
    0x00, 0x00, 0x00, 0x00, 0x00, 0x51, 0xff, 0xff, 0xff, 0xff, 0x51, 0x00, 0x00, 0x00, 0x00, 0x00,
    0x00, 0x04, 0x5e, 0x20, 0x04, 0x00, 0x53, 0xff, 0xff, 0x52, 0x00, 0x04, 0x20, 0x5e, 0x04, 0x00,
    0x00, 0x22, 0xff, 0x75, 0x01, 0x08, 0x00, 0x55, 0x55, 0x00, 0x08, 0x01, 0x76, 0xff, 0x21, 0x00,
    0x00, 0x22, 0xff, 0x75, 0x00, 0x00, 0x00, 0x00, 0x00, 0x00, 0x00, 0x00, 0x76, 0xff, 0x22, 0x00,
    0x01, 0x0a, 0xe4, 0xfb, 0xd2, 0xd7, 0xd6, 0xd9, 0xd9, 0xd6, 0xd7, 0xd3, 0xfb, 0xe3, 0x09, 0x01,
    0x02, 0x00, 0x2f, 0xaf, 0xd1, 0xd1, 0xd2, 0xd2, 0xd2, 0xd2, 0xd1, 0xd1, 0xaf, 0x2e, 0x00, 0x02,
    0x00, 0x01, 0x00, 0x00, 0x00, 0x00, 0x00, 0x00, 0x00, 0x00, 0x00, 0x00, 0x00, 0x00, 0x00, 0x00,
};

/* download 20px */
static const uint8_t icon_download_20_map[] = {
    0x00, 0x00, 0x00, 0x00, 0x00, 0x00, 0x00, 0x00, 0x00, 0x03, 0x03, 0x00, 0x00, 0x00, 0x00, 0x00,
    0x00, 0x00, 0x00, 0x00, 0x00, 0x00, 0x00, 0x00, 0x00, 0x00, 0x00, 0x00, 0x00, 0x00, 0x00, 0x00,
    0x00, 0x00, 0x00, 0x00, 0x00, 0x00, 0x00, 0x00, 0x00, 0x00, 0x00, 0x00, 0x00, 0x00, 0x00, 0x01,
    0x00, 0x54, 0x54, 0x00, 0x01, 0x00, 0x00, 0x00, 0x00, 0x00, 0x00, 0x00, 0x00, 0x00, 0x00, 0x00,
    0x00, 0x00, 0x00, 0x01, 0x00, 0xe4, 0xe4, 0x00, 0x01, 0x00, 0x00, 0x00, 0x00, 0x00, 0x00, 0x00,
    0x00, 0x00, 0x00, 0x00, 0x00, 0x00, 0x00, 0x00, 0x00, 0xd6, 0xd5, 0x00, 0x00, 0x00, 0x00, 0x00,
    0x00, 0x00, 0x00, 0x00, 0x00, 0x00, 0x00, 0x00, 0x00, 0x00, 0x00, 0x00, 0x00, 0xd9, 0xd8, 0x00,
    0x00, 0x00, 0x00, 0x00, 0x00, 0x00, 0x00, 0x00, 0x00, 0x00, 0x00, 0x00, 0x00, 0x03, 0x03, 0x00,
    0x00, 0xd9, 0xd8, 0x00, 0x00, 0x03, 0x03, 0x00, 0x00, 0x00, 0x00, 0x00, 0x00, 0x00, 0x00, 0x00,
    0x00, 0x00, 0x00, 0x02, 0x00, 0xd9, 0xd8, 0x00, 0x02, 0x00, 0x00, 0x00, 0x00, 0x00, 0x00, 0x00,
    0x00, 0x00, 0x00, 0x01, 0x05, 0x8f, 0x5d, 0x00, 0x02, 0xd9, 0xd9, 0x02, 0x00, 0x5d, 0x8e, 0x04,
    0x01, 0x00, 0x00, 0x00, 0x00, 0x00, 0x01, 0x01, 0x09, 0xe4, 0xff, 0x5d, 0x00, 0xdb, 0xdb, 0x00,
    0x5e, 0xff, 0xe4, 0x08, 0x01, 0x01, 0x00, 0x00, 0x00, 0x00, 0x00, 0x02, 0x00, 0x20, 0xdd, 0xff,
    0x58, 0xd1, 0xd1, 0x59, 0xff, 0xdd, 0x20, 0x00, 0x02, 0x00, 0x00, 0x00, 0x00, 0x00, 0x02, 0x03,
    0x03, 0x00, 0x23, 0xe1, 0xff, 0xf2, 0xf2, 0xff, 0xe0, 0x23, 0x00, 0x03, 0x03, 0x02, 0x00, 0x00,
    0x00, 0x00, 0x00, 0x00, 0x00, 0x03, 0x00, 0x24, 0xe2, 0xff, 0xff, 0xe1, 0x24, 0x00, 0x03, 0x00,
    0x00, 0x00, 0x00, 0x00, 0x02, 0x00, 0x40, 0x9e, 0x0f, 0x00, 0x05, 0x00, 0x25, 0xe9, 0xe9, 0x25,
    0x00, 0x04, 0x00, 0x0f, 0x9e, 0x3f, 0x00, 0x02, 0x05, 0x00, 0x87, 0xff, 0x31, 0x03, 0x05, 0x06,
    0x00, 0x22, 0x21, 0x00, 0x06, 0x05, 0x03, 0x31, 0xff, 0x86, 0x00, 0x05, 0x05, 0x00, 0x7f, 0xf9,
    0x20, 0x00, 0x00, 0x00, 0x00, 0x00, 0x00, 0x00, 0x00, 0x00, 0x00, 0x21, 0xf9, 0x80, 0x00, 0x05,
    0x04, 0x00, 0x5b, 0xff, 0x91, 0x4d, 0x50, 0x4e, 0x4e, 0x50, 0x50, 0x4e, 0x4e, 0x50, 0x4d, 0x92,
    0xff, 0x5a, 0x00, 0x04, 0x01, 0x01, 0x0a, 0xbb, 0xff, 0xff, 0xff, 0xff, 0xff, 0xff, 0xff, 0xff,
    0xff, 0xff, 0xff, 0xff, 0xbb, 0x0a, 0x01, 0x01, 0x00, 0x01, 0x00, 0x03, 0x41, 0x4d, 0x4c, 0x4d,
    0x4d, 0x4d, 0x4d, 0x4d, 0x4d, 0x4c, 0x4d, 0x41, 0x03, 0x00, 0x01, 0x00, 0x00, 0x00, 0x01, 0x00,
    0x00, 0x00, 0x00, 0x00, 0x00, 0x00, 0x00, 0x00, 0x00, 0x00, 0x00, 0x00, 0x00, 0x01, 0x00, 0x00,
};

/* droplet 16px */
static const uint8_t icon_droplet_16_map[] = {
    0x00, 0x00, 0x00, 0x00, 0x00, 0x01, 0x00, 0x00, 0x00, 0x00, 0x01, 0x00, 0x00, 0x00, 0x00, 0x00,
    0x00, 0x00, 0x00, 0x00, 0x02, 0x01, 0x1b, 0xaf, 0xab, 0x19, 0x01, 0x02, 0x00, 0x00, 0x00, 0x00,
    0x00, 0x00, 0x00, 0x01, 0x03, 0x00, 0xc1, 0xff, 0xff, 0xc0, 0x00, 0x03, 0x01, 0x00, 0x00, 0x00,
    0x00, 0x00, 0x00, 0x04, 0x00, 0x70, 0xff, 0x5f, 0x5f, 0xff, 0x6f, 0x00, 0x04, 0x00, 0x00, 0x00,
    0x00, 0x00, 0x02, 0x00, 0x27, 0xfc, 0xbf, 0x00, 0x00, 0xc0, 0xfb, 0x26, 0x00, 0x02, 0x00, 0x00,
    0x00, 0x01, 0x03, 0x02, 0xc8, 0xf7, 0x21, 0x01, 0x01, 0x21, 0xf7, 0xc7, 0x02, 0x03, 0x01, 0x00,
    0x00, 0x03, 0x00, 0x76, 0xff, 0x65, 0x00, 0x03, 0x03, 0x00, 0x66, 0xff, 0x75, 0x00, 0x03, 0x00,
    0x02, 0x00, 0x15, 0xf7, 0xba, 0x00, 0x03, 0x00, 0x00, 0x03, 0x00, 0xbb, 0xf6, 0x14, 0x00, 0x01,
    0x04, 0x00, 0x55, 0xff, 0x3f, 0x01, 0x03, 0x00, 0x00, 0x03, 0x01, 0x40, 0xff, 0x55, 0x00, 0x04,
    0x04, 0x00, 0x73, 0xfe, 0x24, 0x01, 0x02, 0x00, 0x00, 0x02, 0x01, 0x24, 0xfe, 0x72, 0x00, 0x04,
    0x04, 0x00, 0x56, 0xff, 0x43, 0x00, 0x05, 0x00, 0x00, 0x05, 0x00, 0x44, 0xff, 0x55, 0x00, 0x04,
    0x02, 0x00, 0x15, 0xf8, 0xc0, 0x00, 0x00, 0x01, 0x01, 0x00, 0x00, 0xc1, 0xf7, 0x14, 0x00, 0x02,
    0x00, 0x03, 0x00, 0x78, 0xff, 0xae, 0x24, 0x00, 0x00, 0x24, 0xaf, 0xff, 0x76, 0x00, 0x03, 0x00,
    0x00, 0x00, 0x03, 0x00, 0x84, 0xff, 0xff, 0xe0, 0xe0, 0xff, 0xff, 0x83, 0x00, 0x03, 0x00, 0x00,
    0x00, 0x00, 0x00, 0x01, 0x00, 0x32, 0x90, 0xc4, 0xc4, 0x90, 0x32, 0x00, 0x01, 0x00, 0x00, 0x00,
    0x00, 0x00, 0x00, 0x00, 0x03, 0x00, 0x00, 0x00, 0x00, 0x00, 0x00, 0x03, 0x00, 0x00, 0x00, 0x00,
};

/* droplet 24px */
static const uint8_t icon_droplet_24_map[] = {
    0x00, 0x00, 0x00, 0x00, 0x00, 0x00, 0x00, 0x00, 0x00, 0x00, 0x03, 0x00, 0x00, 0x03, 0x00, 0x00,
    0x00, 0x00, 0x00, 0x00, 0x00, 0x00, 0x00, 0x00, 0x00, 0x00, 0x00, 0x00, 0x00, 0x00, 0x00, 0x00,
    0x00, 0x01, 0x00, 0x06, 0x05, 0x00, 0x01, 0x00, 0x00, 0x00, 0x00, 0x00, 0x00, 0x00, 0x00, 0x00,
    0x00, 0x00, 0x00, 0x00, 0x00, 0x00, 0x00, 0x00, 0x03, 0x00, 0x6e, 0xdd, 0xdd, 0x66, 0x00, 0x03,
    0x00, 0x00, 0x00, 0x00, 0x00, 0x00, 0x00, 0x00, 0x00, 0x00, 0x00, 0x00, 0x00, 0x00, 0x00, 0x03,
    0x00, 0x4d, 0xff, 0xff, 0xff, 0xff, 0x4d, 0x00, 0x03, 0x00, 0x00, 0x00, 0x00, 0x00, 0x00, 0x00,
    0x00, 0x00, 0x00, 0x00, 0x00, 0x00, 0x02, 0x02, 0x13, 0xe2, 0xff, 0x67, 0x68, 0xff, 0xe1, 0x12,
    0x02, 0x02, 0x00, 0x00, 0x00, 0x00, 0x00, 0x00, 0x00, 0x00, 0x00, 0x00, 0x00, 0x00, 0x04, 0x00,
    0xa1, 0xff, 0xbe, 0x00, 0x00, 0xbe, 0xff, 0xa1, 0x00, 0x04, 0x00, 0x00, 0x00, 0x00, 0x00, 0x00,
    0x00, 0x00, 0x00, 0x00, 0x00, 0x03, 0x00, 0x52, 0xff, 0xf1, 0x25, 0x01, 0x01, 0x25, 0xf1, 0xff,
    0x51, 0x00, 0x03, 0x00, 0x00, 0x00, 0x00, 0x00, 0x00, 0x00, 0x00, 0x00, 0x02, 0x02, 0x16, 0xe4,
    0xff, 0x6a, 0x00, 0x03, 0x03, 0x00, 0x6a, 0xff, 0xe4, 0x15, 0x02, 0x02, 0x00, 0x00, 0x00, 0x00,
    0x00, 0x00, 0x00, 0x00, 0x03, 0x00, 0xa7, 0xff, 0xb8, 0x00, 0x03, 0x00, 0x00, 0x03, 0x00, 0xb8,
    0xff, 0xa6, 0x00, 0x03, 0x00, 0x00, 0x00, 0x00, 0x00, 0x00, 0x00, 0x03, 0x00, 0x58, 0xff, 0xee,
    0x20, 0x01, 0x02, 0x00, 0x00, 0x02, 0x01, 0x21, 0xee, 0xff, 0x57, 0x00, 0x03, 0x00, 0x00, 0x00,
    0x00, 0x00, 0x01, 0x01, 0x13, 0xe6, 0xff, 0x63, 0x00, 0x03, 0x00, 0x00, 0x00, 0x00, 0x03, 0x00,
    0x63, 0xff, 0xe6, 0x13, 0x01, 0x01, 0x00, 0x00, 0x00, 0x00, 0x04, 0x00, 0x74, 0xff, 0xbc, 0x00,
    0x03, 0x00, 0x00, 0x00, 0x00, 0x00, 0x00, 0x03, 0x00, 0xbc, 0xff, 0x73, 0x00, 0x04, 0x00, 0x00,
    0x00, 0x00, 0x01, 0x01, 0xc5, 0xff, 0x4c, 0x00, 0x04, 0x00, 0x00, 0x00, 0x00, 0x00, 0x00, 0x04,
    0x00, 0x4d, 0xff, 0xc4, 0x00, 0x02, 0x00, 0x00, 0x00, 0x01, 0x00, 0x0c, 0xeb, 0xfb, 0x1d, 0x00,
    0x02, 0x00, 0x00, 0x00, 0x00, 0x00, 0x00, 0x02, 0x00, 0x1e, 0xfc, 0xe9, 0x0b, 0x00, 0x01, 0x00,
    0x00, 0x01, 0x00, 0x0f, 0xf3, 0xf5, 0x11, 0x00, 0x01, 0x00, 0x00, 0x00, 0x00, 0x00, 0x00, 0x01,
    0x00, 0x12, 0xf5, 0xf2, 0x0f, 0x00, 0x01, 0x00, 0x00, 0x01, 0x00, 0x05, 0xda, 0xfe, 0x2b, 0x01,
    0x02, 0x00, 0x00, 0x00, 0x00, 0x00, 0x00, 0x02, 0x01, 0x2b, 0xfe, 0xd9, 0x04, 0x00, 0x01, 0x00,
    0x00, 0x00, 0x03, 0x00, 0xa1, 0xfe, 0x78, 0x00, 0x06, 0x00, 0x00, 0x00, 0x00, 0x00, 0x00, 0x06,
    0x00, 0x7a, 0xfe, 0xa0, 0x00, 0x03, 0x00, 0x00, 0x00, 0x00, 0x03, 0x00, 0x44, 0xff, 0xe8, 0x20,
    0x00, 0x05, 0x03, 0x01, 0x01, 0x03, 0x05, 0x00, 0x20, 0xe8, 0xff, 0x43, 0x00, 0x03, 0x00, 0x00,
    0x00, 0x00, 0x00, 0x02, 0x00, 0xad, 0xff, 0xd3, 0x2e, 0x00, 0x00, 0x00, 0x00, 0x00, 0x00, 0x2f,
    0xd3, 0xff, 0xad, 0x00, 0x02, 0x00, 0x00, 0x00, 0x00, 0x00, 0x00, 0x01, 0x02, 0x11, 0xc4, 0xff,
    0xf4, 0x8b, 0x3e, 0x1a, 0x1a, 0x3f, 0x8c, 0xf4, 0xff, 0xc3, 0x11, 0x02, 0x01, 0x00, 0x00, 0x00,
    0x00, 0x00, 0x00, 0x00, 0x02, 0x00, 0x0b, 0x99, 0xff, 0xff, 0xff, 0xf9, 0xfa, 0xff, 0xff, 0xff,
    0x99, 0x0b, 0x00, 0x02, 0x00, 0x00, 0x00, 0x00, 0x00, 0x00, 0x00, 0x00, 0x00, 0x01, 0x00, 0x00,
    0x3a, 0x94, 0xcf, 0xec, 0xec, 0xcf, 0x94, 0x39, 0x00, 0x00, 0x01, 0x00, 0x00, 0x00, 0x00, 0x00,
    0x00, 0x00, 0x00, 0x00, 0x00, 0x00, 0x01, 0x02, 0x00, 0x00, 0x00, 0x0c, 0x0c, 0x00, 0x00, 0x00,
    0x02, 0x01, 0x00, 0x00, 0x00, 0x00, 0x00, 0x00, 0x00, 0x00, 0x00, 0x00, 0x00, 0x00, 0x00, 0x00,
    0x03, 0x04, 0x00, 0x00, 0x00, 0x00, 0x04, 0x03, 0x00, 0x00, 0x00, 0x00, 0x00, 0x00, 0x00, 0x00,
};

/* eye 16px */
static const uint8_t icon_eye_16_map[] = {
    0x00, 0x00, 0x00, 0x00, 0x00, 0x00, 0x00, 0x00, 0x00, 0x00, 0x00, 0x00, 0x00, 0x00, 0x00, 0x00,
    0x00, 0x00, 0x00, 0x00, 0x01, 0x03, 0x03, 0x01, 0x01, 0x03, 0x03, 0x01, 0x00, 0x00, 0x00, 0x00,
    0x00, 0x00, 0x00, 0x02, 0x00, 0x00, 0x00, 0x00, 0x00, 0x00, 0x00, 0x00, 0x02, 0x00, 0x00, 0x00,
    0x00, 0x00, 0x02, 0x00, 0x00, 0x50, 0xa6, 0xce, 0xce, 0xa6, 0x50, 0x00, 0x00, 0x02, 0x00, 0x00,
    0x00, 0x02, 0x00, 0x29, 0xc4, 0xff, 0xff, 0xd8, 0xd8, 0xff, 0xff, 0xc3, 0x28, 0x00, 0x02, 0x00,
    0x02, 0x00, 0x31, 0xee, 0xff, 0x76, 0x14, 0x17, 0x17, 0x14, 0x76, 0xff, 0xed, 0x30, 0x00, 0x02,
    0x01, 0x0e, 0xe0, 0xf8, 0x3c, 0x00, 0x67, 0xfe, 0xfe, 0x66, 0x00, 0x3d, 0xf9, 0xde, 0x0c, 0x01,
    0x00, 0x95, 0xff, 0x49, 0x00, 0x1d, 0xff, 0xb3, 0xb4, 0xff, 0x1b, 0x00, 0x4a, 0xff, 0x9c, 0x00,
    0x00, 0x93, 0xff, 0x3e, 0x00, 0x1a, 0xfc, 0xb4, 0xb5, 0xfb, 0x19, 0x00, 0x3f, 0xff, 0x9b, 0x00,
    0x02, 0x0b, 0xd9, 0xf5, 0x34, 0x00, 0x64, 0xfa, 0xfa, 0x63, 0x00, 0x35, 0xf5, 0xd8, 0x0a, 0x02,
    0x02, 0x00, 0x27, 0xe5, 0xff, 0x6d, 0x07, 0x0d, 0x0d, 0x08, 0x6e, 0xff, 0xe4, 0x26, 0x00, 0x02,
    0x00, 0x02, 0x00, 0x1f, 0xbd, 0xff, 0xff, 0xd3, 0xd3, 0xff, 0xff, 0xbc, 0x1f, 0x00, 0x02, 0x00,
    0x00, 0x00, 0x02, 0x00, 0x00, 0x44, 0x99, 0xcb, 0xcb, 0x99, 0x44, 0x00, 0x00, 0x02, 0x00, 0x00,
    0x00, 0x00, 0x00, 0x02, 0x01, 0x00, 0x00, 0x00, 0x00, 0x00, 0x00, 0x01, 0x02, 0x00, 0x00, 0x00,
    0x00, 0x00, 0x00, 0x00, 0x00, 0x03, 0x04, 0x02, 0x02, 0x04, 0x03, 0x00, 0x00, 0x00, 0x00, 0x00,
    0x00, 0x00, 0x00, 0x00, 0x00, 0x00, 0x00, 0x00, 0x00, 0x00, 0x00, 0x00, 0x00, 0x00, 0x00, 0x00,
};

/* eye 20px */
static const uint8_t icon_eye_20_map[] = {
    0x00, 0x00, 0x00, 0x00, 0x00, 0x00, 0x00, 0x00, 0x00, 0x00, 0x00, 0x00, 0x00, 0x00, 0x00, 0x00,
    0x00, 0x00, 0x00, 0x00, 0x00, 0x00, 0x00, 0x00, 0x00, 0x00, 0x00, 0x00, 0x00, 0x00, 0x00, 0x00,
    0x00, 0x00, 0x00, 0x00, 0x00, 0x00, 0x00, 0x00, 0x00, 0x00, 0x00, 0x00, 0x00, 0x00, 0x02, 0x04,
    0x03, 0x01, 0x01, 0x03, 0x04, 0x02, 0x00, 0x00, 0x00, 0x00, 0x00, 0x00, 0x00, 0x00, 0x00, 0x00,
    0x00, 0x03, 0x00, 0x00, 0x00, 0x00, 0x00, 0x00, 0x00, 0x00, 0x03, 0x00, 0x00, 0x00, 0x00, 0x00,
    0x00, 0x00, 0x00, 0x01, 0x01, 0x00, 0x19, 0x6c, 0xb1, 0xcf, 0xcf, 0xb0, 0x6b, 0x18, 0x00, 0x01,
    0x01, 0x00, 0x00, 0x00, 0x00, 0x00, 0x01, 0x00, 0x00, 0x74, 0xf8, 0xff, 0xfd, 0xdf, 0xdf, 0xfd,
    0xff, 0xf7, 0x73, 0x00, 0x00, 0x01, 0x00, 0x00, 0x00, 0x01, 0x02, 0x06, 0xa8, 0xff, 0xce, 0x52,
    0x10, 0x00, 0x00, 0x10, 0x53, 0xce, 0xff, 0xa7, 0x05, 0x02, 0x01, 0x00, 0x00, 0x03, 0x00, 0xaa,
    0xff, 0x91, 0x04, 0x00, 0x0c, 0x67, 0x66, 0x0b, 0x00, 0x04, 0x92, 0xff, 0xa8, 0x00, 0x03, 0x00,
    0x03, 0x00, 0x79, 0xff, 0x90, 0x00, 0x00, 0x15, 0xd4, 0xff, 0xff, 0xd3, 0x15, 0x00, 0x00, 0x91,
    0xff, 0x77, 0x00, 0x03, 0x00, 0x2e, 0xfd, 0xc0, 0x01, 0x06, 0x01, 0x67, 0xff, 0x59, 0x5b, 0xff,
    0x65, 0x01, 0x06, 0x01, 0xc1, 0xfd, 0x32, 0x00, 0x00, 0x2e, 0xfd, 0xc2, 0x03, 0x06, 0x01, 0x6c,
    0xff, 0x58, 0x59, 0xff, 0x6a, 0x01, 0x06, 0x04, 0xc3, 0xfd, 0x34, 0x00, 0x03, 0x00, 0x7f, 0xff,
    0x98, 0x00, 0x00, 0x18, 0xd4, 0xff, 0xff, 0xd4, 0x18, 0x00, 0x00, 0x99, 0xff, 0x7d, 0x00, 0x03,
    0x01, 0x02, 0x01, 0xae, 0xff, 0x99, 0x08, 0x00, 0x0a, 0x62, 0x61, 0x0a, 0x00, 0x08, 0x9b, 0xff,
    0xad, 0x01, 0x03, 0x00, 0x00, 0x01, 0x01, 0x09, 0xb0, 0xff, 0xd5, 0x5a, 0x14, 0x00, 0x00, 0x15,
    0x5b, 0xd6, 0xff, 0xb0, 0x08, 0x01, 0x01, 0x00, 0x00, 0x00, 0x01, 0x00, 0x02, 0x7a, 0xf7, 0xff,
    0xff, 0xe5, 0xe6, 0xff, 0xff, 0xf7, 0x79, 0x01, 0x00, 0x01, 0x00, 0x00, 0x00, 0x00, 0x00, 0x01,
    0x00, 0x00, 0x19, 0x6b, 0xb0, 0xce, 0xcd, 0xaf, 0x6b, 0x19, 0x00, 0x00, 0x01, 0x00, 0x00, 0x00,
    0x00, 0x00, 0x00, 0x00, 0x01, 0x03, 0x00, 0x00, 0x00, 0x00, 0x00, 0x00, 0x00, 0x00, 0x03, 0x00,
    0x00, 0x00, 0x00, 0x00, 0x00, 0x00, 0x00, 0x00, 0x00, 0x00, 0x02, 0x04, 0x03, 0x01, 0x01, 0x03,
    0x04, 0x02, 0x00, 0x00, 0x00, 0x00, 0x00, 0x00, 0x00, 0x00, 0x00, 0x00, 0x00, 0x00, 0x00, 0x00,
    0x00, 0x00, 0x00, 0x00, 0x00, 0x00, 0x00, 0x00, 0x00, 0x00, 0x00, 0x00, 0x00, 0x00, 0x00, 0x00,
    0x00, 0x00, 0x00, 0x00, 0x00, 0x00, 0x00, 0x00, 0x00, 0x00, 0x00, 0x00, 0x00, 0x00, 0x00, 0x00,
};

/* eye-off 16px */
static const uint8_t icon_eye_off_16_map[] = {
    0x00, 0x00, 0x00, 0x01, 0x01, 0x00, 0x00, 0x00, 0x00, 0x00, 0x00, 0x00, 0x00, 0x00, 0x00, 0x00,
    0x00, 0x8a, 0x8f, 0x00, 0x02, 0x01, 0x03, 0x02, 0x01, 0x03, 0x03, 0x01, 0x00, 0x00, 0x00, 0x00,
    0x00, 0x93, 0xff, 0x93, 0x00, 0x02, 0x00, 0x00, 0x00, 0x00, 0x00, 0x00, 0x02, 0x00, 0x00, 0x00,
    0x02, 0x00, 0x93, 0xff, 0x93, 0x02, 0x8c, 0xcd, 0xcc, 0xa5, 0x50, 0x00, 0x00, 0x02, 0x00, 0x00,
    0x00, 0x03, 0x00, 0xa1, 0xff, 0x99, 0xb7, 0xde, 0xde, 0xff, 0xff, 0xc3, 0x28, 0x00, 0x02, 0x00,
    0x02, 0x00, 0x2f, 0xdd, 0xfc, 0xff, 0x92, 0x00, 0x01, 0x1e, 0x76, 0xff, 0xed, 0x30, 0x00, 0x02,
    0x01, 0x0e, 0xdf, 0xfa, 0x3c, 0x89, 0xff, 0x99, 0x00, 0x00, 0x00, 0x3b, 0xf9, 0xdf, 0x0d, 0x01,
    0x00, 0x96, 0xff, 0x44, 0x00, 0x18, 0xf1, 0xff, 0x95, 0x00, 0x08, 0x00, 0x48, 0xff, 0x94, 0x00,
    0x00, 0x93, 0xff, 0x3e, 0x00, 0x1c, 0xf7, 0xff, 0xff, 0x9b, 0x00, 0x00, 0x40, 0xff, 0x92, 0x00,
    0x01, 0x0b, 0xd9, 0xf4, 0x34, 0x00, 0x65, 0xec, 0xee, 0xff, 0x91, 0x17, 0xff, 0xd9, 0x0a, 0x02,
    0x02, 0x00, 0x26, 0xe5, 0xff, 0x6e, 0x08, 0x0f, 0x1b, 0xa0, 0xff, 0xaf, 0x9d, 0x2d, 0x00, 0x02,
    0x00, 0x02, 0x00, 0x1f, 0xbd, 0xff, 0xff, 0xd2, 0xdc, 0xfb, 0xff, 0xff, 0x85, 0x00, 0x03, 0x00,
    0x00, 0x00, 0x02, 0x00, 0x00, 0x45, 0x99, 0xcc, 0xca, 0x99, 0x46, 0x90, 0xff, 0x93, 0x00, 0x02,
    0x00, 0x00, 0x00, 0x02, 0x01, 0x00, 0x00, 0x00, 0x00, 0x00, 0x00, 0x00, 0x92, 0xff, 0x92, 0x00,
    0x00, 0x00, 0x00, 0x00, 0x00, 0x03, 0x04, 0x02, 0x02, 0x04, 0x04, 0x02, 0x00, 0x8f, 0x88, 0x00,
    0x00, 0x00, 0x00, 0x00, 0x00, 0x00, 0x00, 0x00, 0x00, 0x00, 0x00, 0x01, 0x01, 0x00, 0x00, 0x00,
};

/* eye-off 20px */
static const uint8_t icon_eye_off_20_map[] = {
    0x00, 0x00, 0x00, 0x00, 0x01, 0x00, 0x00, 0x00, 0x00, 0x00, 0x00, 0x00, 0x00, 0x00, 0x00, 0x00,
    0x00, 0x00, 0x00, 0x00, 0x00, 0x09, 0x46, 0x00, 0x00, 0x01, 0x00, 0x00, 0x00, 0x00, 0x00, 0x00,
    0x00, 0x00, 0x00, 0x00, 0x00, 0x00, 0x00, 0x00, 0x00, 0x47, 0xff, 0x9b, 0x00, 0x02, 0x01, 0x01,
    0x03, 0x02, 0x01, 0x03, 0x04, 0x02, 0x00, 0x00, 0x00, 0x00, 0x00, 0x00, 0x02, 0x09, 0x9b, 0xff,
    0x9b, 0x00, 0x03, 0x00, 0x00, 0x00, 0x00, 0x00, 0x00, 0x00, 0x03, 0x00, 0x00, 0x00, 0x00, 0x00,
    0x01, 0x00, 0x00, 0x9b, 0xff, 0x9e, 0x00, 0x2b, 0xb5, 0xcb, 0xcf, 0xb1, 0x6b, 0x18, 0x00, 0x01,
    0x01, 0x00, 0x00, 0x00, 0x00, 0x01, 0x03, 0x00, 0x95, 0xff, 0x93, 0x34, 0xee, 0xdf, 0xdb, 0xfc,
    0xff, 0xf7, 0x73, 0x00, 0x00, 0x01, 0x00, 0x00, 0x00, 0x01, 0x02, 0x0b, 0xad, 0xff, 0xff, 0x99,
    0x03, 0x00, 0x00, 0x14, 0x51, 0xce, 0xff, 0xa8, 0x06, 0x02, 0x01, 0x00, 0x01, 0x02, 0x01, 0xaf,
    0xff, 0x8d, 0x94, 0xff, 0x9b, 0x00, 0x02, 0x00, 0x00, 0x04, 0x92, 0xff, 0xa8, 0x00, 0x03, 0x00,
    0x03, 0x00, 0x80, 0xff, 0x97, 0x00, 0x00, 0x9b, 0xff, 0xa2, 0x00, 0x03, 0x05, 0x01, 0x00, 0x91,
    0xff, 0x78, 0x00, 0x03, 0x00, 0x2f, 0xfe, 0xc2, 0x03, 0x07, 0x01, 0x5d, 0xfb, 0xff, 0x9f, 0x00,
    0x02, 0x03, 0x03, 0x01, 0xc2, 0xfd, 0x2d, 0x00, 0x00, 0x2e, 0xfd, 0xc2, 0x03, 0x06, 0x01, 0x6f,
    0xff, 0xed, 0xff, 0xa3, 0x00, 0x02, 0x02, 0x04, 0xc4, 0xfe, 0x2e, 0x00, 0x03, 0x00, 0x7f, 0xff,
    0x98, 0x00, 0x00, 0x18, 0xd4, 0xff, 0xff, 0xff, 0xa0, 0x00, 0x02, 0x9d, 0xff, 0x7b, 0x00, 0x03,
    0x01, 0x02, 0x01, 0xae, 0xff, 0x9a, 0x08, 0x00, 0x0a, 0x66, 0x62, 0x95, 0xff, 0x95, 0x12, 0xff,
    0xad, 0x00, 0x03, 0x00, 0x00, 0x01, 0x01, 0x09, 0xb0, 0xff, 0xd5, 0x5b, 0x15, 0x00, 0x00, 0x0e,
    0xc5, 0xff, 0xa1, 0x26, 0x0a, 0x01, 0x01, 0x00, 0x00, 0x00, 0x01, 0x00, 0x02, 0x7b, 0xf7, 0xff,
    0xff, 0xe6, 0xdf, 0xfb, 0xff, 0xf7, 0xff, 0x94, 0x00, 0x02, 0x01, 0x00, 0x00, 0x00, 0x00, 0x01,
    0x00, 0x00, 0x19, 0x6b, 0xb0, 0xce, 0xcf, 0xb5, 0x7b, 0x28, 0x98, 0xff, 0x9b, 0x00, 0x00, 0x01,
    0x00, 0x00, 0x00, 0x00, 0x01, 0x03, 0x00, 0x00, 0x00, 0x00, 0x00, 0x00, 0x00, 0x00, 0x00, 0x9a,
    0xff, 0x9b, 0x08, 0x02, 0x00, 0x00, 0x00, 0x00, 0x00, 0x00, 0x02, 0x04, 0x03, 0x01, 0x01, 0x03,
    0x04, 0x03, 0x02, 0x00, 0x9c, 0xff, 0x46, 0x00, 0x00, 0x00, 0x00, 0x00, 0x00, 0x00, 0x00, 0x00,
    0x00, 0x00, 0x00, 0x00, 0x00, 0x00, 0x01, 0x00, 0x00, 0x46, 0x0a, 0x00, 0x00, 0x00, 0x00, 0x00,
    0x00, 0x00, 0x00, 0x00, 0x00, 0x00, 0x00, 0x00, 0x00, 0x00, 0x00, 0x01, 0x00, 0x00, 0x00, 0x00,
};

/* file-text 16px */
static const uint8_t icon_file_text_16_map[] = {
    0x00, 0x00, 0x01, 0x00, 0x00, 0x00, 0x00, 0x00, 0x00, 0x00, 0x00, 0x02, 0x00, 0x00, 0x00, 0x00,
    0x00, 0x02, 0x00, 0x67, 0xc9, 0xd1, 0xd1, 0xd1, 0xcd, 0xba, 0x1d, 0x00, 0x03, 0x00, 0x00, 0x00,
    0x03, 0x00, 0x40, 0xff, 0xe8, 0xd3, 0xd8, 0xd4, 0xec, 0xff, 0xda, 0x1c, 0x00, 0x03, 0x00, 0x00,
    0x04, 0x00, 0x76, 0xfd, 0x24, 0x00, 0x00, 0x00, 0x6f, 0xfb, 0xf9, 0xd6, 0x1b, 0x00, 0x02, 0x00,
    0x04, 0x00, 0x75, 0xff, 0x22, 0x00, 0x00, 0x00, 0x78, 0xff, 0xc7, 0xff, 0xd7, 0x24, 0x01, 0x02,
    0x04, 0x00, 0x75, 0xff, 0x19, 0x84, 0xd7, 0x45, 0x2b, 0xe8, 0xff, 0xf6, 0xff, 0x7d, 0x00, 0x05,
    0x04, 0x00, 0x75, 0xff, 0x19, 0x7c, 0xcb, 0x3a, 0x00, 0x0b, 0x25, 0x47, 0xfd, 0x74, 0x00, 0x04,
    0x04, 0x00, 0x75, 0xff, 0x21, 0x01, 0x20, 0x1d, 0x26, 0x24, 0x03, 0x1a, 0xff, 0x75, 0x00, 0x04,
    0x04, 0x00, 0x75, 0xff, 0x17, 0xb4, 0xff, 0xff, 0xff, 0xff, 0xb2, 0x18, 0xff, 0x75, 0x00, 0x04,
    0x04, 0x00, 0x75, 0xff, 0x1e, 0x37, 0x63, 0x5d, 0x5d, 0x63, 0x36, 0x1e, 0xff, 0x75, 0x00, 0x04,
    0x04, 0x00, 0x75, 0xff, 0x1f, 0x33, 0x62, 0x5e, 0x5e, 0x63, 0x33, 0x1f, 0xff, 0x75, 0x00, 0x04,
    0x04, 0x00, 0x75, 0xff, 0x16, 0xaf, 0xff, 0xff, 0xff, 0xff, 0xaf, 0x16, 0xff, 0x75, 0x00, 0x04,
    0x04, 0x00, 0x76, 0xfd, 0x20, 0x02, 0x21, 0x1e, 0x1e, 0x21, 0x02, 0x21, 0xfd, 0x76, 0x00, 0x04,
    0x03, 0x00, 0x40, 0xff, 0xe6, 0xd0, 0xce, 0xcd, 0xcd, 0xce, 0xd0, 0xe6, 0xff, 0x3f, 0x00, 0x03,
    0x00, 0x01, 0x00, 0x60, 0xc4, 0xd2, 0xd3, 0xd4, 0xd4, 0xd3, 0xd2, 0xc5, 0x60, 0x00, 0x01, 0x00,
    0x00, 0x00, 0x01, 0x00, 0x00, 0x00, 0x00, 0x00, 0x00, 0x00, 0x00, 0x00, 0x00, 0x01, 0x00, 0x00,
};

/* file-text 20px */
static const uint8_t icon_file_text_20_map[] = {
    0x00, 0x00, 0x00, 0x01, 0x00, 0x00, 0x00, 0x00, 0x00, 0x00, 0x00, 0x00, 0x00, 0x01, 0x00, 0x00,
    0x00, 0x00, 0x00, 0x00, 0x00, 0x00, 0x01, 0x00, 0x08, 0x3e, 0x4d, 0x4c, 0x4d, 0x4d, 0x4d, 0x51,
    0x0f, 0x00, 0x02, 0x00, 0x00, 0x00, 0x00, 0x00, 0x00, 0x02, 0x01, 0x1d, 0xd2, 0xff, 0xff, 0xff,
    0xff, 0xff, 0xff, 0xff, 0xc3, 0x0d, 0x00, 0x02, 0x00, 0x00, 0x00, 0x00, 0x00, 0x04, 0x00, 0x8f,
    0xff, 0x6f, 0x4c, 0x50, 0x50, 0x4c, 0x70, 0xfb, 0xff, 0xc3, 0x0e, 0x00, 0x03, 0x00, 0x00, 0x00,
    0x00, 0x03, 0x00, 0xaf, 0xfc, 0x00, 0x00, 0x00, 0x00, 0x00, 0x24, 0xfe, 0xd4, 0xfe, 0xc4, 0x0e,
    0x00, 0x01, 0x00, 0x00, 0x00, 0x03, 0x00, 0xad, 0xfe, 0x11, 0x01, 0x00, 0x00, 0x02, 0x32, 0xff,
    0x8c, 0x95, 0xff, 0xc3, 0x19, 0x02, 0x01, 0x00, 0x00, 0x03, 0x00, 0xad, 0xfe, 0x0b, 0x09, 0x4b,
    0x43, 0x04, 0x14, 0xe8, 0xff, 0xff, 0xff, 0xff, 0xa7, 0x00, 0x03, 0x00, 0x00, 0x03, 0x00, 0xae,
    0xff, 0x00, 0x44, 0xff, 0xff, 0x27, 0x00, 0x2d, 0x7b, 0x80, 0x84, 0xfc, 0xaf, 0x00, 0x03, 0x00,
    0x00, 0x03, 0x00, 0xae, 0xfe, 0x0b, 0x0b, 0x47, 0x3e, 0x00, 0x00, 0x00, 0x00, 0x00, 0x00, 0xfe,
    0xac, 0x00, 0x03, 0x00, 0x00, 0x03, 0x00, 0xae, 0xfe, 0x0e, 0x00, 0x00, 0x00, 0x0c, 0x0d, 0x0f,
    0x0f, 0x01, 0x11, 0xfe, 0xad, 0x00, 0x03, 0x00, 0x00, 0x03, 0x00, 0xae, 0xff, 0x02, 0x3e, 0xfc,
    0xfe, 0xfe, 0xfd, 0xfb, 0xf9, 0x3d, 0x02, 0xff, 0xad, 0x00, 0x03, 0x00, 0x00, 0x03, 0x00, 0xae,
    0xff, 0x07, 0x23, 0xab, 0xb7, 0xb5, 0xb5, 0xb7, 0xab, 0x22, 0x07, 0xff, 0xad, 0x00, 0x03, 0x00,
    0x00, 0x03, 0x00, 0xae, 0xfe, 0x0f, 0x00, 0x00, 0x00, 0x00, 0x00, 0x00, 0x00, 0x00, 0x0f, 0xfe,
    0xad, 0x00, 0x03, 0x00, 0x00, 0x03, 0x00, 0xae, 0xff, 0x06, 0x25, 0xaf, 0xb6, 0xb5, 0xb5, 0xb6,
    0xaf, 0x25, 0x06, 0xff, 0xad, 0x00, 0x03, 0x00, 0x00, 0x03, 0x00, 0xae, 0xff, 0x04, 0x42, 0xff,
    0xff, 0xff, 0xff, 0xff, 0xff, 0x41, 0x04, 0xff, 0xad, 0x00, 0x03, 0x00, 0x00, 0x03, 0x00, 0xaf,
    0xfc, 0x00, 0x00, 0x00, 0x00, 0x00, 0x00, 0x00, 0x00, 0x00, 0x00, 0xfc, 0xae, 0x00, 0x03, 0x00,
    0x00, 0x04, 0x00, 0x87, 0xff, 0x77, 0x4c, 0x4b, 0x4a, 0x4a, 0x4a, 0x4a, 0x4b, 0x4c, 0x78, 0xff,
    0x86, 0x00, 0x04, 0x00, 0x00, 0x02, 0x01, 0x1b, 0xd7, 0xff, 0xff, 0xff, 0xff, 0xff, 0xff, 0xff,
    0xff, 0xff, 0xff, 0xd6, 0x1a, 0x01, 0x02, 0x00, 0x00, 0x00, 0x01, 0x00, 0x0e, 0x46, 0x4d, 0x4d,
    0x4d, 0x4d, 0x4d, 0x4d, 0x4d, 0x4d, 0x46, 0x0e, 0x00, 0x01, 0x00, 0x00, 0x00, 0x00, 0x00, 0x01,
    0x00, 0x00, 0x00, 0x00, 0x00, 0x00, 0x00, 0x00, 0x00, 0x00, 0x00, 0x00, 0x01, 0x00, 0x00, 0x00,
};

/* folder 16px */
static const uint8_t icon_folder_16_map[] = {
    0x00, 0x02, 0x00, 0x00, 0x00, 0x00, 0x00, 0x01, 0x00, 0x00, 0x00, 0x00, 0x00, 0x00, 0x00, 0x00,
    0x01, 0x00, 0x09, 0x23, 0x24, 0x25, 0x08, 0x00, 0x03, 0x02, 0x02, 0x02, 0x02, 0x01, 0x00, 0x00,
    0x01, 0x2f, 0xde, 0xff, 0xff, 0xff, 0xcd, 0x17, 0x00, 0x00, 0x00, 0x00, 0x00, 0x00, 0x02, 0x00,
    0x00, 0xb6, 0xf8, 0x75, 0x70, 0x83, 0xff, 0xd1, 0x31, 0x25, 0x26, 0x25, 0x24, 0x09, 0x00, 0x01,
    0x00, 0xcf, 0xce, 0x00, 0x00, 0x00, 0x55, 0xff, 0xff, 0xff, 0xff, 0xff, 0xff, 0xdc, 0x2f, 0x01,
    0x00, 0xcc, 0xd2, 0x04, 0x06, 0x05, 0x00, 0x40, 0x73, 0x70, 0x72, 0x71, 0x75, 0xf9, 0xb4, 0x00,
    0x00, 0xcd, 0xd2, 0x00, 0x02, 0x00, 0x02, 0x00, 0x00, 0x00, 0x00, 0x00, 0x00, 0xcf, 0xcf, 0x00,
    0x00, 0xcd, 0xd2, 0x00, 0x02, 0x00, 0x00, 0x03, 0x04, 0x04, 0x04, 0x05, 0x04, 0xd2, 0xcc, 0x00,
    0x00, 0xcd, 0xd2, 0x00, 0x02, 0x00, 0x00, 0x00, 0x00, 0x00, 0x00, 0x01, 0x00, 0xd2, 0xcd, 0x00,
    0x00, 0xcc, 0xd3, 0x02, 0x04, 0x02, 0x02, 0x02, 0x02, 0x02, 0x02, 0x03, 0x02, 0xd3, 0xcc, 0x00,
    0x00, 0xce, 0xcf, 0x00, 0x00, 0x00, 0x00, 0x00, 0x00, 0x00, 0x00, 0x00, 0x00, 0xcf, 0xce, 0x00,
    0x00, 0xc6, 0xe3, 0x28, 0x25, 0x26, 0x25, 0x25, 0x25, 0x25, 0x26, 0x25, 0x28, 0xe4, 0xc6, 0x00,
    0x00, 0x5f, 0xff, 0xff, 0xff, 0xff, 0xff, 0xff, 0xff, 0xff, 0xff, 0xff, 0xff, 0xff, 0x5e, 0x00,
    0x01, 0x00, 0x36, 0x6e, 0x72, 0x71, 0x72, 0x72, 0x72, 0x72, 0x71, 0x72, 0x6e, 0x36, 0x00, 0x01,
    0x00, 0x01, 0x00, 0x00, 0x00, 0x00, 0x00, 0x00, 0x00, 0x00, 0x00, 0x00, 0x00, 0x00, 0x01, 0x00,
    0x00, 0x00, 0x03, 0x04, 0x04, 0x04, 0x04, 0x04, 0x04, 0x04, 0x04, 0x04, 0x04, 0x03, 0x00, 0x00,
};

/* folder 20px */
static const uint8_t icon_folder_20_map[] = {
    0x00, 0x00, 0x01, 0x04, 0x05, 0x05, 0x05, 0x04, 0x01, 0x00, 0x00, 0x00, 0x00, 0x00, 0x00, 0x00,
    0x00, 0x00, 0x00, 0x00, 0x00, 0x00, 0x00, 0x00, 0x00, 0x00, 0x00, 0x00, 0x00, 0x01, 0x00, 0x00,
    0x00, 0x00, 0x00, 0x00, 0x00, 0x00, 0x00, 0x00, 0x01, 0x00, 0x05, 0x5a, 0x7f, 0x7e, 0x7f, 0x73,
    0x0c, 0x00, 0x03, 0x01, 0x01, 0x01, 0x01, 0x01, 0x01, 0x00, 0x00, 0x00, 0x02, 0x05, 0xb5, 0xff,
    0xff, 0xff, 0xff, 0xff, 0xc1, 0x0e, 0x00, 0x00, 0x00, 0x00, 0x00, 0x00, 0x00, 0x03, 0x00, 0x00,
    0x00, 0x3a, 0xff, 0x92, 0x32, 0x36, 0x31, 0x84, 0xff, 0xbf, 0x1b, 0x0f, 0x0e, 0x0d, 0x0d, 0x0d,
    0x00, 0x00, 0x01, 0x00, 0x00, 0x54, 0xfd, 0x4a, 0x00, 0x00, 0x00, 0x00, 0x84, 0xff, 0xff, 0xfd,
    0xfe, 0xfe, 0xfd, 0xfc, 0xd7, 0x4e, 0x00, 0x02, 0x00, 0x52, 0xff, 0x55, 0x03, 0x05, 0x03, 0x03,
    0x00, 0x71, 0xb3, 0xb1, 0xb3, 0xb3, 0xb4, 0xb3, 0xeb, 0xf8, 0x1c, 0x00, 0x00, 0x52, 0xff, 0x53,
    0x00, 0x03, 0x00, 0x00, 0x01, 0x00, 0x00, 0x00, 0x00, 0x00, 0x00, 0x00, 0x56, 0xff, 0x4d, 0x00,
    0x00, 0x52, 0xff, 0x53, 0x00, 0x03, 0x00, 0x00, 0x00, 0x03, 0x03, 0x03, 0x03, 0x03, 0x06, 0x03,
    0x52, 0xfe, 0x53, 0x00, 0x00, 0x52, 0xff, 0x53, 0x00, 0x03, 0x00, 0x00, 0x00, 0x00, 0x00, 0x00,
    0x00, 0x00, 0x03, 0x00, 0x54, 0xff, 0x52, 0x00, 0x00, 0x52, 0xff, 0x53, 0x00, 0x03, 0x00, 0x00,
    0x00, 0x00, 0x00, 0x00, 0x00, 0x00, 0x03, 0x00, 0x53, 0xff, 0x52, 0x00, 0x00, 0x52, 0xff, 0x53,
    0x00, 0x03, 0x00, 0x00, 0x00, 0x00, 0x00, 0x00, 0x00, 0x00, 0x03, 0x00, 0x53, 0xff, 0x52, 0x00,
    0x00, 0x52, 0xff, 0x54, 0x01, 0x04, 0x01, 0x01, 0x01, 0x01, 0x01, 0x01, 0x01, 0x01, 0x04, 0x01,
    0x54, 0xff, 0x52, 0x00, 0x00, 0x53, 0xfd, 0x4d, 0x00, 0x00, 0x00, 0x00, 0x00, 0x00, 0x00, 0x00,
    0x00, 0x00, 0x00, 0x00, 0x4d, 0xfd, 0x53, 0x00, 0x00, 0x45, 0xff, 0x70, 0x0d, 0x10, 0x0d, 0x0d,
    0x0d, 0x0d, 0x0d, 0x0d, 0x0d, 0x0d, 0x10, 0x0d, 0x71, 0xff, 0x45, 0x00, 0x01, 0x10, 0xd8, 0xff,
    0xfc, 0xfe, 0xfe, 0xfe, 0xfe, 0xfe, 0xfe, 0xfe, 0xfe, 0xfe, 0xfe, 0xfc, 0xff, 0xd7, 0x10, 0x01,
    0x01, 0x00, 0x19, 0x8a, 0xb2, 0xb2, 0xb3, 0xb3, 0xb3, 0xb3, 0xb3, 0xb3, 0xb3, 0xb3, 0xb2, 0xb2,
    0x89, 0x19, 0x00, 0x01, 0x00, 0x01, 0x00, 0x00, 0x00, 0x00, 0x00, 0x00, 0x00, 0x00, 0x00, 0x00,
    0x00, 0x00, 0x00, 0x00, 0x00, 0x00, 0x01, 0x00, 0x00, 0x00, 0x01, 0x04, 0x03, 0x03, 0x03, 0x03,
    0x03, 0x03, 0x03, 0x03, 0x03, 0x03, 0x03, 0x03, 0x04, 0x01, 0x00, 0x00, 0x00, 0x00, 0x00, 0x00,
    0x00, 0x00, 0x00, 0x00, 0x00, 0x00, 0x00, 0x00, 0x00, 0x00, 0x00, 0x00, 0x00, 0x00, 0x00, 0x00,
};

/* help-circle 16px */
static const uint8_t icon_help_circle_16_map[] = {
    0x00, 0x00, 0x00, 0x02, 0x00, 0x00, 0x00, 0x00, 0x00, 0x00, 0x00, 0x00, 0x02, 0x00, 0x00, 0x00,
    0x00, 0x00, 0x02, 0x00, 0x01, 0x50, 0xa0, 0xc7, 0xc7, 0x9f, 0x50, 0x01, 0x00, 0x02, 0x00, 0x00,
    0x00, 0x02, 0x00, 0x24, 0xc8, 0xff, 0xff, 0xe2, 0xe2, 0xff, 0xff, 0xc7, 0x24, 0x00, 0x02, 0x00,
    0x02, 0x00, 0x23, 0xe7, 0xff, 0x76, 0x1d, 0x03, 0x03, 0x1d, 0x76, 0xff, 0xe7, 0x23, 0x01, 0x02,
    0x02, 0x03, 0xca, 0xfa, 0x39, 0x00, 0x00, 0x00, 0x00, 0x00, 0x00, 0x39, 0xfb, 0xc9, 0x02, 0x02,
    0x00, 0x4d, 0xff, 0x70, 0x00, 0x05, 0x35, 0xb7, 0xbe, 0x35, 0x03, 0x00, 0x72, 0xff, 0x4c, 0x00,
    0x00, 0xa1, 0xf8, 0x0d, 0x03, 0x00, 0xc6, 0xf9, 0xea, 0xeb, 0x14, 0x02, 0x0e, 0xf8, 0xa0, 0x00,
    0x00, 0xc6, 0xd9, 0x00, 0x02, 0x01, 0x28, 0x2b, 0x95, 0xff, 0x1f, 0x00, 0x00, 0xda, 0xc6, 0x00,
    0x00, 0xc4, 0xda, 0x00, 0x00, 0x03, 0x00, 0xac, 0xff, 0xaf, 0x02, 0x02, 0x00, 0xdb, 0xc3, 0x00,
    0x00, 0x9b, 0xf9, 0x0d, 0x02, 0x04, 0x02, 0x5a, 0x6c, 0x09, 0x02, 0x02, 0x0e, 0xf9, 0x9a, 0x00,
    0x00, 0x45, 0xff, 0x6d, 0x00, 0x09, 0x01, 0xbd, 0xb7, 0x00, 0x0a, 0x00, 0x6e, 0xff, 0x45, 0x00,
    0x02, 0x01, 0xc8, 0xf9, 0x37, 0x00, 0x00, 0x50, 0x50, 0x00, 0x00, 0x37, 0xf9, 0xc6, 0x01, 0x02,
    0x02, 0x01, 0x23, 0xe8, 0xff, 0x74, 0x16, 0x00, 0x00, 0x16, 0x75, 0xff, 0xe8, 0x22, 0x01, 0x02,
    0x00, 0x02, 0x00, 0x25, 0xca, 0xff, 0xff, 0xdf, 0xdf, 0xff, 0xff, 0xc9, 0x25, 0x00, 0x02, 0x00,
    0x00, 0x00, 0x02, 0x00, 0x01, 0x4c, 0x9f, 0xc8, 0xc8, 0x9f, 0x4c, 0x01, 0x00, 0x02, 0x00, 0x00,
    0x00, 0x00, 0x00, 0x02, 0x00, 0x00, 0x00, 0x00, 0x00, 0x00, 0x00, 0x00, 0x02, 0x00, 0x00, 0x00,
};

/* help-circle 24px */
static const uint8_t icon_help_circle_24_map[] = {
    0x00, 0x00, 0x00, 0x00, 0x00, 0x00, 0x00, 0x01, 0x04, 0x03, 0x00, 0x00, 0x00, 0x00, 0x03, 0x04,
    0x01, 0x00, 0x00, 0x00, 0x00, 0x00, 0x00, 0x00, 0x00, 0x00, 0x00, 0x00, 0x00, 0x00, 0x03, 0x00,
    0x00, 0x00, 0x00, 0x0b, 0x0b, 0x00, 0x00, 0x00, 0x00, 0x03, 0x00, 0x00, 0x00, 0x00, 0x00, 0x00,
    0x00, 0x00, 0x00, 0x00, 0x00, 0x02, 0x00, 0x0d, 0x5d, 0xa4, 0xd2, 0xeb, 0xeb, 0xd3, 0xa3, 0x5c,
    0x0d, 0x00, 0x02, 0x00, 0x00, 0x00, 0x00, 0x00, 0x00, 0x00, 0x00, 0x01, 0x02, 0x00, 0x5e, 0xd9,
    0xff, 0xff, 0xff, 0xf8, 0xf8, 0xff, 0xff, 0xff, 0xd8, 0x5d, 0x00, 0x02, 0x01, 0x00, 0x00, 0x00,
    0x00, 0x00, 0x01, 0x03, 0x00, 0x8d, 0xff, 0xff, 0xc0, 0x60, 0x2b, 0x16, 0x16, 0x2b, 0x61, 0xc1,
    0xff, 0xff, 0x8c, 0x00, 0x03, 0x01, 0x00, 0x00, 0x00, 0x00, 0x03, 0x00, 0x87, 0xff, 0xfa, 0x6c,
    0x00, 0x00, 0x00, 0x00, 0x00, 0x00, 0x00, 0x00, 0x6d, 0xfa, 0xff, 0x87, 0x00, 0x03, 0x00, 0x00,
    0x00, 0x03, 0x00, 0x55, 0xff, 0xf7, 0x4e, 0x00, 0x02, 0x04, 0x05, 0x00, 0x00, 0x05, 0x05, 0x02,
    0x00, 0x4f, 0xf7, 0xff, 0x54, 0x00, 0x03, 0x00, 0x01, 0x01, 0x0c, 0xdd, 0xff, 0x70, 0x00, 0x05,
    0x01, 0x00, 0x00, 0x07, 0x0a, 0x00, 0x00, 0x01, 0x06, 0x00, 0x70, 0xff, 0xdc, 0x0c, 0x01, 0x01,
    0x04, 0x00, 0x5e, 0xff, 0xcb, 0x02, 0x03, 0x01, 0x01, 0x06, 0x7e, 0xe0, 0xe5, 0x8d, 0x09, 0x02,
    0x02, 0x03, 0x03, 0xcc, 0xff, 0x5d, 0x00, 0x04, 0x03, 0x00, 0xa9, 0xfe, 0x64, 0x00, 0x04, 0x04,
    0x00, 0x76, 0xff, 0xff, 0xff, 0xff, 0x8f, 0x00, 0x03, 0x04, 0x00, 0x65, 0xfe, 0xa7, 0x00, 0x03,
    0x00, 0x01, 0xd5, 0xff, 0x2c, 0x00, 0x02, 0x02, 0x00, 0x31, 0xa9, 0x38, 0x33, 0xf7, 0xe6, 0x09,
    0x00, 0x03, 0x00, 0x2c, 0xff, 0xd4, 0x01, 0x00, 0x00, 0x0b, 0xeb, 0xf8, 0x15, 0x00, 0x01, 0x00,
    0x00, 0x00, 0x00, 0x00, 0x39, 0xf8, 0xe7, 0x09, 0x00, 0x02, 0x00, 0x17, 0xf9, 0xea, 0x0b, 0x00,
    0x00, 0x0b, 0xea, 0xf9, 0x16, 0x00, 0x01, 0x00, 0x01, 0x02, 0x0b, 0xc9, 0xff, 0xff, 0x84, 0x00,
    0x03, 0x01, 0x00, 0x17, 0xf9, 0xea, 0x0b, 0x00, 0x00, 0x01, 0xd6, 0xff, 0x2d, 0x00, 0x02, 0x00,
    0x01, 0x00, 0x07, 0xc5, 0xe4, 0x8c, 0x04, 0x01, 0x01, 0x02, 0x00, 0x2e, 0xff, 0xd6, 0x01, 0x00,
    0x03, 0x00, 0xa8, 0xfe, 0x64, 0x00, 0x04, 0x00, 0x00, 0x01, 0x00, 0x04, 0x0d, 0x00, 0x00, 0x00,
    0x00, 0x04, 0x00, 0x66, 0xfe, 0xa7, 0x00, 0x03, 0x04, 0x00, 0x5b, 0xff, 0xc9, 0x01, 0x03, 0x01,
    0x01, 0x00, 0x07, 0xce, 0xcc, 0x0a, 0x01, 0x01, 0x01, 0x03, 0x01, 0xca, 0xff, 0x59, 0x00, 0x04,
    0x01, 0x01, 0x0b, 0xdc, 0xff, 0x64, 0x00, 0x06, 0x01, 0x00, 0x07, 0xcf, 0xd0, 0x07, 0x00, 0x01,
    0x06, 0x00, 0x66, 0xff, 0xda, 0x0a, 0x01, 0x01, 0x00, 0x03, 0x00, 0x54, 0xff, 0xf2, 0x41, 0x00,
    0x03, 0x04, 0x01, 0x04, 0x04, 0x01, 0x04, 0x03, 0x00, 0x42, 0xf3, 0xff, 0x53, 0x00, 0x03, 0x00,
    0x00, 0x00, 0x03, 0x00, 0x88, 0xff, 0xf5, 0x60, 0x00, 0x00, 0x00, 0x00, 0x00, 0x00, 0x00, 0x00,
    0x61, 0xf6, 0xff, 0x86, 0x00, 0x03, 0x00, 0x00, 0x00, 0x00, 0x01, 0x03, 0x00, 0x87, 0xff, 0xff,
    0xbc, 0x5c, 0x2a, 0x16, 0x16, 0x2a, 0x5c, 0xbc, 0xff, 0xff, 0x87, 0x00, 0x03, 0x01, 0x00, 0x00,
    0x00, 0x00, 0x00, 0x00, 0x02, 0x00, 0x53, 0xd3, 0xff, 0xff, 0xff, 0xf8, 0xf8, 0xff, 0xff, 0xff,
    0xd2, 0x53, 0x00, 0x02, 0x00, 0x00, 0x00, 0x00, 0x00, 0x00, 0x00, 0x00, 0x00, 0x03, 0x00, 0x09,
    0x59, 0xa1, 0xcd, 0xe9, 0xe9, 0xcd, 0xa1, 0x59, 0x09, 0x00, 0x03, 0x00, 0x00, 0x00, 0x00, 0x00,
    0x00, 0x00, 0x00, 0x00, 0x00, 0x00, 0x03, 0x00, 0x00, 0x00, 0x00, 0x0a, 0x0a, 0x00, 0x00, 0x00,
    0x00, 0x03, 0x00, 0x00, 0x00, 0x00, 0x00, 0x00, 0x00, 0x00, 0x00, 0x00, 0x00, 0x00, 0x00, 0x01,
    0x04, 0x03, 0x00, 0x00, 0x00, 0x00, 0x03, 0x04, 0x01, 0x00, 0x00, 0x00, 0x00, 0x00, 0x00, 0x00,
};

/* help-circle 40px */
static const uint8_t icon_help_circle_40_map[] = {
    0x00, 0x00, 0x00, 0x00, 0x00, 0x00, 0x00, 0x00, 0x00, 0x00, 0x00, 0x00, 0x00, 0x00, 0x00, 0x00,
    0x00, 0x00, 0x00, 0x00, 0x00, 0x00, 0x00, 0x00, 0x00, 0x00, 0x00, 0x00, 0x00, 0x00, 0x00, 0x00,
    0x00, 0x00, 0x00, 0x00, 0x00, 0x00, 0x00, 0x00, 0x00, 0x00, 0x00, 0x00, 0x00, 0x00, 0x00, 0x00,
    0x00, 0x00, 0x00, 0x00, 0x00, 0x00, 0x00, 0x02, 0x03, 0x04, 0x03, 0x03, 0x03, 0x03, 0x04, 0x03,
    0x02, 0x00, 0x00, 0x00, 0x00, 0x00, 0x00, 0x00, 0x00, 0x00, 0x00, 0x00, 0x00, 0x00, 0x00, 0x00,
    0x00, 0x00, 0x00, 0x00, 0x00, 0x00, 0x00, 0x00, 0x00, 0x00, 0x00, 0x00, 0x01, 0x04, 0x01, 0x00,
    0x00, 0x00, 0x00, 0x00, 0x00, 0x00, 0x00, 0x00, 0x00, 0x01, 0x04, 0x01, 0x00, 0x00, 0x00, 0x00,
    0x00, 0x00, 0x00, 0x00, 0x00, 0x00, 0x00, 0x00, 0x00, 0x00, 0x00, 0x00, 0x00, 0x00, 0x00, 0x00,
    0x00, 0x00, 0x00, 0x03, 0x00, 0x00, 0x00, 0x24, 0x55, 0x82, 0x9f, 0xaa, 0xaa, 0x9f, 0x82, 0x55,
    0x24, 0x00, 0x00, 0x00, 0x03, 0x00, 0x00, 0x00, 0x00, 0x00, 0x00, 0x00, 0x00, 0x00, 0x00, 0x00,
    0x00, 0x00, 0x00, 0x00, 0x00, 0x00, 0x00, 0x00, 0x00, 0x01, 0x01, 0x00, 0x0f, 0x69, 0xc3, 0xf8,
    0xff, 0xff, 0xff, 0xff, 0xff, 0xff, 0xff, 0xff, 0xf8, 0xc3, 0x68, 0x0e, 0x00, 0x01, 0x01, 0x00,
    0x00, 0x00, 0x00, 0x00, 0x00, 0x00, 0x00, 0x00, 0x00, 0x00, 0x00, 0x00, 0x00, 0x00, 0x00, 0x00,
    0x02, 0x00, 0x00, 0x66, 0xe0, 0xff, 0xff, 0xfd, 0xfd, 0xff, 0xff, 0xff, 0xff, 0xff, 0xff, 0xfc,
    0xfd, 0xff, 0xff, 0xdf, 0x65, 0x00, 0x00, 0x02, 0x00, 0x00, 0x00, 0x00, 0x00, 0x00, 0x00, 0x00,
    0x00, 0x00, 0x00, 0x00, 0x00, 0x00, 0x00, 0x03, 0x00, 0x17, 0xb1, 0xff, 0xff, 0xf9, 0xff, 0xff,
    0xfe, 0xe0, 0xc2, 0xb4, 0xb4, 0xc2, 0xe0, 0xfe, 0xff, 0xff, 0xf9, 0xff, 0xff, 0xaf, 0x16, 0x00,
    0x03, 0x00, 0x00, 0x00, 0x00, 0x00, 0x00, 0x00, 0x00, 0x00, 0x00, 0x00, 0x00, 0x00, 0x03, 0x00,
    0x2a, 0xdb, 0xff, 0xf8, 0xff, 0xff, 0xd1, 0x75, 0x2d, 0x09, 0x00, 0x00, 0x00, 0x00, 0x09, 0x2e,
    0x76, 0xd1, 0xff, 0xff, 0xf8, 0xff, 0xda, 0x28, 0x00, 0x03, 0x00, 0x00, 0x00, 0x00, 0x00, 0x00,
    0x00, 0x00, 0x00, 0x00, 0x00, 0x02, 0x00, 0x2a, 0xe8, 0xff, 0xf7, 0xff, 0xe1, 0x5c, 0x04, 0x00,
    0x00, 0x00, 0x02, 0x03, 0x03, 0x02, 0x00, 0x00, 0x00, 0x04, 0x5d, 0xe1, 0xff, 0xf7, 0xff, 0xe8,
    0x2a, 0x00, 0x02, 0x00, 0x00, 0x00, 0x00, 0x00, 0x00, 0x00, 0x00, 0x00, 0x02, 0x01, 0x16, 0xde,
    0xff, 0xf8, 0xff, 0xb4, 0x17, 0x00, 0x00, 0x04, 0x02, 0x01, 0x00, 0x00, 0x00, 0x00, 0x01, 0x02,
    0x04, 0x00, 0x00, 0x17, 0xb5, 0xff, 0xf7, 0xff, 0xd8, 0x10, 0x02, 0x01, 0x00, 0x00, 0x00, 0x00,
    0x00, 0x00, 0x00, 0x00, 0x03, 0x00, 0xb7, 0xff, 0xf8, 0xff, 0xa0, 0x01, 0x00, 0x04, 0x00, 0x00,
    0x00, 0x00, 0x00, 0x00, 0x00, 0x00, 0x00, 0x00, 0x00, 0x00, 0x04, 0x00, 0x01, 0xa2, 0xff, 0xf7,
    0xff, 0xac, 0x00, 0x03, 0x00, 0x00, 0x00, 0x00, 0x00, 0x00, 0x00, 0x03, 0x00, 0x60, 0xff, 0xf8,
    0xff, 0xb4, 0x00, 0x02, 0x02, 0x00, 0x00, 0x00, 0x00, 0x01, 0x04, 0x03, 0x03, 0x04, 0x01, 0x00,
    0x00, 0x00, 0x00, 0x02, 0x01, 0x01, 0xb7, 0xff, 0xf8, 0xff, 0x5a, 0x00, 0x03, 0x00, 0x00, 0x00,
    0x00, 0x00, 0x01, 0x01, 0x0e, 0xe5, 0xfd, 0xfd, 0xe3, 0x12, 0x01, 0x02, 0x00, 0x00, 0x00, 0x00,
    0x02, 0x00, 0x00, 0x00, 0x00, 0x00, 0x00, 0x02, 0x00, 0x00, 0x00, 0x00, 0x02, 0x00, 0x13, 0xe5,
    0xfc, 0xfd, 0xdf, 0x0a, 0x01, 0x01, 0x00, 0x00, 0x00, 0x00, 0x04, 0x00, 0x67, 0xff, 0xfa, 0xff,
    0x55, 0x00, 0x04, 0x00, 0x00, 0x00, 0x00, 0x02, 0x00, 0x13, 0x65, 0x9d, 0xa3, 0x6d, 0x14, 0x00,
    0x02, 0x00, 0x00, 0x00, 0x00, 0x04, 0x00, 0x57, 0xff, 0xfa, 0xff, 0x60, 0x00, 0x04, 0x00, 0x00,
    0x00, 0x00, 0x02, 0x01, 0xc4, 0xfe, 0xff, 0xcc, 0x00, 0x02, 0x00, 0x00, 0x00, 0x00, 0x02, 0x00,
    0x3e, 0xe1, 0xff, 0xff, 0xff, 0xff, 0xe4, 0x45, 0x00, 0x02, 0x00, 0x00, 0x00, 0x00, 0x02, 0x02,
    0xcf, 0xff, 0xfe, 0xbf, 0x00, 0x02, 0x00, 0x00, 0x00, 0x02, 0x00, 0x1f, 0xf8, 0xfd, 0xff, 0x6b,
    0x00, 0x04, 0x00, 0x00, 0x00, 0x01, 0x01, 0x19, 0xed, 0xff, 0xf8, 0xff, 0xff, 0xf9, 0xff, 0xf4,
    0x28, 0x01, 0x02, 0x00, 0x00, 0x00, 0x04, 0x00, 0x6a, 0xff, 0xfd, 0xf6, 0x1d, 0x00, 0x02, 0x00,
    0x00, 0x03, 0x00, 0x54, 0xff, 0xfd, 0xfa, 0x25, 0x00, 0x02, 0x00, 0x00, 0x00, 0x02, 0x00, 0x25,
    0xff, 0xff, 0xff, 0xb9, 0xbe, 0xff, 0xf9, 0xff, 0xa3, 0x00, 0x03, 0x00, 0x00, 0x00, 0x02, 0x00,
    0x27, 0xfb, 0xfd, 0xff, 0x51, 0x00, 0x03, 0x00, 0x00, 0x04, 0x00, 0x7e, 0xff, 0xff, 0xdb, 0x04,
    0x00, 0x01, 0x00, 0x00, 0x00, 0x00, 0x01, 0x00, 0x6d, 0xc4, 0x74, 0x00, 0x00, 0x92, 0xff, 0xfe,
    0xe1, 0x08, 0x00, 0x01, 0x00, 0x00, 0x01, 0x00, 0x05, 0xdc, 0xff, 0xff, 0x7b, 0x00, 0x04, 0x00,
    0x00, 0x03, 0x00, 0x98, 0xff, 0xff, 0xbc, 0x00, 0x02, 0x00, 0x00, 0x00, 0x00, 0x00, 0x00, 0x00,
    0x00, 0x00, 0x00, 0x04, 0x00, 0x4e, 0xff, 0xff, 0xed, 0x11, 0x00, 0x01, 0x00, 0x00, 0x00, 0x02,
    0x00, 0xbe, 0xff, 0xff, 0x97, 0x00, 0x03, 0x00, 0x00, 0x03, 0x00, 0xa4, 0xff, 0xff, 0xab, 0x00,
    0x03, 0x00, 0x00, 0x00, 0x00, 0x00, 0x00, 0x00, 0x03, 0x02, 0x00, 0x05, 0x23, 0xc2, 0xfe, 0xfd,
    0xd5, 0x04, 0x01, 0x00, 0x00, 0x00, 0x00, 0x03, 0x00, 0xae, 0xff, 0xff, 0xa4, 0x00, 0x03, 0x00,
    0x00, 0x03, 0x00, 0xa4, 0xff, 0xff, 0xad, 0x00, 0x03, 0x00, 0x00, 0x00, 0x00, 0x00, 0x00, 0x00,
    0x02, 0x01, 0x32, 0xd2, 0xf7, 0xff, 0xf8, 0xff, 0x7b, 0x00, 0x04, 0x00, 0x00, 0x00, 0x00, 0x03,
    0x00, 0xae, 0xff, 0xff, 0xa4, 0x00, 0x03, 0x00, 0x00, 0x03, 0x00, 0x98, 0xff, 0xff, 0xbe, 0x00,
    0x02, 0x00, 0x00, 0x00, 0x00, 0x00, 0x00, 0x00, 0x04, 0x00, 0xa6, 0xff, 0xfa, 0xfe, 0xff, 0xc8,
    0x0b, 0x02, 0x01, 0x00, 0x00, 0x00, 0x00, 0x02, 0x00, 0xbe, 0xff, 0xff, 0x96, 0x00, 0x03, 0x00,
    0x00, 0x04, 0x00, 0x7d, 0xff, 0xff, 0xd9, 0x04, 0x00, 0x01, 0x00, 0x00, 0x00, 0x00, 0x00, 0x00,
    0x03, 0x00, 0x5f, 0xff, 0xff, 0xf4, 0x9a, 0x10, 0x00, 0x01, 0x00, 0x00, 0x00, 0x00, 0x01, 0x00,
    0x04, 0xda, 0xff, 0xff, 0x7b, 0x00, 0x04, 0x00, 0x00, 0x03, 0x00, 0x51, 0xff, 0xfd, 0xf9, 0x24,
    0x00, 0x02, 0x00, 0x00, 0x00, 0x00, 0x00, 0x00, 0x00, 0x01, 0x00, 0x34, 0x47, 0x22, 0x00, 0x00,
    0x01, 0x00, 0x00, 0x00, 0x00, 0x00, 0x02, 0x00, 0x25, 0xfa, 0xfd, 0xff, 0x50, 0x00, 0x03, 0x00,
    0x00, 0x02, 0x00, 0x1e, 0xf8, 0xfd, 0xff, 0x69, 0x00, 0x04, 0x00, 0x00, 0x00, 0x00, 0x00, 0x00,
    0x00, 0x00, 0x00, 0x00, 0x00, 0x00, 0x03, 0x01, 0x00, 0x00, 0x00, 0x00, 0x00, 0x00, 0x04, 0x00,
    0x6a, 0xff, 0xfd, 0xf7, 0x1e, 0x00, 0x02, 0x00, 0x00, 0x00, 0x02, 0x01, 0xc4, 0xfe, 0xff, 0xce,
    0x01, 0x02, 0x00, 0x00, 0x00, 0x00, 0x00, 0x00, 0x02, 0x01, 0x31, 0xd8, 0xd9, 0x32, 0x01, 0x02,
    0x00, 0x00, 0x00, 0x00, 0x00, 0x00, 0x02, 0x02, 0xcf, 0xff, 0xfe, 0xc1, 0x00, 0x02, 0x00, 0x00,
    0x00, 0x00, 0x04, 0x00, 0x65, 0xff, 0xfa, 0xff, 0x56, 0x00, 0x04, 0x00, 0x00, 0x00, 0x00, 0x00,
    0x04, 0x00, 0xa5, 0xff, 0xff, 0xa4, 0x00, 0x04, 0x00, 0x00, 0x00, 0x00, 0x00, 0x04, 0x00, 0x54,
    0xff, 0xfa, 0xff, 0x62, 0x00, 0x04, 0x00, 0x00, 0x00, 0x00, 0x01, 0x01, 0x0b, 0xe1, 0xfd, 0xfc,
    0xe4, 0x13, 0x01, 0x02, 0x00, 0x00, 0x00, 0x00, 0x03, 0x00, 0x64, 0xff, 0xff, 0x64, 0x00, 0x03,
    0x00, 0x00, 0x00, 0x00, 0x02, 0x01, 0x10, 0xe2, 0xfc, 0xfd, 0xe0, 0x0b, 0x01, 0x01, 0x00, 0x00,
    0x00, 0x00, 0x00, 0x03, 0x00, 0x5b, 0xff, 0xf8, 0xff, 0xb4, 0x00, 0x02, 0x02, 0x00, 0x00, 0x00,
    0x00, 0x00, 0x00, 0x45, 0x45, 0x00, 0x00, 0x00, 0x00, 0x00, 0x00, 0x02, 0x02, 0x00, 0xb4, 0xff,
    0xf8, 0xff, 0x5b, 0x00, 0x03, 0x00, 0x00, 0x00, 0x00, 0x00, 0x00, 0x00, 0x03, 0x00, 0xb2, 0xff,
    0xf7, 0xff, 0x9f, 0x00, 0x00, 0x04, 0x00, 0x00, 0x00, 0x00, 0x00, 0x00, 0x00, 0x00, 0x00, 0x00,
    0x00, 0x00, 0x04, 0x00, 0x00, 0xa0, 0xff, 0xf7, 0xff, 0xb0, 0x00, 0x03, 0x00, 0x00, 0x00, 0x00,
    0x00, 0x00, 0x00, 0x00, 0x02, 0x01, 0x12, 0xda, 0xff, 0xf8, 0xff, 0xb2, 0x15, 0x00, 0x01, 0x04,
    0x02, 0x01, 0x00, 0x03, 0x03, 0x00, 0x01, 0x02, 0x04, 0x01, 0x00, 0x15, 0xb3, 0xff, 0xf7, 0xff,
    0xd9, 0x12, 0x02, 0x01, 0x00, 0x00, 0x00, 0x00, 0x00, 0x00, 0x00, 0x00, 0x00, 0x02, 0x00, 0x28,
    0xe8, 0xff, 0xf7, 0xff, 0xdd, 0x56, 0x00, 0x00, 0x00, 0x00, 0x03, 0x03, 0x03, 0x03, 0x00, 0x00,
    0x00, 0x00, 0x56, 0xdd, 0xff, 0xf7, 0xff, 0xe8, 0x28, 0x00, 0x02, 0x00, 0x00, 0x00, 0x00, 0x00,
    0x00, 0x00, 0x00, 0x00, 0x00, 0x00, 0x03, 0x00, 0x2b, 0xdd, 0xff, 0xf8, 0xff, 0xff, 0xc9, 0x6a,
    0x23, 0x02, 0x00, 0x00, 0x00, 0x00, 0x02, 0x23, 0x6b, 0xca, 0xff, 0xff, 0xf8, 0xff, 0xdc, 0x2b,
    0x00, 0x03, 0x00, 0x00, 0x00, 0x00, 0x00, 0x00, 0x00, 0x00, 0x00, 0x00, 0x00, 0x00, 0x00, 0x03,
    0x00, 0x19, 0xb3, 0xff, 0xff, 0xf9, 0xff, 0xff, 0xf8, 0xd3, 0xb5, 0xae, 0xae, 0xb5, 0xd3, 0xf8,
    0xff, 0xff, 0xf9, 0xff, 0xff, 0xb2, 0x19, 0x00, 0x03, 0x00, 0x00, 0x00, 0x00, 0x00, 0x00, 0x00,
    0x00, 0x00, 0x00, 0x00, 0x00, 0x00, 0x00, 0x00, 0x03, 0x00, 0x00, 0x66, 0xdf, 0xff, 0xff, 0xfd,
    0xfe, 0xff, 0xff, 0xff, 0xff, 0xff, 0xff, 0xfe, 0xfd, 0xff, 0xff, 0xdf, 0x65, 0x00, 0x00, 0x03,
    0x00, 0x00, 0x00, 0x00, 0x00, 0x00, 0x00, 0x00, 0x00, 0x00, 0x00, 0x00, 0x00, 0x00, 0x00, 0x00,
    0x00, 0x01, 0x01, 0x00, 0x0f, 0x6b, 0xc5, 0xf9, 0xff, 0xff, 0xff, 0xff, 0xff, 0xff, 0xff, 0xff,
    0xf8, 0xc5, 0x6b, 0x0f, 0x00, 0x01, 0x01, 0x00, 0x00, 0x00, 0x00, 0x00, 0x00, 0x00, 0x00, 0x00,
    0x00, 0x00, 0x00, 0x00, 0x00, 0x00, 0x00, 0x00, 0x00, 0x00, 0x00, 0x03, 0x00, 0x00, 0x00, 0x25,
    0x55, 0x82, 0x9f, 0xaa, 0xaa, 0x9f, 0x82, 0x55, 0x24, 0x00, 0x00, 0x00, 0x03, 0x00, 0x00, 0x00,
    0x00, 0x00, 0x00, 0x00, 0x00, 0x00, 0x00, 0x00, 0x00, 0x00, 0x00, 0x00, 0x00, 0x00, 0x00, 0x00,
    0x00, 0x00, 0x00, 0x00, 0x01, 0x04, 0x01, 0x00, 0x00, 0x00, 0x00, 0x00, 0x00, 0x00, 0x00, 0x00,
    0x00, 0x01, 0x04, 0x01, 0x00, 0x00, 0x00, 0x00, 0x00, 0x00, 0x00, 0x00, 0x00, 0x00, 0x00, 0x00,
    0x00, 0x00, 0x00, 0x00, 0x00, 0x00, 0x00, 0x00, 0x00, 0x00, 0x00, 0x00, 0x00, 0x00, 0x00, 0x02,
    0x03, 0x04, 0x03, 0x03, 0x03, 0x03, 0x04, 0x03, 0x02, 0x00, 0x00, 0x00, 0x00, 0x00, 0x00, 0x00,
    0x00, 0x00, 0x00, 0x00, 0x00, 0x00, 0x00, 0x00, 0x00, 0x00, 0x00, 0x00, 0x00, 0x00, 0x00, 0x00,
    0x00, 0x00, 0x00, 0x00, 0x00, 0x00, 0x00, 0x00, 0x00, 0x00, 0x00, 0x00, 0x00, 0x00, 0x00, 0x00,
    0x00, 0x00, 0x00, 0x00, 0x00, 0x00, 0x00, 0x00, 0x00, 0x00, 0x00, 0x00, 0x00, 0x00, 0x00, 0x00,
};

/* home 16px */
static const uint8_t icon_home_16_map[] = {
    0x00, 0x00, 0x00, 0x00, 0x00, 0x01, 0x01, 0x00, 0x00, 0x01, 0x01, 0x00, 0x00, 0x00, 0x00, 0x00,
    0x00, 0x00, 0x00, 0x00, 0x01, 0x02, 0x00, 0x8d, 0x8d, 0x00, 0x02, 0x01, 0x00, 0x00, 0x00, 0x00,
    0x00, 0x00, 0x00, 0x01, 0x03, 0x00, 0x96, 0xff, 0xff, 0x95, 0x00, 0x03, 0x01, 0x00, 0x00, 0x00,
    0x00, 0x00, 0x01, 0x03, 0x00, 0x94, 0xff, 0x8a, 0x8b, 0xff, 0x93, 0x00, 0x03, 0x01, 0x00, 0x00,
    0x00, 0x01, 0x03, 0x00, 0x93, 0xff, 0x93, 0x00, 0x00, 0x93, 0xff, 0x92, 0x00, 0x03, 0x01, 0x00,
    0x01, 0x02, 0x00, 0x96, 0xff, 0x92, 0x00, 0x05, 0x05, 0x00, 0x93, 0xff, 0x95, 0x00, 0x02, 0x01,
    0x02, 0x00, 0x95, 0xff, 0x8f, 0x00, 0x00, 0x00, 0x00, 0x00, 0x00, 0x90, 0xff, 0x94, 0x00, 0x02,
    0x00, 0x90, 0xff, 0xee, 0x16, 0x00, 0x0c, 0x24, 0x24, 0x0b, 0x00, 0x17, 0xef, 0xff, 0x93, 0x00,
    0x00, 0x81, 0xe0, 0xfe, 0x25, 0x2a, 0xde, 0xff, 0xff, 0xdd, 0x2a, 0x25, 0xfe, 0xe0, 0x80, 0x00,
    0x04, 0x00, 0x73, 0xff, 0x13, 0xb0, 0xf9, 0x73, 0x73, 0xfa, 0xae, 0x13, 0xff, 0x73, 0x00, 0x04,
    0x04, 0x02, 0x75, 0xff, 0x1a, 0xca, 0xd0, 0x00, 0x00, 0xd0, 0xca, 0x1a, 0xff, 0x75, 0x02, 0x04,
    0x04, 0x00, 0x75, 0xff, 0x18, 0xc7, 0xd3, 0x05, 0x05, 0xd3, 0xc8, 0x18, 0xff, 0x75, 0x00, 0x04,
    0x04, 0x00, 0x76, 0xfd, 0x18, 0xc4, 0xd0, 0x00, 0x00, 0xd0, 0xc4, 0x18, 0xfd, 0x76, 0x00, 0x04,
    0x03, 0x00, 0x40, 0xff, 0xe4, 0xfe, 0xff, 0xd5, 0xd5, 0xff, 0xfe, 0xe4, 0xff, 0x3f, 0x00, 0x03,
    0x00, 0x01, 0x00, 0x60, 0xc4, 0xcb, 0xca, 0xd2, 0xd2, 0xca, 0xca, 0xc4, 0x60, 0x00, 0x01, 0x00,
    0x00, 0x00, 0x01, 0x00, 0x00, 0x00, 0x00, 0x00, 0x00, 0x00, 0x00, 0x00, 0x00, 0x01, 0x00, 0x00,
};

/* home 20px */
static const uint8_t icon_home_20_map[] = {
    0x00, 0x00, 0x00, 0x00, 0x00, 0x00, 0x00, 0x00, 0x02, 0x00, 0x00, 0x02, 0x00, 0x00, 0x00, 0x00,
    0x00, 0x00, 0x00, 0x00, 0x00, 0x00, 0x00, 0x00, 0x00, 0x00, 0x00, 0x03, 0x00, 0x2e, 0x2e, 0x00,
    0x03, 0x00, 0x00, 0x00, 0x00, 0x00, 0x00, 0x00, 0x00, 0x00, 0x00, 0x00, 0x00, 0x00, 0x04, 0x00,
    0x39, 0xf9, 0xf9, 0x39, 0x00, 0x04, 0x00, 0x00, 0x00, 0x00, 0x00, 0x00, 0x00, 0x00, 0x00, 0x00,
    0x00, 0x04, 0x00, 0x38, 0xf3, 0xef, 0xef, 0xf3, 0x38, 0x00, 0x04, 0x00, 0x00, 0x00, 0x00, 0x00,
    0x00, 0x00, 0x00, 0x00, 0x04, 0x00, 0x38, 0xf1, 0xf1, 0x2f, 0x2f, 0xf1, 0xf1, 0x38, 0x00, 0x04,
    0x00, 0x00, 0x00, 0x00, 0x00, 0x00, 0x00, 0x04, 0x00, 0x38, 0xf1, 0xf1, 0x38, 0x00, 0x00, 0x38,
    0xf1, 0xf1, 0x38, 0x00, 0x04, 0x00, 0x00, 0x00, 0x00, 0x00, 0x04, 0x00, 0x38, 0xf1, 0xf1, 0x38,
    0x00, 0x04, 0x04, 0x00, 0x38, 0xf1, 0xf1, 0x38, 0x00, 0x04, 0x00, 0x00, 0x00, 0x03, 0x00, 0x39,
    0xf4, 0xf1, 0x38, 0x00, 0x04, 0x01, 0x01, 0x04, 0x00, 0x38, 0xf1, 0xf4, 0x39, 0x00, 0x03, 0x00,
    0x02, 0x00, 0x36, 0xed, 0xe4, 0x37, 0x00, 0x06, 0x00, 0x00, 0x00, 0x00, 0x06, 0x00, 0x37, 0xe4,
    0xed, 0x36, 0x00, 0x02, 0x01, 0x2d, 0xfb, 0xff, 0xc7, 0x00, 0x04, 0x00, 0x00, 0x0d, 0x0d, 0x00,
    0x00, 0x04, 0x00, 0xc7, 0xff, 0xfb, 0x30, 0x01, 0x00, 0x33, 0xc5, 0xee, 0xf7, 0x16, 0x00, 0x4f,
    0xd8, 0xfc, 0xfc, 0xd7, 0x4f, 0x00, 0x16, 0xf7, 0xee, 0xc1, 0x31, 0x00, 0x00, 0x00, 0x00, 0xad,
    0xfe, 0x06, 0x1a, 0xf9, 0xeb, 0xb2, 0xb2, 0xeb, 0xf9, 0x19, 0x07, 0xfe, 0xac, 0x00, 0x00, 0x00,
    0x00, 0x04, 0x02, 0xae, 0xff, 0x00, 0x4a, 0xff, 0x56, 0x00, 0x00, 0x56, 0xff, 0x4a, 0x00, 0xff,
    0xad, 0x02, 0x04, 0x00, 0x00, 0x03, 0x00, 0xae, 0xff, 0x00, 0x50, 0xfe, 0x52, 0x03, 0x03, 0x52,
    0xfe, 0x50, 0x00, 0xff, 0xad, 0x00, 0x03, 0x00, 0x00, 0x03, 0x00, 0xae, 0xff, 0x03, 0x51, 0xff,
    0x56, 0x03, 0x03, 0x56, 0xff, 0x51, 0x03, 0xff, 0xad, 0x00, 0x03, 0x00, 0x00, 0x03, 0x00, 0xaf,
    0xfd, 0x00, 0x44, 0xff, 0x49, 0x00, 0x00, 0x49, 0xff, 0x44, 0x00, 0xfd, 0xae, 0x00, 0x03, 0x00,
    0x00, 0x04, 0x00, 0x87, 0xff, 0x6c, 0x80, 0xfc, 0x87, 0x4c, 0x4c, 0x87, 0xfc, 0x80, 0x6d, 0xff,
    0x86, 0x00, 0x04, 0x00, 0x00, 0x02, 0x01, 0x1b, 0xd7, 0xff, 0xff, 0xff, 0xff, 0xff, 0xff, 0xff,
    0xff, 0xff, 0xff, 0xd6, 0x1a, 0x01, 0x02, 0x00, 0x00, 0x00, 0x01, 0x00, 0x0e, 0x46, 0x4e, 0x53,
    0x4e, 0x4d, 0x4d, 0x4e, 0x53, 0x4e, 0x46, 0x0e, 0x00, 0x01, 0x00, 0x00, 0x00, 0x00, 0x00, 0x01,
    0x00, 0x00, 0x00, 0x00, 0x00, 0x00, 0x00, 0x00, 0x00, 0x00, 0x00, 0x00, 0x01, 0x00, 0x00, 0x00,
};

/* info-circle 16px */
static const uint8_t icon_info_circle_16_map[] = {
    0x00, 0x00, 0x00, 0x02, 0x00, 0x00, 0x00, 0x00, 0x00, 0x00, 0x00, 0x00, 0x02, 0x00, 0x00, 0x00,
    0x00, 0x00, 0x02, 0x00, 0x01, 0x50, 0xa0, 0xc7, 0xc7, 0x9f, 0x50, 0x01, 0x00, 0x02, 0x00, 0x00,
    0x00, 0x02, 0x00, 0x24, 0xc8, 0xff, 0xff, 0xe2, 0xe2, 0xff, 0xff, 0xc7, 0x24, 0x00, 0x02, 0x00,
    0x02, 0x00, 0x23, 0xe7, 0xff, 0x76, 0x1b, 0x02, 0x02, 0x1b, 0x76, 0xff, 0xe7, 0x23, 0x01, 0x02,
    0x02, 0x03, 0xca, 0xfa, 0x39, 0x00, 0x00, 0x00, 0x00, 0x00, 0x00, 0x39, 0xfb, 0xc9, 0x02, 0x02,
    0x00, 0x4d, 0xff, 0x70, 0x00, 0x09, 0x03, 0x9a, 0x9c, 0x01, 0x09, 0x00, 0x72, 0xff, 0x4c, 0x00,
    0x00, 0xa1, 0xf8, 0x0d, 0x02, 0x04, 0x00, 0x8f, 0x8d, 0x00, 0x04, 0x02, 0x0d, 0xf8, 0xa0, 0x00,
    0x00, 0xc6, 0xd9, 0x00, 0x04, 0x00, 0x47, 0xbe, 0x74, 0x00, 0x02, 0x01, 0x00, 0xda, 0xc6, 0x00,
    0x00, 0xc4, 0xda, 0x00, 0x03, 0x00, 0x44, 0xff, 0xd0, 0x00, 0x02, 0x01, 0x00, 0xdb, 0xc3, 0x00,
    0x00, 0x9b, 0xf9, 0x0d, 0x02, 0x03, 0x00, 0xca, 0xd1, 0x02, 0x02, 0x02, 0x0e, 0xf9, 0x9a, 0x00,
    0x00, 0x45, 0xff, 0x6d, 0x00, 0x09, 0x03, 0xc9, 0xff, 0x5f, 0x04, 0x00, 0x6e, 0xff, 0x45, 0x00,
    0x02, 0x01, 0xc8, 0xf9, 0x37, 0x00, 0x00, 0x42, 0x74, 0x1c, 0x00, 0x38, 0xf9, 0xc6, 0x01, 0x02,
    0x02, 0x01, 0x23, 0xe8, 0xff, 0x74, 0x16, 0x00, 0x00, 0x10, 0x75, 0xff, 0xe8, 0x22, 0x01, 0x02,
    0x00, 0x02, 0x00, 0x25, 0xca, 0xff, 0xff, 0xdf, 0xe1, 0xff, 0xff, 0xc9, 0x25, 0x00, 0x02, 0x00,
    0x00, 0x00, 0x02, 0x00, 0x01, 0x4c, 0x9f, 0xc8, 0xc8, 0x9f, 0x4c, 0x01, 0x00, 0x02, 0x00, 0x00,
    0x00, 0x00, 0x00, 0x02, 0x00, 0x00, 0x00, 0x00, 0x00, 0x00, 0x00, 0x00, 0x02, 0x00, 0x00, 0x00,
};

/* info-circle 20px */
static const uint8_t icon_info_circle_20_map[] = {
    0x00, 0x00, 0x00, 0x00, 0x00, 0x01, 0x04, 0x00, 0x00, 0x00, 0x00, 0x00, 0x00, 0x04, 0x01, 0x00,
    0x00, 0x00, 0x00, 0x00, 0x00, 0x00, 0x00, 0x00, 0x02, 0x00, 0x00, 0x05, 0x30, 0x44, 0x44, 0x30,
    0x05, 0x00, 0x00, 0x02, 0x00, 0x00, 0x00, 0x00, 0x00, 0x00, 0x00, 0x03, 0x00, 0x13, 0x84, 0xe8,
    0xff, 0xff, 0xff, 0xff, 0xe8, 0x83, 0x12, 0x00, 0x03, 0x00, 0x00, 0x00, 0x00, 0x00, 0x03, 0x00,
    0x3c, 0xe3, 0xff, 0xd0, 0x80, 0x59, 0x59, 0x80, 0xd1, 0xff, 0xe2, 0x3c, 0x00, 0x03, 0x00, 0x00,
    0x00, 0x02, 0x00, 0x3b, 0xf9, 0xf1, 0x51, 0x00, 0x00, 0x00, 0x00, 0x00, 0x00, 0x52, 0xf1, 0xf8,
    0x3b, 0x00, 0x02, 0x00, 0x02, 0x01, 0x17, 0xe7, 0xf2, 0x31, 0x00, 0x02, 0x04, 0x00, 0x00, 0x04,
    0x02, 0x00, 0x32, 0xf3, 0xe6, 0x17, 0x01, 0x02, 0x04, 0x00, 0x8a, 0xff, 0x5c, 0x00, 0x06, 0x01,
    0x00, 0x2f, 0x2f, 0x00, 0x01, 0x06, 0x00, 0x5c, 0xff, 0x89, 0x00, 0x04, 0x00, 0x07, 0xed, 0xd5,
    0x00, 0x03, 0x01, 0x02, 0x02, 0xdc, 0xde, 0x00, 0x02, 0x01, 0x03, 0x00, 0xd6, 0xec, 0x07, 0x00,
    0x00, 0x2d, 0xff, 0x82, 0x00, 0x04, 0x00, 0x01, 0x00, 0x2a, 0x27, 0x00, 0x01, 0x00, 0x04, 0x00,
    0x83, 0xff, 0x2b, 0x00, 0x00, 0x47, 0xfe, 0x5b, 0x00, 0x04, 0x03, 0x00, 0x70, 0xc1, 0x7a, 0x00,
    0x02, 0x00, 0x04, 0x00, 0x5c, 0xfe, 0x46, 0x00, 0x00, 0x48, 0xfe, 0x5c, 0x00, 0x04, 0x03, 0x00,
    0x71, 0xff, 0xdb, 0x02, 0x00, 0x00, 0x04, 0x00, 0x5d, 0xfe, 0x47, 0x00, 0x00, 0x31, 0xff, 0x83,
    0x00, 0x04, 0x00, 0x00, 0x00, 0xd6, 0xd3, 0x00, 0x00, 0x00, 0x04, 0x00, 0x84, 0xff, 0x30, 0x00,
    0x00, 0x0a, 0xf1, 0xd4, 0x00, 0x03, 0x01, 0x00, 0x02, 0xd6, 0xeb, 0x3a, 0x00, 0x02, 0x03, 0x00,
    0xd5, 0xf0, 0x0a, 0x00, 0x03, 0x00, 0x8e, 0xff, 0x54, 0x00, 0x06, 0x02, 0x00, 0xb8, 0xff, 0x97,
    0x00, 0x0a, 0x00, 0x55, 0xff, 0x8d, 0x00, 0x04, 0x02, 0x01, 0x15, 0xe5, 0xf0, 0x34, 0x00, 0x02,
    0x04, 0x17, 0x38, 0x0d, 0x01, 0x00, 0x35, 0xf0, 0xe5, 0x15, 0x01, 0x02, 0x00, 0x02, 0x00, 0x3c,
    0xfa, 0xf6, 0x5f, 0x00, 0x00, 0x00, 0x00, 0x00, 0x01, 0x5f, 0xf7, 0xf9, 0x3a, 0x00, 0x03, 0x00,
    0x00, 0x00, 0x03, 0x00, 0x3e, 0xe6, 0xff, 0xd4, 0x8c, 0x60, 0x62, 0x8d, 0xd5, 0xff, 0xe5, 0x3e,
    0x00, 0x03, 0x00, 0x00, 0x00, 0x00, 0x00, 0x03, 0x00, 0x16, 0x87, 0xea, 0xff, 0xff, 0xff, 0xff,
    0xea, 0x87, 0x16, 0x00, 0x03, 0x00, 0x00, 0x00, 0x00, 0x00, 0x00, 0x00, 0x02, 0x00, 0x00, 0x07,
    0x30, 0x46, 0x46, 0x30, 0x07, 0x00, 0x00, 0x02, 0x00, 0x00, 0x00, 0x00, 0x00, 0x00, 0x00, 0x00,
    0x00, 0x01, 0x04, 0x00, 0x00, 0x00, 0x00, 0x00, 0x00, 0x04, 0x01, 0x00, 0x00, 0x00, 0x00, 0x00,
};

/* keyboard 16px */
static const uint8_t icon_keyboard_16_map[] = {
    0x00, 0x00, 0x00, 0x00, 0x00, 0x00, 0x00, 0x00, 0x00, 0x00, 0x00, 0x00, 0x00, 0x00, 0x00, 0x00,
    0x00, 0x03, 0x01, 0x01, 0x01, 0x01, 0x01, 0x01, 0x01, 0x01, 0x01, 0x01, 0x01, 0x01, 0x03, 0x00,
    0x01, 0x00, 0x00, 0x00, 0x00, 0x00, 0x00, 0x00, 0x00, 0x00, 0x00, 0x00, 0x00, 0x00, 0x00, 0x01,
    0x00, 0x67, 0xcc, 0xd6, 0xd6, 0xd5, 0xd7, 0xd6, 0xd6, 0xd7, 0xd5, 0xd6, 0xd6, 0xcc, 0x67, 0x00,
    0x44, 0xff, 0xe8, 0xce, 0xd2, 0xd5, 0xcf, 0xd4, 0xd4, 0xcf, 0xd5, 0xd2, 0xce, 0xe8, 0xff, 0x43,
    0x7d, 0xfe, 0x21, 0x06, 0x0c, 0x00, 0x12, 0x00, 0x00, 0x12, 0x00, 0x0c, 0x06, 0x22, 0xfe, 0x7d,
    0x7c, 0xff, 0x12, 0xc4, 0xc6, 0x0c, 0xff, 0x59, 0x5a, 0xff, 0x0d, 0xc8, 0xc2, 0x12, 0xff, 0x7c,
    0x7d, 0xff, 0x1d, 0x3d, 0x41, 0x02, 0x58, 0x0b, 0x0c, 0x59, 0x02, 0x41, 0x3c, 0x1e, 0xff, 0x7c,
    0x7d, 0xff, 0x1e, 0x38, 0x3d, 0x03, 0x51, 0x6e, 0x6e, 0x50, 0x03, 0x3d, 0x38, 0x1e, 0xff, 0x7c,
    0x7d, 0xff, 0x13, 0xc0, 0xc4, 0x0e, 0xff, 0xff, 0xff, 0xff, 0x0e, 0xc5, 0xbf, 0x13, 0xff, 0x7c,
    0x7e, 0xfe, 0x20, 0x04, 0x0a, 0x00, 0x12, 0x1f, 0x1f, 0x12, 0x00, 0x0a, 0x04, 0x20, 0xfe, 0x7d,
    0x44, 0xff, 0xe6, 0xcf, 0xd2, 0xd5, 0xcf, 0xcc, 0xcc, 0xcf, 0xd5, 0xd2, 0xcf, 0xe6, 0xff, 0x43,
    0x00, 0x60, 0xc7, 0xd6, 0xd6, 0xd5, 0xd7, 0xd7, 0xd7, 0xd7, 0xd5, 0xd6, 0xd6, 0xc7, 0x5f, 0x00,
    0x01, 0x00, 0x00, 0x00, 0x00, 0x00, 0x00, 0x00, 0x00, 0x00, 0x00, 0x00, 0x00, 0x00, 0x00, 0x01,
    0x00, 0x03, 0x02, 0x01, 0x01, 0x01, 0x01, 0x01, 0x01, 0x01, 0x01, 0x01, 0x01, 0x02, 0x03, 0x00,
    0x00, 0x00, 0x00, 0x00, 0x00, 0x00, 0x00, 0x00, 0x00, 0x00, 0x00, 0x00, 0x00, 0x00, 0x00, 0x00,
};

/* keyboard 20px */
static const uint8_t icon_keyboard_20_map[] = {
    0x00, 0x00, 0x00, 0x00, 0x00, 0x00, 0x00, 0x00, 0x00, 0x00, 0x00, 0x00, 0x00, 0x00, 0x00, 0x00,
    0x00, 0x00, 0x00, 0x00, 0x00, 0x00, 0x00, 0x00, 0x00, 0x00, 0x00, 0x00, 0x00, 0x00, 0x00, 0x00,
    0x00, 0x00, 0x00, 0x00, 0x00, 0x00, 0x00, 0x00, 0x00, 0x02, 0x03, 0x01, 0x01, 0x01, 0x01, 0x01,
    0x01, 0x01, 0x01, 0x01, 0x01, 0x01, 0x01, 0x01, 0x01, 0x03, 0x02, 0x00, 0x01, 0x00, 0x00, 0x00,
    0x00, 0x00, 0x00, 0x00, 0x00, 0x00, 0x00, 0x00, 0x00, 0x00, 0x00, 0x00, 0x00, 0x00, 0x00, 0x00,
    0x00, 0x1e, 0x9e, 0xd1, 0xd5, 0xd5, 0xd5, 0xd5, 0xd5, 0xd5, 0xd5, 0xd5, 0xd5, 0xd5, 0xd5, 0xd5,
    0xd1, 0x9e, 0x1e, 0x00, 0x09, 0xce, 0xff, 0xd5, 0xd8, 0xd9, 0xd5, 0xd7, 0xd9, 0xd6, 0xd6, 0xd9,
    0xd7, 0xd5, 0xd9, 0xd8, 0xd5, 0xff, 0xcd, 0x09, 0x2b, 0xff, 0x8b, 0x00, 0x00, 0x00, 0x00, 0x00,
    0x00, 0x00, 0x00, 0x00, 0x00, 0x00, 0x00, 0x00, 0x00, 0x8c, 0xff, 0x2a, 0x31, 0xfe, 0x7e, 0x00,
    0x5c, 0x59, 0x01, 0x2f, 0x71, 0x08, 0x08, 0x71, 0x2e, 0x01, 0x5a, 0x5c, 0x00, 0x7e, 0xfe, 0x31,
    0x30, 0xff, 0x82, 0x00, 0xde, 0xdd, 0x00, 0x77, 0xff, 0x1c, 0x1c, 0xff, 0x76, 0x00, 0xdd, 0xdd,
    0x00, 0x82, 0xff, 0x30, 0x30, 0xff, 0x80, 0x00, 0x15, 0x11, 0x00, 0x07, 0x18, 0x00, 0x00, 0x18,
    0x07, 0x00, 0x11, 0x15, 0x00, 0x80, 0xff, 0x30, 0x30, 0xff, 0x80, 0x00, 0x17, 0x14, 0x00, 0x07,
    0x26, 0x31, 0x31, 0x26, 0x06, 0x00, 0x14, 0x18, 0x00, 0x80, 0xff, 0x30, 0x30, 0xff, 0x83, 0x00,
    0xdf, 0xdf, 0x00, 0x78, 0xff, 0xff, 0xff, 0xff, 0x74, 0x00, 0xdf, 0xdf, 0x00, 0x83, 0xff, 0x30,
    0x31, 0xfe, 0x7d, 0x00, 0x5c, 0x58, 0x01, 0x2e, 0x80, 0x7e, 0x7e, 0x7e, 0x2b, 0x01, 0x59, 0x5b,
    0x00, 0x7d, 0xfe, 0x31, 0x28, 0xff, 0x91, 0x00, 0x00, 0x00, 0x00, 0x00, 0x00, 0x00, 0x00, 0x00,
    0x00, 0x00, 0x00, 0x00, 0x00, 0x92, 0xff, 0x27, 0x06, 0xc9, 0xff, 0xd7, 0xd8, 0xd9, 0xd5, 0xd7,
    0xda, 0xda, 0xda, 0xda, 0xd7, 0xd5, 0xd9, 0xd7, 0xd8, 0xff, 0xc8, 0x06, 0x00, 0x1f, 0xab, 0xd2,
    0xd5, 0xd5, 0xd5, 0xd5, 0xd5, 0xd5, 0xd5, 0xd5, 0xd5, 0xd5, 0xd5, 0xd5, 0xd2, 0xab, 0x1f, 0x00,
    0x01, 0x00, 0x00, 0x00, 0x00, 0x00, 0x00, 0x00, 0x00, 0x00, 0x00, 0x00, 0x00, 0x00, 0x00, 0x00,
    0x00, 0x00, 0x00, 0x00, 0x00, 0x02, 0x03, 0x01, 0x01, 0x01, 0x01, 0x01, 0x01, 0x01, 0x01, 0x01,
    0x01, 0x01, 0x01, 0x01, 0x01, 0x03, 0x02, 0x00, 0x00, 0x00, 0x00, 0x00, 0x00, 0x00, 0x00, 0x00,
    0x00, 0x00, 0x00, 0x00, 0x00, 0x00, 0x00, 0x00, 0x00, 0x00, 0x00, 0x00, 0x00, 0x00, 0x00, 0x00,
    0x00, 0x00, 0x00, 0x00, 0x00, 0x00, 0x00, 0x00, 0x00, 0x00, 0x00, 0x00, 0x00, 0x00, 0x00, 0x00,
};

/* layout-grid 20px */
static const uint8_t icon_layout_grid_20_map[] = {
    0x00, 0x00, 0x00, 0x03, 0x05, 0x05, 0x05, 0x05, 0x02, 0x00, 0x00, 0x02, 0x05, 0x05, 0x05, 0x05,
    0x03, 0x00, 0x00, 0x00, 0x00, 0x00, 0x00, 0x00, 0x00, 0x00, 0x00, 0x00, 0x00, 0x00, 0x00, 0x00,
    0x00, 0x00, 0x00, 0x00, 0x00, 0x00, 0x00, 0x00, 0x00, 0x01, 0x00, 0x4f, 0x80, 0x7e, 0x7e, 0x7a,
    0x29, 0x00, 0x00, 0x29, 0x7a, 0x7e, 0x7e, 0x80, 0x4f, 0x00, 0x01, 0x00, 0x03, 0x00, 0x4f, 0xff,
    0xff, 0xff, 0xff, 0xff, 0xe7, 0x0d, 0x10, 0xe8, 0xff, 0xff, 0xff, 0xff, 0xff, 0x4d, 0x00, 0x03,
    0x05, 0x00, 0x85, 0xfd, 0x53, 0x31, 0x30, 0x96, 0xff, 0x23, 0x25, 0xff, 0x96, 0x30, 0x31, 0x53,
    0xfd, 0x83, 0x00, 0x05, 0x05, 0x00, 0x7f, 0xff, 0x27, 0x00, 0x00, 0x7b, 0xfe, 0x22, 0x21, 0xfe,
    0x7b, 0x00, 0x00, 0x27, 0xff, 0x7f, 0x00, 0x05, 0x05, 0x00, 0x80, 0xfe, 0x1f, 0x00, 0x00, 0x76,
    0xfd, 0x22, 0x22, 0xfd, 0x76, 0x00, 0x00, 0x1f, 0xfe, 0x80, 0x00, 0x05, 0x05, 0x00, 0x7f, 0xff,
    0x93, 0x7f, 0x7e, 0xbf, 0xff, 0x21, 0x21, 0xff, 0xbf, 0x7e, 0x7f, 0x93, 0xff, 0x7f, 0x00, 0x05,
    0x02, 0x01, 0x31, 0xe7, 0xff, 0xff, 0xff, 0xff, 0xb8, 0x07, 0x07, 0xb9, 0xff, 0xff, 0xff, 0xff,
    0xe6, 0x30, 0x01, 0x02, 0x00, 0x00, 0x00, 0x0f, 0x27, 0x25, 0x26, 0x24, 0x01, 0x00, 0x00, 0x01,
    0x24, 0x26, 0x25, 0x27, 0x0f, 0x00, 0x00, 0x00, 0x00, 0x00, 0x00, 0x0f, 0x27, 0x25, 0x26, 0x24,
    0x01, 0x00, 0x00, 0x01, 0x23, 0x26, 0x25, 0x27, 0x0f, 0x00, 0x00, 0x00, 0x02, 0x01, 0x2d, 0xe6,
    0xff, 0xff, 0xff, 0xff, 0xb5, 0x04, 0x05, 0xb5, 0xff, 0xff, 0xff, 0xff, 0xe6, 0x2c, 0x01, 0x02,
    0x05, 0x00, 0x7e, 0xff, 0x93, 0x7f, 0x7e, 0xbf, 0xff, 0x1f, 0x20, 0xff, 0xbf, 0x7e, 0x7f, 0x93,
    0xff, 0x7c, 0x00, 0x05, 0x05, 0x00, 0x80, 0xfe, 0x1f, 0x00, 0x00, 0x76, 0xfd, 0x23, 0x22, 0xfd,
    0x76, 0x00, 0x00, 0x1f, 0xfe, 0x80, 0x00, 0x05, 0x05, 0x00, 0x7f, 0xff, 0x27, 0x00, 0x00, 0x7b,
    0xfe, 0x21, 0x22, 0xfe, 0x7b, 0x00, 0x00, 0x27, 0xff, 0x7f, 0x00, 0x05, 0x05, 0x00, 0x84, 0xfd,
    0x53, 0x31, 0x30, 0x96, 0xff, 0x24, 0x24, 0xff, 0x96, 0x30, 0x31, 0x53, 0xfd, 0x84, 0x00, 0x05,
    0x03, 0x00, 0x4f, 0xff, 0xff, 0xff, 0xff, 0xff, 0xe8, 0x0f, 0x0f, 0xe9, 0xff, 0xff, 0xff, 0xff,
    0xff, 0x4e, 0x00, 0x03, 0x00, 0x01, 0x00, 0x4f, 0x80, 0x7e, 0x7e, 0x7a, 0x29, 0x00, 0x00, 0x2a,
    0x7a, 0x7e, 0x7e, 0x80, 0x4f, 0x00, 0x01, 0x00, 0x00, 0x00, 0x00, 0x00, 0x00, 0x00, 0x00, 0x00,
    0x00, 0x00, 0x00, 0x00, 0x00, 0x00, 0x00, 0x00, 0x00, 0x00, 0x00, 0x00, 0x00, 0x00, 0x00, 0x03,
    0x05, 0x05, 0x05, 0x05, 0x02, 0x00, 0x00, 0x02, 0x05, 0x05, 0x05, 0x05, 0x03, 0x00, 0x00, 0x00,
};

/* layout-grid 26px */
static const uint8_t icon_layout_grid_26_map[] = {
    0x00, 0x00, 0x00, 0x00, 0x00, 0x00, 0x00, 0x00, 0x00, 0x00, 0x00, 0x00, 0x00, 0x00, 0x00, 0x00,
    0x00, 0x00, 0x00, 0x00, 0x00, 0x00, 0x00, 0x00, 0x00, 0x00, 0x00, 0x00, 0x00, 0x01, 0x03, 0x02,
    0x02, 0x02, 0x02, 0x02, 0x03, 0x01, 0x00, 0x00, 0x01, 0x03, 0x02, 0x02, 0x02, 0x02, 0x02, 0x03,
    0x01, 0x00, 0x00, 0x00, 0x00, 0x00, 0x00, 0x00, 0x00, 0x00, 0x00, 0x00, 0x00, 0x00, 0x00, 0x00,
    0x00, 0x00, 0x00, 0x00, 0x00, 0x00, 0x00, 0x00, 0x00, 0x00, 0x00, 0x00, 0x00, 0x00, 0x00, 0x01,
    0x01, 0x06, 0x79, 0xb8, 0xb9, 0xb9, 0xb9, 0xba, 0x89, 0x11, 0x01, 0x01, 0x11, 0x8a, 0xba, 0xb9,
    0xb9, 0xb9, 0xb7, 0x77, 0x06, 0x01, 0x01, 0x00, 0x00, 0x04, 0x00, 0x7b, 0xff, 0xff, 0xff, 0xff,
    0xff, 0xff, 0xff, 0xa4, 0x00, 0x00, 0xa5, 0xff, 0xff, 0xff, 0xff, 0xff, 0xff, 0xff, 0x7a, 0x00,
    0x04, 0x00, 0x00, 0x02, 0x00, 0xbc, 0xfc, 0xa6, 0x6c, 0x71, 0x6c, 0x90, 0xfb, 0xde, 0x03, 0x04,
    0xde, 0xfb, 0x90, 0x6c, 0x71, 0x6c, 0xa6, 0xfc, 0xba, 0x00, 0x03, 0x00, 0x00, 0x02, 0x00, 0xba,
    0xff, 0x5d, 0x00, 0x00, 0x00, 0x33, 0xff, 0xdc, 0x05, 0x05, 0xdc, 0xff, 0x33, 0x00, 0x00, 0x00,
    0x5d, 0xff, 0xba, 0x00, 0x02, 0x00, 0x00, 0x02, 0x00, 0xba, 0xff, 0x6c, 0x07, 0x0e, 0x07, 0x45,
    0xff, 0xdd, 0x05, 0x05, 0xdd, 0xff, 0x45, 0x07, 0x0e, 0x07, 0x6c, 0xff, 0xba, 0x00, 0x02, 0x00,
    0x00, 0x02, 0x00, 0xb9, 0xff, 0x60, 0x00, 0x00, 0x00, 0x36, 0xff, 0xdc, 0x05, 0x05, 0xdc, 0xff,
    0x36, 0x00, 0x00, 0x00, 0x60, 0xff, 0xb9, 0x00, 0x02, 0x00, 0x00, 0x02, 0x00, 0xbd, 0xfc, 0x8c,
    0x40, 0x45, 0x40, 0x6f, 0xfc, 0xdf, 0x04, 0x04, 0xdf, 0xfc, 0x6f, 0x40, 0x45, 0x40, 0x8c, 0xfc,
    0xbd, 0x00, 0x02, 0x00, 0x00, 0x04, 0x00, 0x8f, 0xff, 0xff, 0xff, 0xff, 0xff, 0xff, 0xff, 0xb9,
    0x00, 0x00, 0xb9, 0xff, 0xff, 0xff, 0xff, 0xff, 0xff, 0xff, 0x8e, 0x00, 0x04, 0x00, 0x00, 0x01,
    0x01, 0x13, 0xae, 0xe0, 0xe0, 0xe1, 0xe0, 0xe1, 0xbf, 0x25, 0x00, 0x00, 0x26, 0xbf, 0xe0, 0xe0,
    0xe1, 0xe0, 0xe0, 0xad, 0x13, 0x01, 0x01, 0x00, 0x00, 0x00, 0x00, 0x00, 0x00, 0x06, 0x07, 0x07,
    0x07, 0x07, 0x00, 0x00, 0x00, 0x00, 0x00, 0x00, 0x07, 0x07, 0x07, 0x07, 0x07, 0x00, 0x00, 0x00,
    0x00, 0x00, 0x00, 0x00, 0x00, 0x00, 0x00, 0x05, 0x07, 0x07, 0x07, 0x06, 0x00, 0x00, 0x00, 0x00,
    0x00, 0x00, 0x06, 0x07, 0x07, 0x07, 0x05, 0x00, 0x00, 0x00, 0x00, 0x00, 0x00, 0x01, 0x01, 0x14,
    0xa5, 0xdd, 0xe0, 0xe1, 0xe0, 0xdf, 0xb7, 0x26, 0x01, 0x01, 0x26, 0xb7, 0xdf, 0xe0, 0xe1, 0xe0,
    0xdd, 0xa4, 0x14, 0x01, 0x01, 0x00, 0x00, 0x04, 0x00, 0x99, 0xff, 0xff, 0xff, 0xff, 0xff, 0xff,
    0xff, 0xc1, 0x00, 0x01, 0xc2, 0xff, 0xff, 0xff, 0xff, 0xff, 0xff, 0xff, 0x98, 0x00, 0x04, 0x00,
    0x00, 0x02, 0x00, 0xbe, 0xfc, 0x8c, 0x40, 0x45, 0x40, 0x6f, 0xfc, 0xdf, 0x04, 0x05, 0xe0, 0xfc,
    0x6f, 0x40, 0x45, 0x40, 0x8c, 0xfc, 0xbe, 0x00, 0x02, 0x00, 0x00, 0x02, 0x00, 0xb9, 0xff, 0x60,
    0x00, 0x00, 0x00, 0x36, 0xff, 0xdc, 0x05, 0x05, 0xdc, 0xff, 0x36, 0x00, 0x00, 0x00, 0x60, 0xff,
    0xb9, 0x00, 0x02, 0x00, 0x00, 0x02, 0x00, 0xba, 0xff, 0x6c, 0x07, 0x0e, 0x07, 0x45, 0xff, 0xdd,
    0x05, 0x05, 0xdd, 0xff, 0x45, 0x07, 0x0e, 0x07, 0x6c, 0xff, 0xba, 0x00, 0x02, 0x00, 0x00, 0x02,
    0x00, 0xb9, 0xff, 0x5e, 0x00, 0x00, 0x00, 0x33, 0xff, 0xdc, 0x05, 0x05, 0xdc, 0xff, 0x33, 0x00,
    0x00, 0x00, 0x5e, 0xff, 0xb9, 0x00, 0x02, 0x00, 0x00, 0x02, 0x00, 0xbf, 0xfc, 0xa6, 0x6c, 0x71,
    0x6c, 0x90, 0xfb, 0xe1, 0x04, 0x04, 0xe1, 0xfb, 0x90, 0x6c, 0x71, 0x6c, 0xa6, 0xfc, 0xbf, 0x00,
    0x02, 0x00, 0x00, 0x04, 0x00, 0x7f, 0xff, 0xff, 0xff, 0xff, 0xff, 0xff, 0xff, 0xa8, 0x00, 0x00,
    0xa9, 0xff, 0xff, 0xff, 0xff, 0xff, 0xff, 0xff, 0x7e, 0x00, 0x04, 0x00, 0x00, 0x01, 0x01, 0x06,
    0x82, 0xbb, 0xb9, 0xba, 0xb9, 0xba, 0x93, 0x12, 0x01, 0x01, 0x12, 0x94, 0xba, 0xb9, 0xba, 0xb9,
    0xbb, 0x82, 0x06, 0x01, 0x01, 0x00, 0x00, 0x00, 0x00, 0x00, 0x00, 0x00, 0x00, 0x00, 0x00, 0x00,
    0x00, 0x00, 0x00, 0x00, 0x00, 0x00, 0x00, 0x00, 0x00, 0x00, 0x00, 0x00, 0x00, 0x00, 0x00, 0x00,
    0x00, 0x00, 0x00, 0x01, 0x03, 0x02, 0x02, 0x02, 0x02, 0x02, 0x03, 0x01, 0x00, 0x00, 0x01, 0x03,
    0x02, 0x02, 0x02, 0x02, 0x02, 0x03, 0x01, 0x00, 0x00, 0x00, 0x00, 0x00, 0x00, 0x00, 0x00, 0x00,
    0x00, 0x00, 0x00, 0x00, 0x00, 0x00, 0x00, 0x00, 0x00, 0x00, 0x00, 0x00, 0x00, 0x00, 0x00, 0x00,
    0x00, 0x00, 0x00, 0x00,
};

/* list 20px */
static const uint8_t icon_list_20_map[] = {
    0x00, 0x00, 0x00, 0x00, 0x00, 0x00, 0x00, 0x00, 0x00, 0x00, 0x00, 0x00, 0x00, 0x00, 0x00, 0x00,
    0x00, 0x00, 0x00, 0x00, 0x00, 0x00, 0x00, 0x00, 0x00, 0x00, 0x00, 0x00, 0x00, 0x00, 0x00, 0x00,
    0x00, 0x00, 0x00, 0x00, 0x00, 0x00, 0x00, 0x00, 0x00, 0x00, 0x00, 0x02, 0x02, 0x00, 0x01, 0x01,
    0x01, 0x01, 0x01, 0x01, 0x01, 0x01, 0x01, 0x01, 0x01, 0x02, 0x00, 0x00, 0x00, 0x00, 0x00, 0x00,
    0x00, 0x00, 0x00, 0x00, 0x00, 0x00, 0x00, 0x00, 0x00, 0x00, 0x00, 0x00, 0x00, 0x00, 0x00, 0x00,
    0x00, 0x03, 0x00, 0x79, 0xbf, 0x00, 0x31, 0xd0, 0xd4, 0xd5, 0xd5, 0xd5, 0xd5, 0xd5, 0xd5, 0xd3,
    0xd4, 0x52, 0x00, 0x03, 0x00, 0x03, 0x00, 0x7b, 0xc0, 0x00, 0x32, 0xd0, 0xd4, 0xd5, 0xd5, 0xd5,
    0xd5, 0xd5, 0xd5, 0xd3, 0xd3, 0x53, 0x00, 0x03, 0x00, 0x00, 0x00, 0x00, 0x00, 0x00, 0x00, 0x00,
    0x00, 0x00, 0x00, 0x00, 0x00, 0x00, 0x00, 0x00, 0x00, 0x00, 0x00, 0x00, 0x00, 0x00, 0x00, 0x03,
    0x04, 0x00, 0x02, 0x03, 0x01, 0x01, 0x01, 0x01, 0x01, 0x01, 0x01, 0x01, 0x02, 0x03, 0x00, 0x00,
    0x00, 0x00, 0x00, 0x00, 0x00, 0x00, 0x00, 0x00, 0x00, 0x00, 0x00, 0x00, 0x00, 0x00, 0x00, 0x00,
    0x00, 0x00, 0x00, 0x00, 0x00, 0x03, 0x00, 0x79, 0xbf, 0x00, 0x31, 0xd0, 0xd4, 0xd5, 0xd5, 0xd5,
    0xd5, 0xd5, 0xd5, 0xd3, 0xd4, 0x52, 0x00, 0x03, 0x00, 0x03, 0x00, 0x7b, 0xc0, 0x00, 0x32, 0xd0,
    0xd4, 0xd5, 0xd5, 0xd5, 0xd5, 0xd5, 0xd5, 0xd3, 0xd3, 0x53, 0x00, 0x03, 0x00, 0x00, 0x00, 0x00,
    0x00, 0x00, 0x00, 0x00, 0x00, 0x00, 0x00, 0x00, 0x00, 0x00, 0x00, 0x00, 0x00, 0x00, 0x00, 0x00,
    0x00, 0x00, 0x00, 0x03, 0x04, 0x00, 0x02, 0x03, 0x01, 0x01, 0x01, 0x01, 0x01, 0x01, 0x01, 0x01,
    0x02, 0x03, 0x00, 0x00, 0x00, 0x00, 0x00, 0x00, 0x00, 0x00, 0x00, 0x00, 0x00, 0x00, 0x00, 0x00,
    0x00, 0x00, 0x00, 0x00, 0x00, 0x00, 0x00, 0x00, 0x00, 0x03, 0x00, 0x79, 0xbf, 0x00, 0x31, 0xd0,
    0xd4, 0xd5, 0xd5, 0xd5, 0xd5, 0xd5, 0xd5, 0xd3, 0xd4, 0x52, 0x00, 0x03, 0x00, 0x03, 0x00, 0x7b,
    0xc0, 0x00, 0x32, 0xd0, 0xd4, 0xd5, 0xd5, 0xd5, 0xd5, 0xd5, 0xd5, 0xd3, 0xd3, 0x53, 0x00, 0x03,
    0x00, 0x00, 0x00, 0x00, 0x00, 0x00, 0x00, 0x00, 0x00, 0x00, 0x00, 0x00, 0x00, 0x00, 0x00, 0x00,
    0x00, 0x00, 0x00, 0x00, 0x00, 0x00, 0x00, 0x02, 0x02, 0x00, 0x01, 0x01, 0x01, 0x01, 0x01, 0x01,
    0x01, 0x01, 0x01, 0x01, 0x01, 0x02, 0x00, 0x00, 0x00, 0x00, 0x00, 0x00, 0x00, 0x00, 0x00, 0x00,
    0x00, 0x00, 0x00, 0x00, 0x00, 0x00, 0x00, 0x00, 0x00, 0x00, 0x00, 0x00, 0x00, 0x00, 0x00, 0x00,
    0x00, 0x00, 0x00, 0x00, 0x00, 0x00, 0x00, 0x00, 0x00, 0x00, 0x00, 0x00, 0x00, 0x00, 0x00, 0x00,
};

/* list 26px */
static const uint8_t icon_list_26_map[] = {
    0x00, 0x00, 0x00, 0x00, 0x00, 0x00, 0x00, 0x00, 0x00, 0x00, 0x00, 0x00, 0x00, 0x00, 0x00, 0x00,
    0x00, 0x00, 0x00, 0x00, 0x00, 0x00, 0x00, 0x00, 0x00, 0x00, 0x00, 0x00, 0x00, 0x00, 0x00, 0x00,
    0x00, 0x00, 0x00, 0x00, 0x00, 0x00, 0x00, 0x00, 0x00, 0x00, 0x00, 0x00, 0x00, 0x00, 0x00, 0x00,
    0x00, 0x00, 0x00, 0x00, 0x00, 0x00, 0x00, 0x00, 0x00, 0x00, 0x00, 0x00, 0x00, 0x00, 0x00, 0x00,
    0x00, 0x00, 0x00, 0x00, 0x00, 0x00, 0x00, 0x00, 0x00, 0x00, 0x00, 0x00, 0x00, 0x00, 0x00, 0x00,
    0x00, 0x00, 0x02, 0x04, 0x01, 0x00, 0x01, 0x04, 0x04, 0x04, 0x04, 0x04, 0x04, 0x04, 0x04, 0x04,
    0x04, 0x04, 0x04, 0x04, 0x02, 0x00, 0x00, 0x00, 0x00, 0x00, 0x00, 0x00, 0x00, 0x00, 0x00, 0x00,
    0x00, 0x00, 0x00, 0x00, 0x00, 0x00, 0x00, 0x00, 0x00, 0x00, 0x00, 0x00, 0x00, 0x00, 0x00, 0x00,
    0x00, 0x00, 0x00, 0x00, 0x01, 0x00, 0x2b, 0x7d, 0x19, 0x00, 0x0c, 0x76, 0x8c, 0x8a, 0x8b, 0x8b,
    0x8b, 0x8b, 0x8b, 0x8b, 0x8b, 0x8b, 0x8a, 0x89, 0x34, 0x00, 0x02, 0x00, 0x00, 0x00, 0x04, 0x00,
    0xa1, 0xff, 0x75, 0x00, 0x4d, 0xff, 0xff, 0xff, 0xff, 0xff, 0xff, 0xff, 0xff, 0xff, 0xff, 0xff,
    0xff, 0xff, 0xbc, 0x00, 0x04, 0x00, 0x00, 0x00, 0x01, 0x00, 0x2e, 0x83, 0x1a, 0x00, 0x0d, 0x76,
    0x8c, 0x8a, 0x8b, 0x8b, 0x8b, 0x8b, 0x8b, 0x8b, 0x8b, 0x8b, 0x8a, 0x89, 0x35, 0x00, 0x02, 0x00,
    0x00, 0x00, 0x00, 0x00, 0x00, 0x00, 0x00, 0x00, 0x00, 0x00, 0x00, 0x00, 0x00, 0x00, 0x00, 0x00,
    0x00, 0x00, 0x00, 0x00, 0x00, 0x00, 0x00, 0x00, 0x00, 0x00, 0x00, 0x00, 0x00, 0x00, 0x02, 0x05,
    0x01, 0x00, 0x01, 0x05, 0x05, 0x05, 0x05, 0x05, 0x05, 0x05, 0x05, 0x05, 0x05, 0x05, 0x05, 0x05,
    0x02, 0x00, 0x00, 0x00, 0x00, 0x00, 0x00, 0x00, 0x00, 0x00, 0x01, 0x00, 0x01, 0x00, 0x00, 0x00,
    0x00, 0x00, 0x00, 0x00, 0x00, 0x00, 0x00, 0x00, 0x00, 0x00, 0x00, 0x00, 0x00, 0x00, 0x00, 0x00,
    0x00, 0x00, 0x00, 0x12, 0x00, 0x00, 0x00, 0x0f, 0x1d, 0x1b, 0x1c, 0x1c, 0x1c, 0x1c, 0x1c, 0x1c,
    0x1c, 0x1c, 0x1c, 0x1a, 0x00, 0x00, 0x00, 0x00, 0x00, 0x00, 0x03, 0x00, 0x78, 0xf2, 0x54, 0x00,
    0x35, 0xed, 0xf7, 0xf8, 0xf8, 0xf8, 0xf8, 0xf8, 0xf8, 0xf8, 0xf8, 0xf8, 0xf5, 0xf7, 0x8d, 0x00,
    0x03, 0x00, 0x00, 0x00, 0x03, 0x00, 0x7b, 0xf5, 0x56, 0x00, 0x37, 0xed, 0xf7, 0xf8, 0xf8, 0xf8,
    0xf8, 0xf8, 0xf8, 0xf8, 0xf8, 0xf8, 0xf5, 0xf7, 0x8f, 0x00, 0x03, 0x00, 0x00, 0x00, 0x00, 0x00,
    0x00, 0x17, 0x00, 0x00, 0x00, 0x0f, 0x1d, 0x1b, 0x1c, 0x1c, 0x1c, 0x1c, 0x1c, 0x1c, 0x1c, 0x1c,
    0x1c, 0x1a, 0x00, 0x00, 0x00, 0x00, 0x00, 0x00, 0x00, 0x00, 0x00, 0x00, 0x01, 0x00, 0x01, 0x00,
    0x00, 0x00, 0x00, 0x00, 0x00, 0x00, 0x00, 0x00, 0x00, 0x00, 0x00, 0x00, 0x00, 0x00, 0x00, 0x00,
    0x00, 0x00, 0x00, 0x00, 0x02, 0x06, 0x01, 0x00, 0x01, 0x05, 0x05, 0x05, 0x05, 0x05, 0x05, 0x05,
    0x05, 0x05, 0x05, 0x05, 0x05, 0x05, 0x02, 0x00, 0x00, 0x00, 0x00, 0x00, 0x00, 0x00, 0x00, 0x00,
    0x00, 0x00, 0x00, 0x00, 0x00, 0x00, 0x00, 0x00, 0x00, 0x00, 0x00, 0x00, 0x00, 0x00, 0x00, 0x00,
    0x00, 0x00, 0x00, 0x00, 0x00, 0x00, 0x01, 0x00, 0x2b, 0x7d, 0x19, 0x00, 0x0c, 0x76, 0x8c, 0x8a,
    0x8b, 0x8b, 0x8b, 0x8b, 0x8b, 0x8b, 0x8b, 0x8b, 0x8a, 0x89, 0x34, 0x00, 0x02, 0x00, 0x00, 0x00,
    0x04, 0x00, 0xa1, 0xff, 0x75, 0x00, 0x4d, 0xff, 0xff, 0xff, 0xff, 0xff, 0xff, 0xff, 0xff, 0xff,
    0xff, 0xff, 0xff, 0xff, 0xbc, 0x00, 0x04, 0x00, 0x00, 0x00, 0x01, 0x00, 0x2e, 0x83, 0x1a, 0x00,
    0x0d, 0x76, 0x8c, 0x8a, 0x8b, 0x8b, 0x8b, 0x8b, 0x8b, 0x8b, 0x8b, 0x8b, 0x8a, 0x89, 0x35, 0x00,
    0x02, 0x00, 0x00, 0x00, 0x00, 0x00, 0x00, 0x00, 0x00, 0x00, 0x00, 0x00, 0x00, 0x00, 0x00, 0x00,
    0x00, 0x00, 0x00, 0x00, 0x00, 0x00, 0x00, 0x00, 0x00, 0x00, 0x00, 0x00, 0x00, 0x00, 0x00, 0x00,
    0x02, 0x04, 0x01, 0x00, 0x01, 0x04, 0x04, 0x04, 0x04, 0x04, 0x04, 0x04, 0x04, 0x04, 0x04, 0x04,
    0x04, 0x04, 0x02, 0x00, 0x00, 0x00, 0x00, 0x00, 0x00, 0x00, 0x00, 0x00, 0x00, 0x00, 0x00, 0x00,
    0x00, 0x00, 0x00, 0x00, 0x00, 0x00, 0x00, 0x00, 0x00, 0x00, 0x00, 0x00, 0x00, 0x00, 0x00, 0x00,
    0x00, 0x00, 0x00, 0x00, 0x00, 0x00, 0x00, 0x00, 0x00, 0x00, 0x00, 0x00, 0x00, 0x00, 0x00, 0x00,
    0x00, 0x00, 0x00, 0x00, 0x00, 0x00, 0x00, 0x00, 0x00, 0x00, 0x00, 0x00, 0x00, 0x00, 0x00, 0x00,
    0x00, 0x00, 0x00, 0x00, 0x00, 0x00, 0x00, 0x00, 0x00, 0x00, 0x00, 0x00, 0x00, 0x00, 0x00, 0x00,
    0x00, 0x00, 0x00, 0x00,
};

/* map-pin 14px */
static const uint8_t icon_map_pin_14_map[] = {
    0x00, 0x00, 0x00, 0x03, 0x00, 0x00, 0x00, 0x00, 0x00, 0x00, 0x03, 0x00, 0x00, 0x00, 0x00, 0x00,
    0x02, 0x00, 0x34, 0x9f, 0xcb, 0xcb, 0x9e, 0x33, 0x00, 0x03, 0x00, 0x00, 0x00, 0x02, 0x00, 0x7a,
    0xfb, 0xb1, 0x69, 0x69, 0xb2, 0xfb, 0x79, 0x00, 0x02, 0x00, 0x03, 0x00, 0x5f, 0xff, 0x42, 0x00,
    0x00, 0x00, 0x00, 0x43, 0xff, 0x5e, 0x00, 0x03, 0x01, 0x07, 0xee, 0x6d, 0x00, 0x5c, 0xe0, 0xe0,
    0x5c, 0x00, 0x6e, 0xed, 0x07, 0x01, 0x00, 0x31, 0xf7, 0x0c, 0x25, 0xfa, 0x74, 0x74, 0xfa, 0x25,
    0x0d, 0xf7, 0x30, 0x00, 0x00, 0x45, 0xed, 0x00, 0x56, 0xea, 0x00, 0x00, 0xeb, 0x55, 0x00, 0xee,
    0x45, 0x00, 0x00, 0x2b, 0xf9, 0x15, 0x17, 0xee, 0xa8, 0xa9, 0xed, 0x16, 0x15, 0xf9, 0x2a, 0x00,
    0x02, 0x02, 0xe0, 0x8d, 0x00, 0x36, 0xb1, 0xb1, 0x36, 0x00, 0x8e, 0xde, 0x01, 0x02, 0x03, 0x00,
    0x41, 0xff, 0x59, 0x00, 0x00, 0x00, 0x00, 0x5a, 0xff, 0x40, 0x00, 0x03, 0x00, 0x03, 0x00, 0x5f,
    0xff, 0x5c, 0x00, 0x00, 0x5d, 0xff, 0x5e, 0x00, 0x03, 0x00, 0x00, 0x00, 0x04, 0x00, 0x62, 0xff,
    0x5e, 0x5e, 0xff, 0x62, 0x00, 0x04, 0x00, 0x00, 0x00, 0x00, 0x00, 0x05, 0x00, 0x5e, 0xf0, 0xf0,
    0x5d, 0x00, 0x05, 0x00, 0x00, 0x00, 0x00, 0x00, 0x00, 0x00, 0x03, 0x00, 0x17, 0x16, 0x00, 0x03,
    0x00, 0x00, 0x00, 0x00,
};

/* map-pin 20px */
static const uint8_t icon_map_pin_20_map[] = {
    0x00, 0x00, 0x00, 0x00, 0x00, 0x01, 0x04, 0x00, 0x00, 0x00, 0x00, 0x00, 0x00, 0x04, 0x01, 0x00,
    0x00, 0x00, 0x00, 0x00, 0x00, 0x00, 0x00, 0x00, 0x01, 0x00, 0x00, 0x00, 0x2a, 0x43, 0x43, 0x2a,
    0x00, 0x00, 0x00, 0x01, 0x00, 0x00, 0x00, 0x00, 0x00, 0x00, 0x00, 0x02, 0x00, 0x05, 0x6b, 0xdd,
    0xff, 0xff, 0xff, 0xff, 0xdd, 0x6b, 0x05, 0x00, 0x02, 0x00, 0x00, 0x00, 0x00, 0x00, 0x01, 0x00,
    0x15, 0xc0, 0xff, 0xe2, 0x8b, 0x5e, 0x5e, 0x8b, 0xe2, 0xff, 0xbf, 0x15, 0x00, 0x01, 0x00, 0x00,
    0x00, 0x01, 0x02, 0x09, 0xc3, 0xff, 0x81, 0x08, 0x00, 0x00, 0x00, 0x00, 0x09, 0x82, 0xff, 0xc3,
    0x09, 0x02, 0x01, 0x00, 0x00, 0x03, 0x00, 0x81, 0xff, 0x7e, 0x00, 0x00, 0x02, 0x2b, 0x2b, 0x01,
    0x00, 0x00, 0x7e, 0xff, 0x80, 0x00, 0x03, 0x00, 0x01, 0x00, 0x10, 0xf5, 0xcf, 0x00, 0x00, 0x25,
    0xc5, 0xff, 0xff, 0xc4, 0x25, 0x00, 0x00, 0xd0, 0xf5, 0x0f, 0x00, 0x01, 0x03, 0x00, 0x4c, 0xff,
    0x67, 0x00, 0x0c, 0xd3, 0xff, 0x9b, 0x9b, 0xff, 0xd2, 0x0b, 0x00, 0x68, 0xff, 0x4b, 0x00, 0x03,
    0x04, 0x00, 0x75, 0xfe, 0x3b, 0x00, 0x45, 0xff, 0x84, 0x00, 0x00, 0x85, 0xff, 0x44, 0x00, 0x3c,
    0xfe, 0x73, 0x00, 0x04, 0x05, 0x00, 0x78, 0xff, 0x35, 0x00, 0x4f, 0xff, 0x5e, 0x00, 0x00, 0x5f,
    0xff, 0x4e, 0x00, 0x36, 0xff, 0x78, 0x00, 0x05, 0x04, 0x00, 0x5e, 0xfe, 0x52, 0x02, 0x1d, 0xf8,
    0xe1, 0x42, 0x43, 0xe2, 0xf8, 0x1d, 0x02, 0x53, 0xfe, 0x5d, 0x00, 0x04, 0x02, 0x00, 0x25, 0xff,
    0xa6, 0x00, 0x00, 0x5a, 0xfc, 0xff, 0xff, 0xfc, 0x59, 0x00, 0x00, 0xa7, 0xff, 0x24, 0x00, 0x02,
    0x00, 0x02, 0x00, 0xb6, 0xff, 0x39, 0x00, 0x00, 0x26, 0x71, 0x70, 0x26, 0x00, 0x00, 0x3a, 0xff,
    0xb4, 0x00, 0x02, 0x00, 0x00, 0x02, 0x01, 0x27, 0xf2, 0xe7, 0x29, 0x00, 0x00, 0x00, 0x00, 0x00,
    0x00, 0x2a, 0xe8, 0xf1, 0x25, 0x01, 0x02, 0x00, 0x00, 0x00, 0x03, 0x00, 0x4d, 0xff, 0xe5, 0x2c,
    0x00, 0x08, 0x08, 0x00, 0x2c, 0xe5, 0xff, 0x4c, 0x00, 0x03, 0x00, 0x00, 0x00, 0x00, 0x00, 0x04,
    0x00, 0x53, 0xff, 0xe7, 0x2e, 0x00, 0x00, 0x2e, 0xe7, 0xff, 0x53, 0x00, 0x04, 0x00, 0x00, 0x00,
    0x00, 0x00, 0x00, 0x00, 0x04, 0x00, 0x51, 0xff, 0xe9, 0x2a, 0x2b, 0xe9, 0xff, 0x51, 0x00, 0x04,
    0x00, 0x00, 0x00, 0x00, 0x00, 0x00, 0x00, 0x00, 0x00, 0x04, 0x00, 0x50, 0xff, 0xff, 0xff, 0xff,
    0x50, 0x00, 0x04, 0x00, 0x00, 0x00, 0x00, 0x00, 0x00, 0x00, 0x00, 0x00, 0x00, 0x00, 0x04, 0x00,
    0x35, 0xa2, 0xa2, 0x35, 0x00, 0x04, 0x00, 0x00, 0x00, 0x00, 0x00, 0x00, 0x00, 0x00, 0x00, 0x00,
    0x00, 0x00, 0x00, 0x02, 0x00, 0x00, 0x00, 0x00, 0x02, 0x00, 0x00, 0x00, 0x00, 0x00, 0x00, 0x00,
};

/* microphone 20px */
static const uint8_t icon_microphone_20_map[] = {
    0x00, 0x00, 0x00, 0x00, 0x00, 0x00, 0x01, 0x00, 0x00, 0x2a, 0x2a, 0x00, 0x00, 0x01, 0x00, 0x00,
    0x00, 0x00, 0x00, 0x00, 0x00, 0x00, 0x00, 0x00, 0x00, 0x02, 0x00, 0x23, 0xc1, 0xff, 0xff, 0xc1,
    0x23, 0x00, 0x02, 0x00, 0x00, 0x00, 0x00, 0x00, 0x00, 0x00, 0x00, 0x00, 0x01, 0x01, 0x0a, 0xd4,
    0xff, 0x9c, 0x9c, 0xff, 0xd3, 0x0a, 0x01, 0x01, 0x00, 0x00, 0x00, 0x00, 0x00, 0x00, 0x00, 0x00,
    0x03, 0x00, 0x41, 0xff, 0x86, 0x00, 0x00, 0x87, 0xff, 0x40, 0x00, 0x03, 0x00, 0x00, 0x00, 0x00,
    0x00, 0x00, 0x00, 0x00, 0x03, 0x00, 0x54, 0xfe, 0x4f, 0x03, 0x03, 0x4f, 0xfe, 0x54, 0x00, 0x03,
    0x00, 0x00, 0x00, 0x00, 0x00, 0x00, 0x00, 0x02, 0x07, 0x00, 0x53, 0xff, 0x54, 0x00, 0x00, 0x54,
    0xff, 0x53, 0x00, 0x07, 0x02, 0x00, 0x00, 0x00, 0x00, 0x00, 0x00, 0x00, 0x00, 0x00, 0x53, 0xff,
    0x54, 0x00, 0x00, 0x54, 0xff, 0x53, 0x00, 0x00, 0x00, 0x00, 0x00, 0x00, 0x00, 0x02, 0x00, 0x3f,
    0x69, 0x00, 0x54, 0xff, 0x52, 0x02, 0x02, 0x52, 0xfe, 0x53, 0x00, 0x69, 0x3f, 0x00, 0x02, 0x00,
    0x00, 0x03, 0x00, 0xaf, 0xff, 0x01, 0x4b, 0xff, 0x59, 0x00, 0x00, 0x59, 0xff, 0x4a, 0x02, 0xff,
    0xaf, 0x00, 0x03, 0x00, 0x00, 0x04, 0x00, 0x8d, 0xfb, 0x20, 0x1b, 0xff, 0xca, 0x24, 0x25, 0xcb,
    0xff, 0x1a, 0x21, 0xfa, 0x8b, 0x00, 0x04, 0x00, 0x00, 0x03, 0x00, 0x49, 0xff, 0x85, 0x00, 0x82,
    0xff, 0xff, 0xff, 0xff, 0x81, 0x00, 0x86, 0xff, 0x47, 0x00, 0x03, 0x00, 0x00, 0x00, 0x02, 0x04,
    0xd0, 0xfa, 0x37, 0x00, 0x4f, 0xa5, 0xa4, 0x4e, 0x00, 0x38, 0xfb, 0xcf, 0x03, 0x02, 0x00, 0x00,
    0x00, 0x00, 0x03, 0x00, 0x33, 0xf8, 0xf1, 0x58, 0x00, 0x00, 0x00, 0x00, 0x58, 0xf2, 0xf7, 0x32,
    0x00, 0x03, 0x00, 0x00, 0x00, 0x00, 0x00, 0x02, 0x00, 0x45, 0xeb, 0xff, 0xe5, 0xbe, 0xbe, 0xe6,
    0xff, 0xeb, 0x45, 0x00, 0x02, 0x00, 0x00, 0x00, 0x00, 0x00, 0x00, 0x00, 0x03, 0x00, 0x1c, 0x85,
    0xd6, 0xff, 0xff, 0xd6, 0x84, 0x1c, 0x00, 0x03, 0x00, 0x00, 0x00, 0x00, 0x00, 0x00, 0x00, 0x00,
    0x00, 0x02, 0x00, 0x00, 0x00, 0xd5, 0xd4, 0x00, 0x00, 0x00, 0x02, 0x00, 0x00, 0x00, 0x00, 0x00,
    0x00, 0x00, 0x00, 0x00, 0x00, 0x03, 0x42, 0x53, 0x4d, 0xe1, 0xe1, 0x4d, 0x53, 0x42, 0x04, 0x00,
    0x00, 0x00, 0x00, 0x00, 0x00, 0x00, 0x00, 0x02, 0x00, 0x25, 0xff, 0xff, 0xff, 0xff, 0xff, 0xff,
    0xff, 0xff, 0x25, 0x00, 0x02, 0x00, 0x00, 0x00, 0x00, 0x00, 0x00, 0x00, 0x00, 0x04, 0x40, 0x4e,
    0x4c, 0x52, 0x52, 0x4c, 0x4e, 0x40, 0x04, 0x00, 0x00, 0x00, 0x00, 0x00, 0x00, 0x00, 0x00, 0x00,
    0x00, 0x00, 0x00, 0x00, 0x00, 0x00, 0x00, 0x00, 0x00, 0x00, 0x00, 0x00, 0x00, 0x00, 0x00, 0x00,
};

/* microphone 26px */
static const uint8_t icon_microphone_26_map[] = {
    0x00, 0x00, 0x00, 0x00, 0x00, 0x00, 0x00, 0x00, 0x00, 0x02, 0x00, 0x00, 0x06, 0x06, 0x00, 0x00,
    0x02, 0x00, 0x00, 0x00, 0x00, 0x00, 0x00, 0x00, 0x00, 0x00, 0x00, 0x00, 0x00, 0x00, 0x00, 0x00,
    0x00, 0x00, 0x02, 0x00, 0x2f, 0xa3, 0xd3, 0xd3, 0xa3, 0x2e, 0x00, 0x02, 0x00, 0x00, 0x00, 0x00,
    0x00, 0x00, 0x00, 0x00, 0x00, 0x00, 0x00, 0x00, 0x00, 0x00, 0x00, 0x02, 0x00, 0x37, 0xf2, 0xff,
    0xff, 0xff, 0xff, 0xf1, 0x36, 0x00, 0x02, 0x00, 0x00, 0x00, 0x00, 0x00, 0x00, 0x00, 0x00, 0x00,
    0x00, 0x00, 0x00, 0x00, 0x01, 0x01, 0x08, 0xd5, 0xff, 0xce, 0x5b, 0x5b, 0xcf, 0xff, 0xd3, 0x07,
    0x01, 0x01, 0x00, 0x00, 0x00, 0x00, 0x00, 0x00, 0x00, 0x00, 0x00, 0x00, 0x00, 0x00, 0x03, 0x00,
    0x39, 0xff, 0xf2, 0x21, 0x00, 0x00, 0x22, 0xf2, 0xff, 0x39, 0x00, 0x03, 0x00, 0x00, 0x00, 0x00,
    0x00, 0x00, 0x00, 0x00, 0x00, 0x00, 0x00, 0x00, 0x03, 0x00, 0x53, 0xfe, 0xce, 0x00, 0x04, 0x04,
    0x00, 0xce, 0xfe, 0x52, 0x00, 0x03, 0x00, 0x00, 0x00, 0x00, 0x00, 0x00, 0x00, 0x00, 0x00, 0x00,
    0x00, 0x00, 0x03, 0x00, 0x54, 0xff, 0xca, 0x01, 0x01, 0x01, 0x01, 0xca, 0xff, 0x54, 0x00, 0x03,
    0x00, 0x00, 0x00, 0x00, 0x00, 0x00, 0x00, 0x00, 0x00, 0x00, 0x01, 0x03, 0x03, 0x00, 0x54, 0xff,
    0xcb, 0x00, 0x01, 0x01, 0x00, 0xcb, 0xff, 0x54, 0x00, 0x03, 0x03, 0x01, 0x00, 0x00, 0x00, 0x00,
    0x00, 0x00, 0x00, 0x00, 0x00, 0x00, 0x03, 0x00, 0x54, 0xff, 0xcb, 0x00, 0x01, 0x01, 0x00, 0xcb,
    0xff, 0x54, 0x00, 0x03, 0x00, 0x00, 0x00, 0x00, 0x00, 0x00, 0x00, 0x00, 0x01, 0x00, 0x0a, 0x36,
    0x05, 0x00, 0x54, 0xff, 0xcb, 0x01, 0x01, 0x01, 0x00, 0xcb, 0xff, 0x54, 0x00, 0x05, 0x37, 0x0a,
    0x00, 0x01, 0x00, 0x00, 0x00, 0x00, 0x03, 0x00, 0x88, 0xff, 0x60, 0x00, 0x58, 0xfe, 0xca, 0x00,
    0x02, 0x02, 0x00, 0xca, 0xfe, 0x57, 0x00, 0x61, 0xff, 0x87, 0x00, 0x03, 0x00, 0x00, 0x00, 0x00,
    0x03, 0x00, 0x9c, 0xfe, 0x91, 0x01, 0x49, 0xff, 0xe6, 0x08, 0x00, 0x00, 0x08, 0xe6, 0xff, 0x49,
    0x01, 0x91, 0xfe, 0x9b, 0x00, 0x03, 0x00, 0x00, 0x00, 0x00, 0x04, 0x00, 0x79, 0xfe, 0xb6, 0x00,
    0x15, 0xec, 0xff, 0xa0, 0x1f, 0x20, 0xa0, 0xff, 0xec, 0x15, 0x00, 0xb8, 0xfe, 0x78, 0x00, 0x04,
    0x00, 0x00, 0x00, 0x00, 0x03, 0x00, 0x3c, 0xff, 0xf3, 0x23, 0x00, 0x62, 0xff, 0xff, 0xf8, 0xf8,
    0xff, 0xff, 0x61, 0x00, 0x23, 0xf4, 0xff, 0x3a, 0x00, 0x03, 0x00, 0x00, 0x00, 0x00, 0x01, 0x01,
    0x07, 0xd1, 0xff, 0xa5, 0x00, 0x00, 0x5b, 0xcf, 0xfc, 0xfc, 0xce, 0x5b, 0x00, 0x00, 0xa6, 0xff,
    0xd0, 0x06, 0x02, 0x01, 0x00, 0x00, 0x00, 0x00, 0x00, 0x03, 0x00, 0x47, 0xff, 0xff, 0x81, 0x00,
    0x00, 0x01, 0x2a, 0x2a, 0x01, 0x00, 0x00, 0x82, 0xff, 0xff, 0x46, 0x00, 0x03, 0x00, 0x00, 0x00,
    0x00, 0x00, 0x00, 0x00, 0x03, 0x00, 0x7a, 0xff, 0xff, 0xac, 0x39, 0x00, 0x00, 0x00, 0x00, 0x3a,
    0xac, 0xff, 0xff, 0x79, 0x00, 0x03, 0x00, 0x00, 0x00, 0x00, 0x00, 0x00, 0x00, 0x00, 0x00, 0x03,
    0x00, 0x77, 0xfb, 0xff, 0xff, 0xcd, 0xbb, 0xbb, 0xcd, 0xff, 0xff, 0xfb, 0x76, 0x00, 0x03, 0x00,
    0x00, 0x00, 0x00, 0x00, 0x00, 0x00, 0x00, 0x00, 0x00, 0x00, 0x02, 0x00, 0x39, 0xb0, 0xf4, 0xff,
    0xff, 0xff, 0xff, 0xf4, 0xb0, 0x39, 0x00, 0x02, 0x00, 0x00, 0x00, 0x00, 0x00, 0x00, 0x00, 0x00,
    0x00, 0x00, 0x00, 0x00, 0x00, 0x03, 0x00, 0x00, 0x23, 0x69, 0xf9, 0xf9, 0x69, 0x22, 0x00, 0x00,
    0x03, 0x00, 0x00, 0x00, 0x00, 0x00, 0x00, 0x00, 0x00, 0x00, 0x00, 0x00, 0x00, 0x00, 0x00, 0x00,
    0x00, 0x00, 0x00, 0x05, 0xf9, 0xf9, 0x05, 0x00, 0x00, 0x00, 0x00, 0x00, 0x00, 0x00, 0x00, 0x00,
    0x00, 0x00, 0x00, 0x00, 0x00, 0x00, 0x00, 0x00, 0x00, 0x01, 0x41, 0x51, 0x4e, 0x67, 0xf9, 0xf9,
    0x67, 0x4e, 0x51, 0x40, 0x01, 0x00, 0x00, 0x00, 0x00, 0x00, 0x00, 0x00, 0x00, 0x00, 0x00, 0x00,
    0x00, 0x03, 0x00, 0x57, 0xff, 0xff, 0xff, 0xff, 0xff, 0xff, 0xff, 0xff, 0xff, 0xff, 0x56, 0x00,
    0x03, 0x00, 0x00, 0x00, 0x00, 0x00, 0x00, 0x00, 0x00, 0x00, 0x00, 0x02, 0x00, 0x2c, 0xbb, 0xc7,
    0xc7, 0xc8, 0xcd, 0xcd, 0xc8, 0xc7, 0xc7, 0xbb, 0x2b, 0x00, 0x02, 0x00, 0x00, 0x00, 0x00, 0x00,
    0x00, 0x00, 0x00, 0x00, 0x00, 0x00, 0x00, 0x00, 0x00, 0x00, 0x00, 0x00, 0x00, 0x00, 0x00, 0x00,
    0x00, 0x00, 0x00, 0x00, 0x00, 0x00, 0x00, 0x00, 0x00, 0x00, 0x00, 0x00, 0x00, 0x00, 0x00, 0x00,
    0x00, 0x01, 0x02, 0x01, 0x01, 0x01, 0x00, 0x00, 0x01, 0x01, 0x01, 0x02, 0x01, 0x00, 0x00, 0x00,
    0x00, 0x00, 0x00, 0x00,
};

/* palette 16px */
static const uint8_t icon_palette_16_map[] = {
    0x00, 0x00, 0x00, 0x02, 0x00, 0x00, 0x00, 0x00, 0x00, 0x00, 0x00, 0x00, 0x02, 0x00, 0x00, 0x00,
    0x00, 0x00, 0x02, 0x00, 0x01, 0x50, 0x9f, 0xc9, 0xcc, 0xa4, 0x5c, 0x0b, 0x00, 0x03, 0x00, 0x00,
    0x00, 0x02, 0x00, 0x25, 0xc8, 0xff, 0xff, 0xda, 0xcb, 0xf9, 0xff, 0xe3, 0x42, 0x00, 0x02, 0x00,
    0x02, 0x00, 0x24, 0xe7, 0xff, 0x7b, 0x19, 0x2a, 0x5b, 0x1a, 0x5f, 0xeb, 0xfe, 0x44, 0x00, 0x03,
    0x02, 0x03, 0xcb, 0xfc, 0x38, 0x00, 0x08, 0xe9, 0xff, 0xa0, 0x00, 0x0c, 0xdb, 0xed, 0x13, 0x01,
    0x00, 0x4d, 0xff, 0x6c, 0x00, 0x63, 0x3b, 0xdf, 0xff, 0x9b, 0x4a, 0x46, 0x37, 0xff, 0x70, 0x00,
    0x00, 0xa1, 0xf9, 0x01, 0xa1, 0xff, 0xde, 0x3d, 0x5a, 0x5e, 0xff, 0xff, 0x50, 0xd7, 0xb8, 0x00,
    0x00, 0xc6, 0xdd, 0x01, 0xa3, 0xff, 0xe7, 0x10, 0x00, 0x51, 0xff, 0xff, 0x41, 0xce, 0xcb, 0x00,
    0x00, 0xc4, 0xdc, 0x00, 0x0b, 0x5f, 0x29, 0x00, 0x00, 0x00, 0x48, 0x4b, 0x58, 0xff, 0x87, 0x00,
    0x00, 0x9a, 0xf9, 0x0d, 0x00, 0x00, 0x00, 0x1a, 0xa2, 0xd3, 0xc5, 0xd7, 0xff, 0xd0, 0x12, 0x01,
    0x00, 0x45, 0xff, 0x6d, 0x00, 0x0e, 0x03, 0x9e, 0xff, 0xd5, 0xd7, 0xcb, 0x7f, 0x0f, 0x00, 0x01,
    0x02, 0x01, 0xc7, 0xfa, 0x37, 0x00, 0x00, 0xd7, 0xe2, 0x01, 0x00, 0x00, 0x00, 0x00, 0x01, 0x00,
    0x02, 0x01, 0x22, 0xe8, 0xff, 0x77, 0x13, 0x6d, 0xfb, 0x8e, 0x01, 0x05, 0x04, 0x01, 0x00, 0x00,
    0x00, 0x02, 0x00, 0x25, 0xca, 0xff, 0xfe, 0xd3, 0xff, 0xb3, 0x00, 0x04, 0x00, 0x00, 0x00, 0x00,
    0x00, 0x00, 0x02, 0x00, 0x01, 0x4c, 0x9f, 0xc9, 0xb5, 0x26, 0x00, 0x02, 0x00, 0x00, 0x00, 0x00,
    0x00, 0x00, 0x00, 0x02, 0x00, 0x00, 0x00, 0x00, 0x00, 0x00, 0x00, 0x00, 0x00, 0x00, 0x00, 0x00,
};

/* palette 20px */
static const uint8_t icon_palette_20_map[] = {
    0x00, 0x00, 0x00, 0x00, 0x00, 0x01, 0x04, 0x00, 0x00, 0x00, 0x00, 0x00, 0x00, 0x04, 0x02, 0x00,
    0x00, 0x00, 0x00, 0x00, 0x00, 0x00, 0x00, 0x00, 0x02, 0x00, 0x00, 0x05, 0x30, 0x44, 0x44, 0x30,
    0x08, 0x00, 0x00, 0x03, 0x00, 0x00, 0x00, 0x00, 0x00, 0x00, 0x00, 0x03, 0x00, 0x13, 0x84, 0xe8,
    0xff, 0xff, 0xff, 0xff, 0xee, 0x95, 0x29, 0x00, 0x02, 0x00, 0x00, 0x00, 0x00, 0x00, 0x03, 0x00,
    0x3c, 0xe3, 0xff, 0xd0, 0x81, 0x51, 0x48, 0x78, 0xc3, 0xff, 0xff, 0x72, 0x00, 0x03, 0x00, 0x00,
    0x00, 0x02, 0x00, 0x3b, 0xf9, 0xf1, 0x51, 0x00, 0x00, 0x19, 0x53, 0x06, 0x00, 0x3a, 0xd3, 0xff,
    0x7c, 0x00, 0x02, 0x00, 0x02, 0x01, 0x17, 0xe7, 0xf2, 0x33, 0x00, 0x02, 0x21, 0xeb, 0xff, 0xce,
    0x0b, 0x00, 0x0f, 0xc3, 0xff, 0x44, 0x00, 0x03, 0x04, 0x00, 0x8b, 0xff, 0x5c, 0x00, 0x05, 0x00,
    0x2f, 0xff, 0xff, 0xff, 0x0b, 0x05, 0x00, 0x1b, 0xf5, 0xcd, 0x00, 0x01, 0x00, 0x07, 0xed, 0xd6,
    0x00, 0x21, 0xc2, 0xce, 0x31, 0x89, 0xda, 0x67, 0x48, 0xd6, 0xae, 0x02, 0x9c, 0xff, 0x23, 0x00,
    0x00, 0x2c, 0xff, 0x87, 0x00, 0x8f, 0xff, 0xff, 0xb3, 0x00, 0x07, 0x00, 0xde, 0xff, 0xff, 0x4b,
    0x51, 0xfe, 0x46, 0x00, 0x00, 0x46, 0xfe, 0x5f, 0x00, 0x62, 0xff, 0xff, 0x86, 0x03, 0x05, 0x07,
    0xb0, 0xff, 0xff, 0x2a, 0x50, 0xff, 0x49, 0x00, 0x00, 0x47, 0xfe, 0x5d, 0x00, 0x00, 0x4c, 0x5a,
    0x02, 0x02, 0x00, 0x00, 0x00, 0x52, 0x2b, 0x05, 0xc4, 0xfe, 0x1d, 0x00, 0x00, 0x2f, 0xff, 0x83,
    0x00, 0x05, 0x00, 0x00, 0x00, 0x00, 0x16, 0x47, 0x4c, 0x3f, 0x6d, 0xdc, 0xff, 0x81, 0x00, 0x03,
    0x00, 0x09, 0xf0, 0xd4, 0x00, 0x03, 0x04, 0x06, 0x01, 0x35, 0xe9, 0xff, 0xff, 0xff, 0xff, 0xef,
    0x72, 0x00, 0x02, 0x01, 0x04, 0x00, 0x8d, 0xff, 0x56, 0x00, 0x06, 0x03, 0x00, 0xc0, 0xf8, 0x5b,
    0x4c, 0x4e, 0x3e, 0x0f, 0x00, 0x01, 0x00, 0x00, 0x02, 0x01, 0x15, 0xe5, 0xf0, 0x35, 0x00, 0x02,
    0x04, 0xd7, 0xe9, 0x01, 0x00, 0x00, 0x00, 0x00, 0x03, 0x00, 0x00, 0x00, 0x00, 0x02, 0x00, 0x3b,
    0xfa, 0xf7, 0x5f, 0x02, 0x00, 0x53, 0xfc, 0xbb, 0x07, 0x05, 0x03, 0x01, 0x00, 0x00, 0x00, 0x00,
    0x00, 0x00, 0x03, 0x00, 0x3f, 0xe6, 0xff, 0xd6, 0x8c, 0x5a, 0xd5, 0xff, 0x0e, 0x00, 0x01, 0x00,
    0x00, 0x00, 0x00, 0x00, 0x00, 0x00, 0x00, 0x03, 0x00, 0x16, 0x86, 0xea, 0xff, 0xff, 0xff, 0x9b,
    0x00, 0x02, 0x00, 0x00, 0x00, 0x00, 0x00, 0x00, 0x00, 0x00, 0x00, 0x00, 0x02, 0x00, 0x00, 0x08,
    0x30, 0x44, 0x43, 0x04, 0x00, 0x01, 0x00, 0x00, 0x00, 0x00, 0x00, 0x00, 0x00, 0x00, 0x00, 0x00,
    0x00, 0x01, 0x04, 0x00, 0x00, 0x00, 0x00, 0x00, 0x00, 0x00, 0x00, 0x00, 0x00, 0x00, 0x00, 0x00,
};

/* pencil 16px */
static const uint8_t icon_pencil_16_map[] = {
    0x00, 0x00, 0x00, 0x00, 0x00, 0x00, 0x00, 0x00, 0x00, 0x03, 0x04, 0x04, 0x03, 0x00, 0x00, 0x00,
    0x00, 0x00, 0x00, 0x00, 0x00, 0x00, 0x00, 0x00, 0x02, 0x00, 0x00, 0x00, 0x00, 0x01, 0x00, 0x00,
    0x00, 0x00, 0x00, 0x00, 0x00, 0x00, 0x00, 0x04, 0x00, 0x3b, 0xa5, 0xa2, 0x39, 0x00, 0x01, 0x00,
    0x00, 0x00, 0x00, 0x00, 0x00, 0x00, 0x04, 0x00, 0x54, 0xf8, 0xf2, 0xff, 0xf9, 0x31, 0x00, 0x03,
    0x00, 0x00, 0x00, 0x00, 0x00, 0x04, 0x00, 0x4e, 0xff, 0xff, 0x65, 0x0f, 0xfb, 0xa0, 0x00, 0x04,
    0x00, 0x00, 0x00, 0x00, 0x04, 0x00, 0x4c, 0xff, 0xd2, 0xd0, 0xff, 0x69, 0xf6, 0xa3, 0x00, 0x04,
    0x00, 0x00, 0x00, 0x04, 0x00, 0x4b, 0xff, 0xd8, 0x16, 0x0e, 0xcf, 0xff, 0xf9, 0x35, 0x00, 0x03,
    0x00, 0x00, 0x04, 0x00, 0x4c, 0xff, 0xd7, 0x1d, 0x00, 0x19, 0xcf, 0xf8, 0x52, 0x00, 0x02, 0x00,
    0x00, 0x03, 0x00, 0x4c, 0xff, 0xd6, 0x1c, 0x00, 0x1d, 0xd9, 0xff, 0x4d, 0x00, 0x04, 0x00, 0x00,
    0x02, 0x00, 0x4d, 0xff, 0xd7, 0x1c, 0x00, 0x1e, 0xd8, 0xff, 0x4c, 0x00, 0x04, 0x00, 0x00, 0x00,
    0x00, 0x18, 0xf8, 0xd9, 0x1f, 0x00, 0x1e, 0xd8, 0xff, 0x4c, 0x00, 0x04, 0x00, 0x00, 0x00, 0x00,
    0x00, 0x24, 0xff, 0x67, 0x00, 0x20, 0xd8, 0xff, 0x4c, 0x00, 0x04, 0x00, 0x00, 0x00, 0x00, 0x00,
    0x00, 0x26, 0xff, 0xb4, 0x71, 0xde, 0xff, 0x4c, 0x00, 0x04, 0x00, 0x00, 0x00, 0x00, 0x00, 0x00,
    0x00, 0x1b, 0xee, 0xff, 0xff, 0xf6, 0x4e, 0x00, 0x04, 0x00, 0x00, 0x00, 0x00, 0x00, 0x00, 0x00,
    0x00, 0x00, 0x1b, 0x27, 0x26, 0x18, 0x00, 0x03, 0x00, 0x00, 0x00, 0x00, 0x00, 0x00, 0x00, 0x00,
    0x00, 0x00, 0x00, 0x00, 0x00, 0x00, 0x02, 0x00, 0x00, 0x00, 0x00, 0x00, 0x00, 0x00, 0x00, 0x00,
};

/* pencil 20px */
static const uint8_t icon_pencil_20_map[] = {
    0x00, 0x00, 0x00, 0x00, 0x00, 0x00, 0x00, 0x00, 0x00, 0x00, 0x00, 0x00, 0x00, 0x01, 0x00, 0x00,
    0x00, 0x00, 0x00, 0x00, 0x00, 0x00, 0x00, 0x00, 0x00, 0x00, 0x00, 0x00, 0x00, 0x00, 0x00, 0x02,
    0x03, 0x00, 0x00, 0x03, 0x00, 0x00, 0x00, 0x00, 0x00, 0x00, 0x00, 0x00, 0x00, 0x00, 0x00, 0x00,
    0x00, 0x00, 0x02, 0x00, 0x00, 0x05, 0x00, 0x00, 0x01, 0x00, 0x00, 0x00, 0x00, 0x00, 0x00, 0x00,
    0x00, 0x00, 0x00, 0x00, 0x00, 0x03, 0x00, 0x1f, 0xa7, 0xe6, 0xd1, 0x65, 0x00, 0x01, 0x00, 0x00,
    0x00, 0x00, 0x00, 0x00, 0x00, 0x00, 0x00, 0x00, 0x03, 0x00, 0x26, 0xdc, 0xff, 0xd2, 0xf0, 0xff,
    0x5f, 0x00, 0x03, 0x00, 0x00, 0x00, 0x00, 0x00, 0x00, 0x00, 0x00, 0x03, 0x00, 0x22, 0xe0, 0xff,
    0xb1, 0x00, 0x1b, 0xe8, 0xd6, 0x01, 0x01, 0x01, 0x00, 0x00, 0x00, 0x00, 0x00, 0x00, 0x03, 0x00,
    0x21, 0xdf, 0xfe, 0xd3, 0xff, 0x81, 0x00, 0xce, 0xed, 0x04, 0x00, 0x01, 0x00, 0x00, 0x00, 0x00,
    0x00, 0x03, 0x00, 0x21, 0xdc, 0xff, 0x5b, 0x0b, 0xc6, 0xff, 0xac, 0xff, 0xab, 0x00, 0x02, 0x00,
    0x00, 0x00, 0x00, 0x00, 0x03, 0x00, 0x21, 0xdc, 0xff, 0x5f, 0x00, 0x01, 0x04, 0xd2, 0xff, 0xdd,
    0x1c, 0x01, 0x02, 0x00, 0x00, 0x00, 0x00, 0x03, 0x00, 0x21, 0xdc, 0xff, 0x5f, 0x00, 0x08, 0x00,
    0x5d, 0xf6, 0xdb, 0x26, 0x00, 0x02, 0x00, 0x00, 0x00, 0x00, 0x03, 0x00, 0x21, 0xdc, 0xff, 0x5f,
    0x00, 0x09, 0x00, 0x5f, 0xff, 0xe0, 0x22, 0x00, 0x03, 0x00, 0x00, 0x00, 0x00, 0x02, 0x00, 0x22,
    0xdd, 0xff, 0x5f, 0x00, 0x09, 0x00, 0x5f, 0xff, 0xdc, 0x21, 0x00, 0x04, 0x00, 0x00, 0x00, 0x00,
    0x02, 0x01, 0x23, 0xdc, 0xff, 0x5f, 0x00, 0x09, 0x00, 0x5f, 0xff, 0xdc, 0x21, 0x00, 0x03, 0x00,
    0x00, 0x00, 0x00, 0x00, 0x05, 0x00, 0x7f, 0xff, 0x67, 0x00, 0x09, 0x00, 0x5f, 0xff, 0xdc, 0x21,
    0x00, 0x03, 0x00, 0x00, 0x00, 0x00, 0x00, 0x00, 0x05, 0x00, 0x80, 0xfd, 0x1b, 0x00, 0x00, 0x5f,
    0xff, 0xdc, 0x21, 0x00, 0x03, 0x00, 0x00, 0x00, 0x00, 0x00, 0x00, 0x00, 0x05, 0x00, 0x7f, 0xfb,
    0x58, 0x30, 0x6a, 0xff, 0xdd, 0x21, 0x00, 0x03, 0x00, 0x00, 0x00, 0x00, 0x00, 0x00, 0x00, 0x00,
    0x05, 0x00, 0x84, 0xff, 0xff, 0xff, 0xff, 0xde, 0x22, 0x00, 0x03, 0x00, 0x00, 0x00, 0x00, 0x00,
    0x00, 0x00, 0x00, 0x00, 0x02, 0x00, 0x2a, 0x80, 0x7e, 0x7e, 0x7b, 0x1f, 0x00, 0x03, 0x00, 0x00,
    0x00, 0x00, 0x00, 0x00, 0x00, 0x00, 0x00, 0x00, 0x00, 0x00, 0x00, 0x00, 0x00, 0x00, 0x00, 0x00,
    0x02, 0x00, 0x00, 0x00, 0x00, 0x00, 0x00, 0x00, 0x00, 0x00, 0x00, 0x00, 0x00, 0x00, 0x02, 0x05,
    0x05, 0x05, 0x05, 0x02, 0x00, 0x00, 0x00, 0x00, 0x00, 0x00, 0x00, 0x00, 0x00, 0x00, 0x00, 0x00,
};

/* photo 16px */
static const uint8_t icon_photo_16_map[] = {
    0x00, 0x01, 0x00, 0x00, 0x00, 0x00, 0x00, 0x00, 0x00, 0x00, 0x00, 0x00, 0x00, 0x00, 0x01, 0x00,
    0x02, 0x00, 0x59, 0xbf, 0xd1, 0xd1, 0xd2, 0xd2, 0xd2, 0xd2, 0xd1, 0xd1, 0xbe, 0x58, 0x00, 0x02,
    0x00, 0x4d, 0xff, 0xef, 0xd4, 0xd7, 0xd6, 0xd6, 0xd6, 0xd9, 0xda, 0xd3, 0xf0, 0xff, 0x4c, 0x00,
    0x00, 0xbe, 0xe9, 0x0e, 0x00, 0x00, 0x00, 0x00, 0x00, 0x00, 0x00, 0x00, 0x0e, 0xea, 0xbd, 0x00,
    0x00, 0xce, 0xcf, 0x00, 0x04, 0x03, 0x02, 0x05, 0x01, 0x4a, 0x4a, 0x02, 0x00, 0xcf, 0xce, 0x00,
    0x00, 0xcc, 0xd2, 0x02, 0x00, 0x00, 0x00, 0x00, 0x01, 0xc7, 0xca, 0x04, 0x02, 0xd2, 0xcc, 0x00,
    0x00, 0xcd, 0xd5, 0x00, 0x1a, 0xa1, 0xd4, 0x73, 0x00, 0x0a, 0x00, 0x00, 0x00, 0xd4, 0xcd, 0x00,
    0x00, 0xd0, 0xc9, 0x15, 0xd9, 0xff, 0xd0, 0xff, 0x94, 0x14, 0x74, 0x73, 0x08, 0xcb, 0xcf, 0x00,
    0x00, 0xca, 0xde, 0xcc, 0xff, 0x4c, 0x00, 0x94, 0xff, 0xe9, 0xff, 0xff, 0xc4, 0xdd, 0xca, 0x00,
    0x00, 0xbe, 0xff, 0xff, 0x51, 0x00, 0x04, 0x00, 0x95, 0xff, 0xa9, 0x50, 0xff, 0xff, 0xbe, 0x00,
    0x00, 0xc5, 0xf8, 0x51, 0x00, 0x05, 0x01, 0x03, 0x00, 0x97, 0xff, 0x4d, 0x46, 0xfa, 0xc4, 0x00,
    0x00, 0xcf, 0xd0, 0x00, 0x05, 0x01, 0x01, 0x02, 0x01, 0x00, 0x66, 0x29, 0x00, 0xd2, 0xcf, 0x00,
    0x00, 0xbd, 0xeb, 0x11, 0x00, 0x00, 0x00, 0x00, 0x00, 0x00, 0x00, 0x00, 0x12, 0xeb, 0xbd, 0x00,
    0x00, 0x50, 0xff, 0xf0, 0xd4, 0xd7, 0xd6, 0xd6, 0xd6, 0xd7, 0xdb, 0xd5, 0xf1, 0xff, 0x4f, 0x00,
    0x02, 0x00, 0x4d, 0xb4, 0xd1, 0xd1, 0xd2, 0xd2, 0xd2, 0xd2, 0xd1, 0xd1, 0xb3, 0x4c, 0x00, 0x02,
    0x00, 0x01, 0x00, 0x00, 0x00, 0x00, 0x00, 0x00, 0x00, 0x00, 0x00, 0x00, 0x00, 0x00, 0x01, 0x00,
};

/* photo 20px */
static const uint8_t icon_photo_20_map[] = {
    0x00, 0x00, 0x02, 0x00, 0x00, 0x00, 0x00, 0x00, 0x00, 0x00, 0x00, 0x00, 0x00, 0x00, 0x00, 0x00,
    0x00, 0x02, 0x00, 0x00, 0x00, 0x01, 0x00, 0x0b, 0x3f, 0x4d, 0x4c, 0x4d, 0x4d, 0x4d, 0x4d, 0x4d,
    0x4d, 0x4c, 0x4d, 0x3f, 0x0b, 0x00, 0x01, 0x00, 0x02, 0x00, 0x40, 0xe0, 0xff, 0xff, 0xff, 0xff,
    0xff, 0xff, 0xff, 0xff, 0xff, 0xff, 0xff, 0xff, 0xdf, 0x40, 0x00, 0x02, 0x01, 0x13, 0xec, 0xf7,
    0x6f, 0x4d, 0x4f, 0x4e, 0x4e, 0x4e, 0x4e, 0x4e, 0x50, 0x4f, 0x4d, 0x6f, 0xf7, 0xeb, 0x12, 0x01,
    0x00, 0x45, 0xff, 0x74, 0x00, 0x00, 0x00, 0x00, 0x00, 0x00, 0x00, 0x00, 0x00, 0x00, 0x00, 0x00,
    0x74, 0xff, 0x44, 0x00, 0x00, 0x53, 0xfe, 0x50, 0x04, 0x06, 0x04, 0x06, 0x06, 0x04, 0x03, 0x08,
    0x29, 0x08, 0x06, 0x04, 0x50, 0xfe, 0x52, 0x00, 0x00, 0x52, 0xff, 0x54, 0x00, 0x04, 0x01, 0x00,
    0x00, 0x05, 0x01, 0x49, 0xff, 0x49, 0x00, 0x00, 0x54, 0xff, 0x52, 0x00, 0x00, 0x52, 0xff, 0x53,
    0x01, 0x00, 0x00, 0x2f, 0x28, 0x00, 0x00, 0x1b, 0x7c, 0x1e, 0x05, 0x01, 0x53, 0xff, 0x52, 0x00,
    0x00, 0x52, 0xff, 0x57, 0x00, 0x12, 0xb1, 0xff, 0xff, 0x94, 0x01, 0x00, 0x00, 0x00, 0x00, 0x00,
    0x55, 0xff, 0x52, 0x00, 0x00, 0x52, 0xff, 0x4b, 0x07, 0xc6, 0xff, 0x95, 0xab, 0xff, 0xa2, 0x00,
    0x34, 0x84, 0x66, 0x00, 0x4d, 0xff, 0x52, 0x00, 0x00, 0x53, 0xff, 0x5f, 0xb3, 0xff, 0x7f, 0x00,
    0x00, 0x9f, 0xff, 0xbd, 0xf3, 0xff, 0xff, 0xab, 0x5f, 0xff, 0x53, 0x00, 0x00, 0x55, 0xff, 0xeb,
    0xff, 0x81, 0x00, 0x05, 0x03, 0x00, 0xa1, 0xff, 0xf5, 0x39, 0x7e, 0xff, 0xe9, 0xff, 0x55, 0x00,
    0x00, 0x56, 0xff, 0xff, 0x82, 0x00, 0x04, 0x01, 0x02, 0x02, 0x01, 0xa4, 0xff, 0x95, 0x00, 0x83,
    0xff, 0xff, 0x56, 0x00, 0x00, 0x5a, 0xff, 0x90, 0x00, 0x04, 0x01, 0x00, 0x00, 0x01, 0x01, 0x01,
    0xab, 0xff, 0x25, 0x00, 0x92, 0xff, 0x5a, 0x00, 0x00, 0x52, 0xfe, 0x47, 0x05, 0x07, 0x03, 0x03,
    0x03, 0x03, 0x05, 0x03, 0x06, 0x2a, 0x05, 0x05, 0x47, 0xfe, 0x52, 0x00, 0x00, 0x41, 0xff, 0x71,
    0x00, 0x00, 0x00, 0x00, 0x00, 0x00, 0x00, 0x00, 0x00, 0x00, 0x00, 0x00, 0x72, 0xff, 0x40, 0x00,
    0x01, 0x0c, 0xe5, 0xf4, 0x6e, 0x4d, 0x4f, 0x4e, 0x4e, 0x4e, 0x4e, 0x4e, 0x4f, 0x51, 0x4d, 0x6f,
    0xf5, 0xe4, 0x0c, 0x01, 0x02, 0x00, 0x42, 0xea, 0xff, 0xff, 0xff, 0xff, 0xff, 0xff, 0xff, 0xff,
    0xff, 0xff, 0xff, 0xff, 0xea, 0x40, 0x00, 0x02, 0x00, 0x01, 0x00, 0x14, 0x48, 0x4d, 0x4d, 0x4d,
    0x4d, 0x4d, 0x4d, 0x4d, 0x4d, 0x4d, 0x4d, 0x48, 0x14, 0x00, 0x01, 0x00, 0x00, 0x00, 0x02, 0x00,
    0x00, 0x00, 0x00, 0x00, 0x00, 0x00, 0x00, 0x00, 0x00, 0x00, 0x00, 0x00, 0x00, 0x02, 0x00, 0x00,
};

/* player-play 18px */
static const uint8_t icon_player_play_18_map[] = {
    0x00, 0x00, 0x00, 0x00, 0x01, 0x03, 0x02, 0x00, 0x00, 0x00, 0x00, 0x00, 0x00, 0x00, 0x00, 0x00,
    0x00, 0x00, 0x00, 0x00, 0x00, 0x00, 0x00, 0x00, 0x00, 0x03, 0x01, 0x00, 0x00, 0x00, 0x00, 0x00,
    0x00, 0x00, 0x00, 0x00, 0x00, 0x00, 0x03, 0x00, 0x4d, 0xac, 0x24, 0x00, 0x00, 0x03, 0x00, 0x00,
    0x00, 0x00, 0x00, 0x00, 0x00, 0x00, 0x00, 0x00, 0x04, 0x00, 0x86, 0xff, 0xff, 0x7a, 0x06, 0x00,
    0x03, 0x01, 0x00, 0x00, 0x00, 0x00, 0x00, 0x00, 0x00, 0x00, 0x04, 0x00, 0x82, 0xf7, 0xa7, 0xff,
    0xd9, 0x43, 0x00, 0x00, 0x04, 0x00, 0x00, 0x00, 0x00, 0x00, 0x00, 0x00, 0x04, 0x00, 0x85, 0xfe,
    0x00, 0x40, 0xd9, 0xff, 0xa1, 0x19, 0x00, 0x01, 0x02, 0x00, 0x00, 0x00, 0x00, 0x00, 0x04, 0x00,
    0x84, 0xff, 0x0f, 0x00, 0x06, 0x79, 0xff, 0xf6, 0x67, 0x00, 0x00, 0x02, 0x00, 0x00, 0x00, 0x00,
    0x04, 0x00, 0x84, 0xff, 0x0c, 0x03, 0x00, 0x00, 0x26, 0xb4, 0xff, 0xc8, 0x36, 0x00, 0x01, 0x00,
    0x00, 0x00, 0x04, 0x00, 0x84, 0xff, 0x0c, 0x00, 0x02, 0x04, 0x00, 0x00, 0x47, 0xe2, 0xfc, 0x7c,
    0x00, 0x03, 0x00, 0x00, 0x04, 0x00, 0x84, 0xff, 0x0c, 0x00, 0x02, 0x04, 0x00, 0x00, 0x48, 0xe2,
    0xfc, 0x7f, 0x00, 0x03, 0x00, 0x00, 0x04, 0x00, 0x84, 0xff, 0x0c, 0x03, 0x00, 0x00, 0x26, 0xb4,
    0xff, 0xc8, 0x36, 0x00, 0x01, 0x00, 0x00, 0x00, 0x04, 0x00, 0x84, 0xff, 0x0f, 0x00, 0x06, 0x79,
    0xff, 0xf6, 0x67, 0x00, 0x00, 0x02, 0x00, 0x00, 0x00, 0x00, 0x04, 0x00, 0x85, 0xfe, 0x00, 0x40,
    0xd9, 0xff, 0xa1, 0x19, 0x00, 0x01, 0x02, 0x00, 0x00, 0x00, 0x00, 0x00, 0x04, 0x00, 0x83, 0xf7,
    0xa7, 0xff, 0xd9, 0x43, 0x00, 0x00, 0x04, 0x00, 0x00, 0x00, 0x00, 0x00, 0x00, 0x00, 0x04, 0x00,
    0x85, 0xff, 0xff, 0x7a, 0x06, 0x00, 0x03, 0x01, 0x00, 0x00, 0x00, 0x00, 0x00, 0x00, 0x00, 0x00,
    0x02, 0x00, 0x4a, 0xa4, 0x25, 0x00, 0x00, 0x03, 0x00, 0x00, 0x00, 0x00, 0x00, 0x00, 0x00, 0x00,
    0x00, 0x00, 0x00, 0x00, 0x00, 0x00, 0x00, 0x03, 0x01, 0x00, 0x00, 0x00, 0x00, 0x00, 0x00, 0x00,
    0x00, 0x00, 0x00, 0x00, 0x00, 0x00, 0x02, 0x03, 0x02, 0x00, 0x00, 0x00, 0x00, 0x00, 0x00, 0x00,
    0x00, 0x00, 0x00, 0x00,
};

/* player-play 22px */
static const uint8_t icon_player_play_22_map[] = {
    0x00, 0x00, 0x00, 0x00, 0x00, 0x01, 0x03, 0x00, 0x00, 0x00, 0x00, 0x00, 0x00, 0x00, 0x00, 0x00,
    0x00, 0x00, 0x00, 0x00, 0x00, 0x00, 0x00, 0x00, 0x00, 0x00, 0x00, 0x00, 0x00, 0x01, 0x02, 0x00,
    0x00, 0x00, 0x00, 0x00, 0x00, 0x00, 0x00, 0x00, 0x00, 0x00, 0x00, 0x00, 0x00, 0x00, 0x00, 0x01,
    0x00, 0x0d, 0x3c, 0x00, 0x00, 0x04, 0x01, 0x00, 0x00, 0x00, 0x00, 0x00, 0x00, 0x00, 0x00, 0x00,
    0x00, 0x00, 0x00, 0x00, 0x00, 0x04, 0x00, 0x74, 0xff, 0xb4, 0x2e, 0x00, 0x00, 0x03, 0x00, 0x00,
    0x00, 0x00, 0x00, 0x00, 0x00, 0x00, 0x00, 0x00, 0x00, 0x00, 0x00, 0x04, 0x00, 0x83, 0xfe, 0xff,
    0xfd, 0x7f, 0x0b, 0x00, 0x03, 0x02, 0x00, 0x00, 0x00, 0x00, 0x00, 0x00, 0x00, 0x00, 0x00, 0x00,
    0x00, 0x04, 0x00, 0x7e, 0xff, 0xa2, 0xe1, 0xff, 0xd4, 0x4a, 0x00, 0x00, 0x04, 0x00, 0x00, 0x00,
    0x00, 0x00, 0x00, 0x00, 0x00, 0x00, 0x00, 0x04, 0x00, 0x7c, 0xff, 0x44, 0x12, 0x9b, 0xff, 0xff,
    0xa1, 0x1e, 0x00, 0x01, 0x02, 0x00, 0x00, 0x00, 0x00, 0x00, 0x00, 0x00, 0x00, 0x04, 0x00, 0x7c,
    0xff, 0x56, 0x00, 0x00, 0x41, 0xcc, 0xff, 0xf0, 0x69, 0x01, 0x00, 0x03, 0x01, 0x00, 0x00, 0x00,
    0x00, 0x00, 0x00, 0x04, 0x00, 0x7c, 0xff, 0x52, 0x01, 0x06, 0x00, 0x06, 0x74, 0xf6, 0xff, 0xc1,
    0x36, 0x00, 0x00, 0x01, 0x00, 0x00, 0x00, 0x00, 0x00, 0x04, 0x00, 0x7c, 0xff, 0x52, 0x00, 0x03,
    0x03, 0x00, 0x00, 0x24, 0xaa, 0xff, 0xff, 0x8e, 0x0f, 0x00, 0x01, 0x00, 0x00, 0x00, 0x00, 0x04,
    0x00, 0x7c, 0xff, 0x51, 0x00, 0x03, 0x00, 0x01, 0x04, 0x00, 0x00, 0x44, 0xd7, 0xff, 0xe3, 0x26,
    0x01, 0x02, 0x00, 0x00, 0x00, 0x04, 0x00, 0x7c, 0xff, 0x51, 0x00, 0x03, 0x00, 0x01, 0x04, 0x00,
    0x00, 0x43, 0xd7, 0xff, 0xe2, 0x26, 0x01, 0x02, 0x00, 0x00, 0x00, 0x04, 0x00, 0x7c, 0xff, 0x52,
    0x00, 0x03, 0x03, 0x00, 0x00, 0x24, 0xa9, 0xff, 0xff, 0x8e, 0x0f, 0x00, 0x01, 0x00, 0x00, 0x00,
    0x00, 0x04, 0x00, 0x7c, 0xff, 0x52, 0x01, 0x06, 0x00, 0x06, 0x73, 0xf6, 0xff, 0xc1, 0x36, 0x00,
    0x00, 0x01, 0x00, 0x00, 0x00, 0x00, 0x00, 0x04, 0x00, 0x7c, 0xff, 0x56, 0x00, 0x00, 0x41, 0xcc,
    0xff, 0xf0, 0x68, 0x01, 0x00, 0x03, 0x01, 0x00, 0x00, 0x00, 0x00, 0x00, 0x00, 0x04, 0x00, 0x7c,
    0xff, 0x44, 0x12, 0x9b, 0xff, 0xff, 0x9f, 0x1d, 0x00, 0x01, 0x02, 0x00, 0x00, 0x00, 0x00, 0x00,
    0x00, 0x00, 0x00, 0x04, 0x00, 0x7e, 0xff, 0xa2, 0xe1, 0xff, 0xd3, 0x49, 0x00, 0x00, 0x04, 0x00,
    0x00, 0x00, 0x00, 0x00, 0x00, 0x00, 0x00, 0x00, 0x00, 0x04, 0x00, 0x83, 0xfe, 0xff, 0xfd, 0x7e,
    0x0a, 0x00, 0x03, 0x02, 0x00, 0x00, 0x00, 0x00, 0x00, 0x00, 0x00, 0x00, 0x00, 0x00, 0x00, 0x04,
    0x00, 0x6f, 0xff, 0xb4, 0x2d, 0x00, 0x00, 0x03, 0x00, 0x00, 0x00, 0x00, 0x00, 0x00, 0x00, 0x00,
    0x00, 0x00, 0x00, 0x00, 0x00, 0x01, 0x00, 0x0b, 0x37, 0x00, 0x00, 0x04, 0x01, 0x00, 0x00, 0x00,
    0x00, 0x00, 0x00, 0x00, 0x00, 0x00, 0x00, 0x00, 0x00, 0x00, 0x00, 0x00, 0x00, 0x00, 0x00, 0x01,
    0x02, 0x00, 0x00, 0x00, 0x00, 0x00, 0x00, 0x00, 0x00, 0x00, 0x00, 0x00, 0x00, 0x00, 0x00, 0x00,
    0x00, 0x00, 0x00, 0x01, 0x03, 0x00, 0x00, 0x00, 0x00, 0x00, 0x00, 0x00, 0x00, 0x00, 0x00, 0x00,
    0x00, 0x00, 0x00, 0x00,
};

/* plug 16px */
static const uint8_t icon_plug_16_map[] = {
    0x00, 0x00, 0x00, 0x00, 0x00, 0x00, 0x00, 0x00, 0x01, 0x00, 0x00, 0x00, 0x00, 0x00, 0x00, 0x00,
    0x00, 0x00, 0x00, 0x00, 0x00, 0x02, 0x02, 0x04, 0x00, 0x10, 0x13, 0x00, 0x01, 0x00, 0x00, 0x00,
    0x00, 0x00, 0x00, 0x00, 0x02, 0x00, 0x00, 0x00, 0x17, 0xda, 0xc0, 0x00, 0x02, 0x00, 0x00, 0x00,
    0x00, 0x00, 0x00, 0x03, 0x00, 0x30, 0xb3, 0x52, 0xcf, 0xff, 0x56, 0x00, 0x05, 0x02, 0x01, 0x00,
    0x00, 0x00, 0x02, 0x00, 0x2c, 0xeb, 0xff, 0xff, 0xf7, 0x4c, 0x00, 0x04, 0x00, 0x00, 0x00, 0x00,
    0x00, 0x01, 0x01, 0x12, 0xe0, 0xf2, 0x60, 0xe5, 0xee, 0x2a, 0x00, 0x00, 0x53, 0xb9, 0x11, 0x00,
    0x00, 0x04, 0x00, 0x7d, 0xff, 0x46, 0x00, 0x2f, 0xe9, 0xf3, 0x2b, 0x4c, 0xff, 0xe0, 0x10, 0x01,
    0x00, 0x02, 0x00, 0xcd, 0xda, 0x00, 0x05, 0x00, 0x2c, 0xea, 0xf6, 0xf8, 0xca, 0x16, 0x00, 0x02,
    0x00, 0x01, 0x00, 0xd4, 0xcf, 0x00, 0x03, 0x04, 0x00, 0x2e, 0xe0, 0xfd, 0x4b, 0x00, 0x04, 0x00,
    0x00, 0x04, 0x00, 0xa1, 0xfa, 0x1a, 0x00, 0x04, 0x05, 0x00, 0x52, 0xff, 0xb8, 0x01, 0x02, 0x00,
    0x00, 0x03, 0x00, 0x2e, 0xfb, 0xc1, 0x1b, 0x00, 0x00, 0x43, 0xeb, 0xe4, 0x2d, 0x01, 0x02, 0x00,
    0x01, 0x00, 0x00, 0x93, 0xff, 0xff, 0xff, 0xca, 0xdc, 0xff, 0xde, 0x28, 0x00, 0x02, 0x00, 0x00,
    0x02, 0x08, 0x9d, 0xff, 0x90, 0x31, 0x95, 0xcf, 0xc3, 0x78, 0x0f, 0x00, 0x03, 0x00, 0x00, 0x00,
    0x00, 0x19, 0xf9, 0x94, 0x00, 0x00, 0x00, 0x00, 0x00, 0x00, 0x00, 0x02, 0x00, 0x00, 0x00, 0x00,
    0x00, 0x00, 0x17, 0x00, 0x00, 0x03, 0x04, 0x02, 0x02, 0x04, 0x01, 0x00, 0x00, 0x00, 0x00, 0x00,
    0x00, 0x00, 0x00, 0x01, 0x00, 0x00, 0x00, 0x00, 0x00, 0x00, 0x00, 0x00, 0x00, 0x00, 0x00, 0x00,
};

/* plug 20px */
static const uint8_t icon_plug_20_map[] = {
    0x00, 0x00, 0x00, 0x00, 0x00, 0x00, 0x00, 0x00, 0x00, 0x00, 0x00, 0x01, 0x04, 0x01, 0x00, 0x00,
    0x00, 0x00, 0x00, 0x00, 0x00, 0x00, 0x00, 0x00, 0x00, 0x00, 0x00, 0x00, 0x00, 0x00, 0x01, 0x00,
    0x00, 0x00, 0x00, 0x00, 0x00, 0x00, 0x00, 0x00, 0x00, 0x00, 0x00, 0x00, 0x00, 0x00, 0x00, 0x02,
    0x01, 0x03, 0x00, 0x0f, 0x75, 0x16, 0x00, 0x01, 0x00, 0x00, 0x00, 0x00, 0x00, 0x00, 0x00, 0x00,
    0x00, 0x00, 0x02, 0x00, 0x00, 0x00, 0x0e, 0xbf, 0xff, 0x46, 0x00, 0x03, 0x00, 0x00, 0x00, 0x00,
    0x00, 0x00, 0x00, 0x00, 0x01, 0x03, 0x00, 0x80, 0xb0, 0x25, 0xc0, 0xff, 0x7e, 0x02, 0x02, 0x00,
    0x03, 0x01, 0x00, 0x00, 0x00, 0x00, 0x00, 0x00, 0x03, 0x00, 0x80, 0xff, 0xff, 0xf1, 0xff, 0x7c,
    0x00, 0x01, 0x01, 0x02, 0x00, 0x00, 0x00, 0x00, 0x00, 0x00, 0x00, 0x03, 0x00, 0x73, 0xff, 0xb2,
    0x7f, 0xff, 0xd9, 0x03, 0x00, 0x04, 0x01, 0x00, 0x44, 0x16, 0x00, 0x01, 0x00, 0x00, 0x03, 0x00,
    0x31, 0xff, 0xc8, 0x0c, 0x00, 0x80, 0xff, 0xbd, 0x0d, 0x00, 0x00, 0x77, 0xff, 0x73, 0x00, 0x05,
    0x00, 0x00, 0x04, 0x00, 0x9d, 0xff, 0x2d, 0x00, 0x07, 0x00, 0x80, 0xff, 0xbf, 0x11, 0x7d, 0xff,
    0xbd, 0x14, 0x02, 0x01, 0x00, 0x00, 0x01, 0x00, 0xd5, 0xe2, 0x01, 0x01, 0x01, 0x04, 0x00, 0x81,
    0xff, 0xdd, 0xff, 0xbd, 0x0d, 0x00, 0x01, 0x00, 0x00, 0x01, 0x00, 0x00, 0xdd, 0xd3, 0x00, 0x01,
    0x00, 0x01, 0x04, 0x00, 0x82, 0xff, 0xf0, 0x1c, 0x00, 0x04, 0x00, 0x00, 0x00, 0x00, 0x03, 0x00,
    0xbb, 0xf7, 0x0c, 0x03, 0x03, 0x00, 0x01, 0x07, 0x00, 0x84, 0xfd, 0xb2, 0x01, 0x02, 0x00, 0x00,
    0x00, 0x00, 0x03, 0x01, 0x58, 0xff, 0x82, 0x00, 0x00, 0x01, 0x00, 0x00, 0x12, 0xb5, 0xff, 0x81,
    0x00, 0x02, 0x00, 0x00, 0x00, 0x00, 0x02, 0x00, 0x03, 0xdf, 0xff, 0x82, 0x10, 0x00, 0x03, 0x38,
    0xd1, 0xff, 0x81, 0x00, 0x02, 0x00, 0x00, 0x00, 0x00, 0x01, 0x00, 0x00, 0xa0, 0xff, 0xe0, 0xff,
    0xf8, 0xd2, 0xe2, 0xff, 0xff, 0x70, 0x00, 0x03, 0x00, 0x00, 0x00, 0x00, 0x01, 0x02, 0x07, 0x9f,
    0xff, 0x9f, 0x0f, 0x5b, 0xb4, 0xda, 0xd1, 0x9a, 0x2e, 0x00, 0x03, 0x00, 0x00, 0x00, 0x00, 0x00,
    0x04, 0x00, 0x74, 0xff, 0x9d, 0x00, 0x00, 0x00, 0x00, 0x00, 0x00, 0x00, 0x00, 0x03, 0x00, 0x00,
    0x00, 0x00, 0x00, 0x00, 0x02, 0x00, 0x2c, 0x72, 0x00, 0x00, 0x02, 0x03, 0x03, 0x00, 0x01, 0x03,
    0x02, 0x00, 0x00, 0x00, 0x00, 0x00, 0x00, 0x00, 0x00, 0x00, 0x00, 0x00, 0x00, 0x01, 0x00, 0x00,
    0x00, 0x00, 0x00, 0x00, 0x00, 0x00, 0x00, 0x00, 0x00, 0x00, 0x00, 0x00, 0x00, 0x00, 0x02, 0x04,
    0x01, 0x00, 0x00, 0x00, 0x00, 0x00, 0x00, 0x00, 0x00, 0x00, 0x00, 0x00, 0x00, 0x00, 0x00, 0x00,
};

/* plus 18px */
static const uint8_t icon_plus_18_map[] = {
    0x00, 0x00, 0x00, 0x00, 0x00, 0x00, 0x00, 0x00, 0x01, 0x01, 0x00, 0x00, 0x00, 0x00, 0x00, 0x00,
    0x00, 0x00, 0x00, 0x00, 0x00, 0x00, 0x00, 0x00, 0x00, 0x00, 0x00, 0x00, 0x00, 0x00, 0x00, 0x00,
    0x00, 0x00, 0x00, 0x00, 0x00, 0x00, 0x00, 0x00, 0x00, 0x00, 0x00, 0x00, 0x04, 0x04, 0x00, 0x00,
    0x00, 0x00, 0x00, 0x00, 0x00, 0x00, 0x00, 0x00, 0x00, 0x00, 0x00, 0x00, 0x03, 0x00, 0xa9, 0xa9,
    0x00, 0x03, 0x00, 0x00, 0x00, 0x00, 0x00, 0x00, 0x00, 0x00, 0x00, 0x00, 0x00, 0x00, 0x02, 0x00,
    0xd2, 0xd2, 0x00, 0x02, 0x00, 0x00, 0x00, 0x00, 0x00, 0x00, 0x00, 0x00, 0x00, 0x00, 0x00, 0x00,
    0x02, 0x00, 0xc9, 0xc9, 0x00, 0x02, 0x00, 0x00, 0x00, 0x00, 0x00, 0x00, 0x00, 0x00, 0x00, 0x03,
    0x02, 0x02, 0x04, 0x02, 0xcb, 0xcb, 0x02, 0x04, 0x02, 0x02, 0x03, 0x00, 0x00, 0x00, 0x00, 0x00,
    0x00, 0x00, 0x00, 0x00, 0x00, 0x00, 0xc8, 0xc8, 0x00, 0x00, 0x00, 0x00, 0x00, 0x00, 0x00, 0x00,
    0x01, 0x00, 0x06, 0xa9, 0xcb, 0xca, 0xcc, 0xcb, 0xf4, 0xf4, 0xcb, 0xcc, 0xca, 0xcb, 0xa9, 0x06,
    0x00, 0x01, 0x01, 0x00, 0x06, 0xa9, 0xcb, 0xca, 0xcc, 0xcb, 0xf4, 0xf4, 0xcb, 0xcc, 0xca, 0xcb,
    0xa9, 0x06, 0x00, 0x01, 0x00, 0x00, 0x00, 0x00, 0x00, 0x00, 0x00, 0x00, 0xc8, 0xc8, 0x00, 0x00,
    0x00, 0x00, 0x00, 0x00, 0x00, 0x00, 0x00, 0x00, 0x00, 0x03, 0x02, 0x02, 0x04, 0x02, 0xcb, 0xcb,
    0x02, 0x04, 0x02, 0x02, 0x03, 0x00, 0x00, 0x00, 0x00, 0x00, 0x00, 0x00, 0x00, 0x00, 0x02, 0x00,
    0xc9, 0xc9, 0x00, 0x02, 0x00, 0x00, 0x00, 0x00, 0x00, 0x00, 0x00, 0x00, 0x00, 0x00, 0x00, 0x00,
    0x02, 0x00, 0xd2, 0xd2, 0x00, 0x02, 0x00, 0x00, 0x00, 0x00, 0x00, 0x00, 0x00, 0x00, 0x00, 0x00,
    0x00, 0x00, 0x03, 0x00, 0xa9, 0xa9, 0x00, 0x03, 0x00, 0x00, 0x00, 0x00, 0x00, 0x00, 0x00, 0x00,
    0x00, 0x00, 0x00, 0x00, 0x00, 0x00, 0x04, 0x04, 0x00, 0x00, 0x00, 0x00, 0x00, 0x00, 0x00, 0x00,
    0x00, 0x00, 0x00, 0x00, 0x00, 0x00, 0x00, 0x00, 0x00, 0x00, 0x00, 0x00, 0x00, 0x00, 0x00, 0x00,
    0x00, 0x00, 0x00, 0x00, 0x00, 0x00, 0x00, 0x00, 0x00, 0x00, 0x01, 0x01, 0x00, 0x00, 0x00, 0x00,
    0x00, 0x00, 0x00, 0x00,
};

/* plus 22px */
static const uint8_t icon_plus_22_map[] = {
    0x00, 0x00, 0x00, 0x00, 0x00, 0x00, 0x00, 0x00, 0x00, 0x00, 0x00, 0x00, 0x00, 0x00, 0x00, 0x00,
    0x00, 0x00, 0x00, 0x00, 0x00, 0x00, 0x00, 0x00, 0x00, 0x00, 0x00, 0x00, 0x00, 0x00, 0x00, 0x00,
    0x02, 0x02, 0x00, 0x00, 0x00, 0x00, 0x00, 0x00, 0x00, 0x00, 0x00, 0x00, 0x00, 0x00, 0x00, 0x00,
    0x00, 0x00, 0x00, 0x00, 0x00, 0x00, 0x00, 0x00, 0x00, 0x00, 0x00, 0x00, 0x00, 0x00, 0x00, 0x00,
    0x00, 0x00, 0x00, 0x00, 0x00, 0x00, 0x00, 0x00, 0x00, 0x00, 0x01, 0x00, 0x31, 0x31, 0x00, 0x01,
    0x00, 0x00, 0x00, 0x00, 0x00, 0x00, 0x00, 0x00, 0x00, 0x00, 0x00, 0x00, 0x00, 0x00, 0x00, 0x01,
    0x01, 0x03, 0xe6, 0xe5, 0x03, 0x01, 0x01, 0x00, 0x00, 0x00, 0x00, 0x00, 0x00, 0x00, 0x00, 0x00,
    0x00, 0x00, 0x00, 0x00, 0x00, 0x01, 0x00, 0x05, 0xe6, 0xe5, 0x05, 0x00, 0x01, 0x00, 0x00, 0x00,
    0x00, 0x00, 0x00, 0x00, 0x00, 0x00, 0x00, 0x00, 0x00, 0x00, 0x00, 0x01, 0x00, 0x05, 0xe5, 0xe5,
    0x05, 0x00, 0x01, 0x00, 0x00, 0x00, 0x00, 0x00, 0x00, 0x00, 0x00, 0x00, 0x00, 0x00, 0x01, 0x01,
    0x01, 0x02, 0x01, 0x06, 0xe6, 0xe5, 0x06, 0x01, 0x02, 0x01, 0x01, 0x01, 0x00, 0x00, 0x00, 0x00,
    0x00, 0x00, 0x00, 0x01, 0x00, 0x00, 0x00, 0x00, 0x00, 0x02, 0xe6, 0xe5, 0x02, 0x00, 0x00, 0x00,
    0x00, 0x00, 0x01, 0x00, 0x00, 0x00, 0x00, 0x00, 0x00, 0x00, 0x03, 0x09, 0x08, 0x09, 0x08, 0x0d,
    0xe7, 0xe6, 0x0d, 0x08, 0x09, 0x08, 0x09, 0x03, 0x00, 0x00, 0x00, 0x00, 0x00, 0x02, 0x00, 0x36,
    0xe3, 0xe9, 0xe9, 0xe9, 0xe9, 0xe9, 0xfd, 0xfd, 0xe9, 0xe9, 0xe9, 0xe9, 0xe9, 0xe2, 0x36, 0x00,
    0x02, 0x00, 0x00, 0x02, 0x00, 0x35, 0xe2, 0xe9, 0xe9, 0xe9, 0xe9, 0xe9, 0xfd, 0xfd, 0xe9, 0xe9,
    0xe9, 0xe9, 0xe9, 0xe2, 0x35, 0x00, 0x02, 0x00, 0x00, 0x00, 0x00, 0x00, 0x03, 0x09, 0x08, 0x09,
    0x08, 0x0d, 0xe7, 0xe6, 0x0d, 0x08, 0x09, 0x08, 0x09, 0x03, 0x00, 0x00, 0x00, 0x00, 0x00, 0x00,
    0x00, 0x01, 0x00, 0x00, 0x00, 0x00, 0x00, 0x02, 0xe6, 0xe5, 0x02, 0x00, 0x00, 0x00, 0x00, 0x00,
    0x01, 0x00, 0x00, 0x00, 0x00, 0x00, 0x00, 0x00, 0x01, 0x01, 0x01, 0x02, 0x01, 0x06, 0xe6, 0xe5,
    0x06, 0x01, 0x02, 0x01, 0x01, 0x01, 0x00, 0x00, 0x00, 0x00, 0x00, 0x00, 0x00, 0x00, 0x00, 0x00,
    0x00, 0x01, 0x00, 0x05, 0xe6, 0xe5, 0x05, 0x00, 0x01, 0x00, 0x00, 0x00, 0x00, 0x00, 0x00, 0x00,
    0x00, 0x00, 0x00, 0x00, 0x00, 0x00, 0x00, 0x01, 0x00, 0x05, 0xe6, 0xe5, 0x05, 0x00, 0x01, 0x00,
    0x00, 0x00, 0x00, 0x00, 0x00, 0x00, 0x00, 0x00, 0x00, 0x00, 0x00, 0x00, 0x00, 0x01, 0x00, 0x03,
    0xe7, 0xe6, 0x03, 0x00, 0x01, 0x00, 0x00, 0x00, 0x00, 0x00, 0x00, 0x00, 0x00, 0x00, 0x00, 0x00,
    0x00, 0x00, 0x00, 0x00, 0x01, 0x00, 0x32, 0x32, 0x00, 0x01, 0x00, 0x00, 0x00, 0x00, 0x00, 0x00,
    0x00, 0x00, 0x00, 0x00, 0x00, 0x00, 0x00, 0x00, 0x00, 0x00, 0x00, 0x00, 0x00, 0x00, 0x00, 0x00,
    0x00, 0x00, 0x00, 0x00, 0x00, 0x00, 0x00, 0x00, 0x00, 0x00, 0x00, 0x00, 0x00, 0x00, 0x00, 0x00,
    0x00, 0x00, 0x02, 0x02, 0x00, 0x00, 0x00, 0x00, 0x00, 0x00, 0x00, 0x00, 0x00, 0x00, 0x00, 0x00,
    0x00, 0x00, 0x00, 0x00, 0x00, 0x00, 0x00, 0x00, 0x00, 0x00, 0x00, 0x00, 0x00, 0x00, 0x00, 0x00,
    0x00, 0x00, 0x00, 0x00,
};

/* power 16px */
static const uint8_t icon_power_16_map[] = {
    0x00, 0x00, 0x00, 0x00, 0x00, 0x00, 0x00, 0x00, 0x00, 0x00, 0x00, 0x00, 0x00, 0x00, 0x00, 0x00,
    0x00, 0x00, 0x00, 0x01, 0x02, 0x02, 0x00, 0x12, 0x12, 0x00, 0x02, 0x02, 0x01, 0x00, 0x00, 0x00,
    0x00, 0x00, 0x01, 0x00, 0x00, 0x00, 0x00, 0xc0, 0xbf, 0x00, 0x00, 0x00, 0x00, 0x01, 0x00, 0x00,
    0x00, 0x02, 0x00, 0x1a, 0xb3, 0x48, 0x00, 0xd7, 0xd7, 0x00, 0x49, 0xb3, 0x1a, 0x00, 0x02, 0x00,
    0x01, 0x01, 0x09, 0xcc, 0xff, 0x4a, 0x00, 0xd3, 0xd2, 0x00, 0x4b, 0xff, 0xcb, 0x08, 0x02, 0x01,
    0x04, 0x00, 0x6b, 0xff, 0x64, 0x00, 0x00, 0xd1, 0xd1, 0x00, 0x00, 0x64, 0xff, 0x6a, 0x00, 0x04,
    0x02, 0x00, 0xc9, 0xe4, 0x00, 0x03, 0x00, 0xcf, 0xcf, 0x00, 0x02, 0x00, 0xe5, 0xc7, 0x00, 0x02,
    0x00, 0x03, 0xee, 0xad, 0x01, 0x05, 0x00, 0xdc, 0xdc, 0x00, 0x05, 0x01, 0xae, 0xed, 0x03, 0x00,
    0x00, 0x03, 0xee, 0xb0, 0x00, 0x05, 0x00, 0x8a, 0x8a, 0x00, 0x05, 0x00, 0xb1, 0xed, 0x03, 0x00,
    0x02, 0x00, 0xc3, 0xe8, 0x01, 0x03, 0x02, 0x00, 0x00, 0x02, 0x03, 0x02, 0xe9, 0xc2, 0x00, 0x03,
    0x04, 0x00, 0x5a, 0xff, 0x76, 0x00, 0x00, 0x05, 0x05, 0x00, 0x00, 0x77, 0xff, 0x59, 0x00, 0x04,
    0x00, 0x02, 0x02, 0xb6, 0xff, 0x7f, 0x10, 0x00, 0x00, 0x10, 0x7f, 0xff, 0xb6, 0x02, 0x02, 0x00,
    0x00, 0x01, 0x01, 0x11, 0xb9, 0xff, 0xf3, 0xc0, 0xc0, 0xf4, 0xff, 0xb8, 0x10, 0x01, 0x01, 0x00,
    0x00, 0x00, 0x01, 0x00, 0x02, 0x5e, 0xbb, 0xe0, 0xe0, 0xbb, 0x5d, 0x02, 0x00, 0x01, 0x00, 0x00,
    0x00, 0x00, 0x00, 0x01, 0x00, 0x00, 0x00, 0x00, 0x00, 0x00, 0x00, 0x00, 0x01, 0x00, 0x00, 0x00,
    0x00, 0x00, 0x00, 0x00, 0x01, 0x04, 0x02, 0x00, 0x00, 0x02, 0x04, 0x01, 0x00, 0x00, 0x00, 0x00,
};

/* power 20px */
static const uint8_t icon_power_20_map[] = {
    0x00, 0x00, 0x00, 0x00, 0x00, 0x00, 0x00, 0x00, 0x00, 0x03, 0x03, 0x00, 0x00, 0x00, 0x00, 0x00,
    0x00, 0x00, 0x00, 0x00, 0x00, 0x00, 0x00, 0x00, 0x00, 0x00, 0x00, 0x00, 0x00, 0x00, 0x00, 0x00,
    0x00, 0x00, 0x00, 0x00, 0x00, 0x00, 0x00, 0x00, 0x00, 0x00, 0x00, 0x00, 0x01, 0x02, 0x01, 0x01,
    0x00, 0x54, 0x54, 0x00, 0x01, 0x01, 0x02, 0x01, 0x00, 0x00, 0x00, 0x00, 0x00, 0x00, 0x00, 0x01,
    0x00, 0x00, 0x00, 0x01, 0x00, 0xe4, 0xe4, 0x00, 0x01, 0x00, 0x00, 0x00, 0x01, 0x00, 0x00, 0x00,
    0x00, 0x00, 0x01, 0x00, 0x0b, 0xb3, 0x7b, 0x00, 0x00, 0xd6, 0xd6, 0x00, 0x00, 0x7c, 0xb3, 0x0b,
    0x01, 0x01, 0x00, 0x00, 0x00, 0x01, 0x02, 0x03, 0xb6, 0xff, 0x75, 0x00, 0x00, 0xd9, 0xd8, 0x00,
    0x00, 0x76, 0xff, 0xb5, 0x03, 0x02, 0x01, 0x00, 0x00, 0x03, 0x00, 0x6a, 0xff, 0x88, 0x00, 0x03,
    0x00, 0xd9, 0xd8, 0x00, 0x03, 0x00, 0x89, 0xff, 0x68, 0x00, 0x04, 0x00, 0x01, 0x01, 0x04, 0xe1,
    0xe2, 0x04, 0x01, 0x01, 0x00, 0xd9, 0xd8, 0x00, 0x01, 0x01, 0x05, 0xe3, 0xdf, 0x04, 0x01, 0x01,
    0x02, 0x00, 0x24, 0xff, 0x8f, 0x00, 0x05, 0x00, 0x00, 0xd6, 0xd5, 0x00, 0x00, 0x05, 0x00, 0x90,
    0xff, 0x23, 0x00, 0x02, 0x03, 0x00, 0x40, 0xfe, 0x66, 0x01, 0x04, 0x00, 0x00, 0xe5, 0xe4, 0x00,
    0x00, 0x04, 0x01, 0x67, 0xfe, 0x40, 0x00, 0x03, 0x03, 0x00, 0x3f, 0xfe, 0x68, 0x01, 0x04, 0x02,
    0x00, 0x94, 0x94, 0x00, 0x02, 0x04, 0x01, 0x69, 0xfe, 0x3f, 0x00, 0x03, 0x02, 0x00, 0x21, 0xff,
    0x99, 0x00, 0x04, 0x00, 0x00, 0x00, 0x00, 0x00, 0x00, 0x04, 0x00, 0x9b, 0xff, 0x20, 0x00, 0x02,
    0x00, 0x01, 0x01, 0xd4, 0xec, 0x0e, 0x01, 0x03, 0x00, 0x02, 0x02, 0x00, 0x03, 0x01, 0x0d, 0xed,
    0xd3, 0x01, 0x01, 0x00, 0x00, 0x03, 0x00, 0x52, 0xff, 0xa1, 0x00, 0x00, 0x04, 0x04, 0x04, 0x04,
    0x00, 0x00, 0xa1, 0xff, 0x51, 0x00, 0x03, 0x00, 0x00, 0x00, 0x03, 0x00, 0x9c, 0xff, 0xa5, 0x19,
    0x00, 0x00, 0x00, 0x00, 0x19, 0xa5, 0xff, 0x9c, 0x00, 0x03, 0x00, 0x00, 0x00, 0x00, 0x01, 0x02,
    0x04, 0x9a, 0xff, 0xf6, 0xa4, 0x7a, 0x7a, 0xa5, 0xf6, 0xff, 0x9a, 0x03, 0x02, 0x01, 0x00, 0x00,
    0x00, 0x00, 0x00, 0x01, 0x00, 0x00, 0x52, 0xc8, 0xff, 0xff, 0xff, 0xff, 0xc8, 0x51, 0x00, 0x00,
    0x01, 0x00, 0x00, 0x00, 0x00, 0x00, 0x00, 0x00, 0x01, 0x01, 0x00, 0x00, 0x17, 0x33, 0x33, 0x17,
    0x00, 0x00, 0x01, 0x01, 0x00, 0x00, 0x00, 0x00, 0x00, 0x00, 0x00, 0x00, 0x00, 0x00, 0x03, 0x01,
    0x00, 0x00, 0x00, 0x00, 0x01, 0x03, 0x00, 0x00, 0x00, 0x00, 0x00, 0x00, 0x00, 0x00, 0x00, 0x00,
    0x00, 0x00, 0x00, 0x00, 0x02, 0x03, 0x03, 0x02, 0x00, 0x00, 0x00, 0x00, 0x00, 0x00, 0x00, 0x00,
};

/* refresh 18px */
static const uint8_t icon_refresh_18_map[] = {
    0x00, 0x00, 0x01, 0x01, 0x00, 0x00, 0x03, 0x04, 0x03, 0x03, 0x04, 0x03, 0x00, 0x00, 0x00, 0x00,
    0x00, 0x00, 0x00, 0x00, 0x00, 0x00, 0x01, 0x01, 0x00, 0x00, 0x00, 0x00, 0x00, 0x00, 0x01, 0x02,
    0x00, 0x00, 0x00, 0x00, 0x00, 0x00, 0x03, 0x06, 0x00, 0x00, 0x45, 0x95, 0xc4, 0xc2, 0x8e, 0x3e,
    0x00, 0x00, 0x02, 0x00, 0x00, 0x00, 0x03, 0x00, 0xac, 0xa0, 0x18, 0xbf, 0xff, 0xfd, 0xd6, 0xd5,
    0xff, 0xff, 0xba, 0x1d, 0x00, 0x02, 0x00, 0x00, 0x03, 0x00, 0xcd, 0xe8, 0xd9, 0xf8, 0x6c, 0x13,
    0x00, 0x00, 0x14, 0x6e, 0xfe, 0xdf, 0x1b, 0x01, 0x02, 0x00, 0x03, 0x00, 0xb9, 0xfe, 0xef, 0x3b,
    0x00, 0x00, 0x01, 0x01, 0x00, 0x00, 0x30, 0xf8, 0xbd, 0x01, 0x02, 0x00, 0x03, 0x00, 0xc7, 0xff,
    0xff, 0xfa, 0xa7, 0x01, 0x04, 0x00, 0x01, 0x07, 0x00, 0x60, 0xff, 0x43, 0x00, 0x03, 0x02, 0x00,
    0x45, 0x7f, 0x7e, 0x86, 0x4c, 0x00, 0x02, 0x00, 0x00, 0x01, 0x02, 0x05, 0xf7, 0xa9, 0x00, 0x04,
    0x00, 0x00, 0x00, 0x00, 0x00, 0x00, 0x00, 0x00, 0x00, 0x00, 0x00, 0x03, 0x07, 0x04, 0xae, 0xa9,
    0x00, 0x03, 0x03, 0x00, 0xb1, 0xa9, 0x04, 0x07, 0x03, 0x00, 0x00, 0x00, 0x00, 0x00, 0x00, 0x00,
    0x00, 0x00, 0x00, 0x00, 0x04, 0x00, 0xab, 0xf7, 0x05, 0x02, 0x01, 0x00, 0x00, 0x02, 0x00, 0x4d,
    0x86, 0x7e, 0x7e, 0x45, 0x00, 0x02, 0x03, 0x00, 0x48, 0xff, 0x62, 0x00, 0x07, 0x01, 0x00, 0x03,
    0x01, 0xa8, 0xfa, 0xff, 0xff, 0xc7, 0x00, 0x03, 0x00, 0x02, 0x02, 0xc6, 0xf9, 0x30, 0x00, 0x00,
    0x01, 0x01, 0x00, 0x00, 0x3a, 0xec, 0xfe, 0xb9, 0x00, 0x03, 0x00, 0x02, 0x01, 0x1f, 0xe0, 0xfd,
    0x6d, 0x14, 0x00, 0x00, 0x18, 0x6f, 0xf9, 0xe1, 0xeb, 0xcc, 0x00, 0x03, 0x00, 0x00, 0x02, 0x00,
    0x1c, 0xb7, 0xff, 0xff, 0xd3, 0xd9, 0xff, 0xff, 0xc0, 0x1e, 0xa0, 0xac, 0x00, 0x03, 0x00, 0x00,
    0x00, 0x02, 0x00, 0x00, 0x3b, 0x8e, 0xc6, 0xc4, 0x92, 0x3c, 0x00, 0x00, 0x06, 0x03, 0x00, 0x00,
    0x00, 0x00, 0x00, 0x00, 0x01, 0x01, 0x00, 0x00, 0x00, 0x00, 0x00, 0x00, 0x01, 0x02, 0x00, 0x00,
    0x00, 0x00, 0x00, 0x00, 0x00, 0x00, 0x00, 0x00, 0x03, 0x04, 0x03, 0x03, 0x04, 0x03, 0x00, 0x00,
    0x01, 0x01, 0x00, 0x00,
};

/* refresh 22px */
static const uint8_t icon_refresh_22_map[] = {
    0x00, 0x00, 0x00, 0x00, 0x00, 0x00, 0x00, 0x00, 0x01, 0x02, 0x03, 0x03, 0x02, 0x01, 0x00, 0x00,
    0x00, 0x00, 0x00, 0x00, 0x00, 0x00, 0x00, 0x00, 0x00, 0x03, 0x01, 0x00, 0x01, 0x03, 0x00, 0x00,
    0x00, 0x00, 0x00, 0x00, 0x04, 0x01, 0x00, 0x00, 0x00, 0x00, 0x00, 0x00, 0x00, 0x00, 0x00, 0x00,
    0x00, 0x02, 0x00, 0x00, 0x03, 0x25, 0x3a, 0x39, 0x1e, 0x00, 0x00, 0x00, 0x02, 0x00, 0x00, 0x00,
    0x00, 0x00, 0x00, 0x00, 0x03, 0x42, 0x1a, 0x00, 0x0f, 0x77, 0xd9, 0xff, 0xff, 0xff, 0xff, 0xce,
    0x76, 0x0d, 0x00, 0x03, 0x00, 0x00, 0x00, 0x00, 0x03, 0x00, 0x35, 0xff, 0x7e, 0x31, 0xd7, 0xff,
    0xff, 0xc1, 0x95, 0x98, 0xc8, 0xff, 0xff, 0xd5, 0x30, 0x00, 0x03, 0x00, 0x00, 0x00, 0x03, 0x00,
    0x42, 0xfd, 0xc7, 0xed, 0xff, 0xa3, 0x25, 0x00, 0x00, 0x00, 0x00, 0x29, 0x9b, 0xff, 0xec, 0x2e,
    0x00, 0x02, 0x00, 0x00, 0x03, 0x00, 0x41, 0xfe, 0xff, 0xfb, 0x66, 0x00, 0x00, 0x02, 0x03, 0x03,
    0x01, 0x00, 0x00, 0x76, 0xff, 0xd9, 0x0c, 0x01, 0x01, 0x00, 0x03, 0x00, 0x45, 0xff, 0xfc, 0xf0,
    0xa6, 0xa2, 0x1a, 0x00, 0x01, 0x00, 0x00, 0x03, 0x05, 0x00, 0x9f, 0xff, 0x79, 0x00, 0x04, 0x00,
    0x03, 0x00, 0x32, 0xfc, 0xff, 0xff, 0xff, 0xff, 0x34, 0x00, 0x03, 0x00, 0x00, 0x00, 0x02, 0x01,
    0x1a, 0xf5, 0xdc, 0x03, 0x01, 0x01, 0x00, 0x00, 0x00, 0x27, 0x37, 0x34, 0x34, 0x26, 0x00, 0x00,
    0x00, 0x00, 0x00, 0x00, 0x00, 0x02, 0x00, 0xbd, 0xff, 0x2c, 0x00, 0x03, 0x00, 0x00, 0x00, 0x01,
    0x00, 0x00, 0x00, 0x00, 0x00, 0x00, 0x00, 0x00, 0x00, 0x00, 0x02, 0x06, 0x03, 0x6f, 0xe4, 0x25,
    0x00, 0x02, 0x02, 0x00, 0x29, 0xe4, 0x6e, 0x03, 0x06, 0x02, 0x00, 0x00, 0x00, 0x00, 0x00, 0x00,
    0x00, 0x00, 0x00, 0x00, 0x00, 0x00, 0x00, 0x00, 0x03, 0x00, 0x2e, 0xff, 0xbc, 0x00, 0x02, 0x00,
    0x00, 0x00, 0x00, 0x00, 0x00, 0x00, 0x26, 0x34, 0x34, 0x37, 0x27, 0x01, 0x00, 0x00, 0x01, 0x01,
    0x05, 0xe0, 0xf5, 0x19, 0x02, 0x02, 0x00, 0x00, 0x00, 0x03, 0x00, 0x35, 0xff, 0xff, 0xff, 0xff,
    0xfd, 0x33, 0x00, 0x03, 0x00, 0x04, 0x00, 0x7e, 0xff, 0x99, 0x00, 0x04, 0x03, 0x00, 0x00, 0x01,
    0x00, 0x1a, 0xa1, 0xa5, 0xef, 0xfc, 0xff, 0x45, 0x00, 0x03, 0x00, 0x01, 0x01, 0x10, 0xdc, 0xff,
    0x75, 0x00, 0x00, 0x02, 0x04, 0x03, 0x01, 0x00, 0x00, 0x60, 0xfb, 0xff, 0xfe, 0x41, 0x00, 0x03,
    0x00, 0x00, 0x02, 0x00, 0x31, 0xed, 0xff, 0xa2, 0x2b, 0x00, 0x00, 0x00, 0x00, 0x2c, 0xa2, 0xff,
    0xed, 0xc9, 0xfc, 0x42, 0x00, 0x03, 0x00, 0x00, 0x00, 0x03, 0x00, 0x2e, 0xd1, 0xff, 0xff, 0xc8,
    0x93, 0x9d, 0xc9, 0xff, 0xff, 0xd6, 0x2f, 0x81, 0xff, 0x36, 0x00, 0x03, 0x00, 0x00, 0x00, 0x00,
    0x03, 0x00, 0x0a, 0x71, 0xce, 0xff, 0xff, 0xff, 0xff, 0xd1, 0x76, 0x0e, 0x00, 0x1f, 0x4c, 0x05,
    0x00, 0x00, 0x00, 0x00, 0x00, 0x00, 0x00, 0x02, 0x00, 0x00, 0x00, 0x1f, 0x3c, 0x3b, 0x21, 0x00,
    0x00, 0x00, 0x02, 0x00, 0x00, 0x00, 0x00, 0x00, 0x00, 0x00, 0x00, 0x00, 0x00, 0x00, 0x01, 0x03,
    0x00, 0x00, 0x00, 0x00, 0x00, 0x00, 0x03, 0x01, 0x00, 0x01, 0x03, 0x00, 0x00, 0x00, 0x00, 0x00,
    0x00, 0x00, 0x00, 0x00, 0x00, 0x00, 0x01, 0x02, 0x03, 0x03, 0x02, 0x01, 0x00, 0x00, 0x00, 0x00,
    0x00, 0x00, 0x00, 0x00,
};

/* repeat 18px */
static const uint8_t icon_repeat_18_map[] = {
    0x00, 0x00, 0x00, 0x00, 0x00, 0x00, 0x00, 0x00, 0x00, 0x00, 0x00, 0x00, 0x00, 0x00, 0x02, 0x00,
    0x00, 0x00, 0x00, 0x00, 0x00, 0x00, 0x02, 0x03, 0x03, 0x03, 0x03, 0x03, 0x03, 0x05, 0x6f, 0x2b,
    0x00, 0x03, 0x00, 0x00, 0x00, 0x00, 0x01, 0x02, 0x00, 0x00, 0x00, 0x00, 0x00, 0x00, 0x00, 0x00,
    0xe1, 0xe7, 0x25, 0x00, 0x02, 0x00, 0x00, 0x00, 0x00, 0x00, 0x25, 0x3f, 0x3f, 0x3f, 0x3f, 0x3f,
    0x41, 0x3e, 0x64, 0xfb, 0xdf, 0x2d, 0x01, 0x02, 0x01, 0x01, 0x07, 0xa0, 0xff, 0xff, 0xff, 0xff,
    0xff, 0xff, 0xff, 0xff, 0xff, 0xf6, 0xff, 0xba, 0x00, 0x03, 0x04, 0x00, 0x75, 0xff, 0x85, 0x3f,
    0x40, 0x3f, 0x3f, 0x3f, 0x41, 0x3e, 0x62, 0xfb, 0xdf, 0x2d, 0x01, 0x02, 0x03, 0x00, 0xc9, 0xd6,
    0x00, 0x00, 0x00, 0x00, 0x00, 0x00, 0x00, 0x00, 0xdd, 0xe6, 0x27, 0x00, 0x02, 0x00, 0x03, 0x00,
    0xca, 0xc6, 0x03, 0x05, 0x03, 0x03, 0x03, 0x03, 0x04, 0x06, 0x6c, 0x29, 0x00, 0x00, 0x00, 0x00,
    0x03, 0x00, 0xd7, 0xd7, 0x02, 0x06, 0x00, 0x00, 0x00, 0x00, 0x00, 0x00, 0x00, 0x00, 0x7f, 0x7e,
    0x00, 0x02, 0x02, 0x00, 0x7e, 0x7f, 0x00, 0x00, 0x00, 0x00, 0x00, 0x00, 0x00, 0x00, 0x06, 0x02,
    0xd7, 0xd7, 0x00, 0x03, 0x00, 0x00, 0x00, 0x00, 0x2c, 0x71, 0x05, 0x04, 0x03, 0x03, 0x03, 0x03,
    0x05, 0x02, 0xc6, 0xca, 0x00, 0x03, 0x00, 0x02, 0x00, 0x27, 0xe6, 0xdf, 0x00, 0x00, 0x00, 0x00,
    0x00, 0x00, 0x00, 0x00, 0xd8, 0xc5, 0x00, 0x03, 0x02, 0x01, 0x2c, 0xdf, 0xfa, 0x63, 0x3e, 0x41,
    0x3f, 0x3f, 0x3f, 0x40, 0x3f, 0x86, 0xff, 0x74, 0x00, 0x04, 0x03, 0x00, 0xbb, 0xff, 0xf6, 0xff,
    0xff, 0xff, 0xff, 0xff, 0xff, 0xff, 0xff, 0xff, 0xa1, 0x07, 0x02, 0x01, 0x02, 0x01, 0x2e, 0xe0,
    0xfb, 0x63, 0x3e, 0x41, 0x3f, 0x3f, 0x3f, 0x3f, 0x3f, 0x29, 0x00, 0x00, 0x00, 0x00, 0x00, 0x02,
    0x00, 0x26, 0xe7, 0xde, 0x00, 0x00, 0x00, 0x00, 0x00, 0x00, 0x00, 0x00, 0x01, 0x01, 0x00, 0x00,
    0x00, 0x00, 0x03, 0x00, 0x28, 0x6a, 0x05, 0x03, 0x03, 0x03, 0x03, 0x03, 0x03, 0x02, 0x00, 0x00,
    0x00, 0x00, 0x00, 0x00, 0x00, 0x02, 0x00, 0x00, 0x00, 0x00, 0x00, 0x00, 0x00, 0x00, 0x00, 0x00,
    0x00, 0x00, 0x00, 0x00,
};

/* repeat 22px */
static const uint8_t icon_repeat_22_map[] = {
    0x00, 0x00, 0x00, 0x00, 0x00, 0x00, 0x00, 0x00, 0x00, 0x00, 0x00, 0x00, 0x00, 0x00, 0x00, 0x00,
    0x00, 0x00, 0x00, 0x00, 0x00, 0x00, 0x00, 0x00, 0x00, 0x00, 0x00, 0x00, 0x00, 0x00, 0x00, 0x00,
    0x00, 0x00, 0x00, 0x00, 0x00, 0x2d, 0x00, 0x01, 0x01, 0x00, 0x00, 0x00, 0x00, 0x00, 0x00, 0x00,
    0x01, 0x03, 0x04, 0x04, 0x04, 0x04, 0x04, 0x04, 0x07, 0x04, 0x4a, 0xff, 0x96, 0x00, 0x03, 0x01,
    0x00, 0x00, 0x00, 0x00, 0x00, 0x01, 0x00, 0x00, 0x00, 0x00, 0x00, 0x00, 0x00, 0x00, 0x00, 0x00,
    0x0e, 0xc0, 0xff, 0x94, 0x00, 0x00, 0x01, 0x00, 0x00, 0x00, 0x01, 0x00, 0x08, 0x4f, 0x6c, 0x6c,
    0x6c, 0x6c, 0x6c, 0x6c, 0x6c, 0x6e, 0x66, 0x87, 0xf7, 0xff, 0x96, 0x09, 0x02, 0x01, 0x00, 0x02,
    0x01, 0x1d, 0xcc, 0xff, 0xff, 0xff, 0xff, 0xff, 0xff, 0xff, 0xff, 0xff, 0xff, 0xff, 0xfe, 0xf9,
    0xff, 0x3e, 0x00, 0x03, 0x00, 0x02, 0x02, 0xbf, 0xff, 0xb0, 0x70, 0x6d, 0x6d, 0x6c, 0x6c, 0x6c,
    0x6c, 0x6e, 0x67, 0x87, 0xf7, 0xff, 0x96, 0x09, 0x02, 0x01, 0x03, 0x00, 0x2a, 0xff, 0xc2, 0x00,
    0x00, 0x00, 0x00, 0x00, 0x00, 0x00, 0x00, 0x00, 0x0c, 0xc1, 0xff, 0x94, 0x00, 0x00, 0x01, 0x00,
    0x03, 0x00, 0x3f, 0xfe, 0x90, 0x01, 0x08, 0x04, 0x04, 0x04, 0x04, 0x04, 0x07, 0x04, 0x4b, 0xff,
    0x94, 0x00, 0x02, 0x02, 0x00, 0x00, 0x03, 0x00, 0x3d, 0xfd, 0x91, 0x00, 0x04, 0x00, 0x00, 0x00,
    0x00, 0x00, 0x00, 0x00, 0x00, 0x27, 0x00, 0x00, 0x03, 0x00, 0x00, 0x00, 0x03, 0x00, 0x41, 0xff,
    0x99, 0x00, 0x07, 0x00, 0x00, 0x00, 0x00, 0x00, 0x00, 0x00, 0x00, 0x00, 0x01, 0x66, 0xd6, 0x22,
    0x00, 0x02, 0x02, 0x00, 0x21, 0xd6, 0x64, 0x00, 0x00, 0x00, 0x00, 0x00, 0x00, 0x00, 0x00, 0x00,
    0x00, 0x06, 0x00, 0x99, 0xff, 0x41, 0x00, 0x03, 0x00, 0x00, 0x00, 0x03, 0x00, 0x00, 0x2d, 0x00,
    0x00, 0x00, 0x00, 0x00, 0x00, 0x00, 0x00, 0x04, 0x00, 0x91, 0xfd, 0x3d, 0x00, 0x03, 0x00, 0x00,
    0x02, 0x02, 0x00, 0x95, 0xff, 0x49, 0x04, 0x07, 0x04, 0x04, 0x04, 0x04, 0x04, 0x08, 0x01, 0x90,
    0xfe, 0x3f, 0x00, 0x03, 0x00, 0x01, 0x00, 0x00, 0x94, 0xff, 0xc0, 0x0e, 0x00, 0x00, 0x00, 0x00,
    0x00, 0x00, 0x00, 0x00, 0x00, 0xc2, 0xff, 0x2c, 0x00, 0x03, 0x01, 0x02, 0x09, 0x96, 0xff, 0xf7,
    0x87, 0x66, 0x6e, 0x6c, 0x6c, 0x6c, 0x6c, 0x6d, 0x6d, 0x70, 0xb1, 0xff, 0xc3, 0x04, 0x02, 0x00,
    0x03, 0x00, 0x3f, 0xff, 0xf9, 0xfe, 0xff, 0xff, 0xff, 0xff, 0xff, 0xff, 0xff, 0xff, 0xff, 0xff,
    0xff, 0xc9, 0x1d, 0x00, 0x02, 0x00, 0x01, 0x02, 0x09, 0x94, 0xff, 0xf7, 0x87, 0x67, 0x6e, 0x6c,
    0x6c, 0x6c, 0x6c, 0x6c, 0x6c, 0x69, 0x41, 0x03, 0x00, 0x01, 0x00, 0x00, 0x00, 0x01, 0x00, 0x00,
    0x94, 0xff, 0xc1, 0x0c, 0x00, 0x00, 0x00, 0x00, 0x00, 0x00, 0x00, 0x00, 0x00, 0x00, 0x01, 0x00,
    0x00, 0x00, 0x00, 0x00, 0x01, 0x03, 0x00, 0x94, 0xff, 0x4a, 0x04, 0x07, 0x04, 0x04, 0x04, 0x04,
    0x04, 0x04, 0x03, 0x01, 0x00, 0x00, 0x00, 0x00, 0x00, 0x00, 0x00, 0x01, 0x01, 0x00, 0x26, 0x00,
    0x00, 0x00, 0x00, 0x00, 0x00, 0x00, 0x00, 0x00, 0x00, 0x00, 0x00, 0x00, 0x00, 0x00, 0x00, 0x00,
    0x00, 0x00, 0x00, 0x01, 0x00, 0x00, 0x00, 0x00, 0x00, 0x00, 0x00, 0x00, 0x00, 0x00, 0x00, 0x00,
    0x00, 0x00, 0x00, 0x00,
};

/* rotate 16px */
static const uint8_t icon_rotate_16_map[] = {
    0x00, 0x00, 0x00, 0x00, 0x01, 0x04, 0x00, 0x00, 0x00, 0x00, 0x04, 0x01, 0x00, 0x00, 0x00, 0x00,
    0x00, 0x00, 0x00, 0x02, 0x00, 0x00, 0x01, 0x19, 0x19, 0x01, 0x00, 0x00, 0x02, 0x00, 0x00, 0x00,
    0x00, 0x00, 0x02, 0x00, 0x0e, 0x81, 0xe5, 0xff, 0xff, 0xe5, 0x80, 0x0e, 0x00, 0x02, 0x00, 0x00,
    0x00, 0x02, 0x00, 0x30, 0xde, 0xff, 0xc3, 0x7f, 0x7f, 0xc3, 0xff, 0xde, 0x32, 0x00, 0x02, 0x00,
    0x02, 0x01, 0x15, 0xe5, 0xed, 0x46, 0x00, 0x00, 0x00, 0x00, 0x46, 0xec, 0xe6, 0x17, 0x01, 0x02,
    0x04, 0x00, 0x8b, 0xff, 0x36, 0x00, 0x04, 0x04, 0x04, 0x04, 0x00, 0x35, 0xff, 0x8e, 0x00, 0x04,
    0x01, 0x03, 0xe8, 0xc5, 0x00, 0x05, 0x00, 0x00, 0x00, 0x01, 0x05, 0x00, 0xc5, 0xef, 0x06, 0x00,
    0x00, 0x16, 0xff, 0x84, 0x01, 0x04, 0x00, 0x00, 0x00, 0x02, 0x04, 0x02, 0x71, 0xf7, 0x13, 0x00,
    0x00, 0x1b, 0xff, 0x80, 0x01, 0x04, 0x00, 0x00, 0x00, 0x00, 0x00, 0x00, 0x02, 0x13, 0x00, 0x00,
    0x00, 0x05, 0xf1, 0xbf, 0x00, 0x04, 0x00, 0x02, 0x00, 0x94, 0xd8, 0xcc, 0xc9, 0xac, 0x0c, 0x00,
    0x03, 0x00, 0x98, 0xff, 0x3c, 0x00, 0x06, 0x06, 0x04, 0x91, 0xc8, 0xe8, 0xff, 0xff, 0x22, 0x00,
    0x02, 0x01, 0x19, 0xe7, 0xec, 0x33, 0x00, 0x00, 0x00, 0x00, 0x31, 0xde, 0xff, 0xf3, 0x20, 0x00,
    0x00, 0x02, 0x00, 0x33, 0xe8, 0xff, 0xaa, 0x6a, 0x74, 0xbf, 0xff, 0xe8, 0xbe, 0xff, 0x20, 0x00,
    0x00, 0x00, 0x02, 0x00, 0x1a, 0x96, 0xf5, 0xff, 0xff, 0xf0, 0x9d, 0x19, 0x5f, 0xf1, 0x12, 0x00,
    0x00, 0x00, 0x00, 0x02, 0x00, 0x00, 0x0a, 0x29, 0x27, 0x08, 0x00, 0x00, 0x09, 0x18, 0x00, 0x00,
    0x00, 0x00, 0x00, 0x00, 0x02, 0x03, 0x00, 0x00, 0x00, 0x00, 0x04, 0x02, 0x00, 0x00, 0x00, 0x00,
};

/* rotate 20px */
static const uint8_t icon_rotate_20_map[] = {
    0x00, 0x00, 0x00, 0x00, 0x00, 0x00, 0x00, 0x01, 0x03, 0x04, 0x04, 0x03, 0x01, 0x00, 0x00, 0x00,
    0x00, 0x00, 0x00, 0x00, 0x00, 0x00, 0x00, 0x00, 0x00, 0x01, 0x03, 0x00, 0x00, 0x00, 0x00, 0x00,
    0x00, 0x03, 0x01, 0x00, 0x00, 0x00, 0x00, 0x00, 0x00, 0x00, 0x00, 0x00, 0x02, 0x00, 0x00, 0x0f,
    0x43, 0x6e, 0x6e, 0x44, 0x0e, 0x00, 0x00, 0x02, 0x00, 0x00, 0x00, 0x00, 0x00, 0x00, 0x00, 0x02,
    0x00, 0x15, 0x8f, 0xf0, 0xff, 0xff, 0xff, 0xff, 0xf0, 0x8e, 0x14, 0x00, 0x02, 0x00, 0x00, 0x00,
    0x00, 0x00, 0x02, 0x00, 0x35, 0xe0, 0xff, 0xce, 0x71, 0x3e, 0x3e, 0x71, 0xce, 0xff, 0xe0, 0x37,
    0x00, 0x02, 0x00, 0x00, 0x00, 0x02, 0x01, 0x1c, 0xe7, 0xff, 0x66, 0x00, 0x00, 0x00, 0x00, 0x00,
    0x00, 0x65, 0xff, 0xe8, 0x1e, 0x01, 0x02, 0x00, 0x00, 0x03, 0x00, 0xa5, 0xff, 0x5b, 0x00, 0x03,
    0x04, 0x03, 0x03, 0x04, 0x03, 0x00, 0x58, 0xff, 0xa9, 0x00, 0x02, 0x00, 0x02, 0x00, 0x1a, 0xfc,
    0xc0, 0x00, 0x05, 0x01, 0x00, 0x00, 0x00, 0x00, 0x01, 0x05, 0x00, 0xbb, 0xfc, 0x1c, 0x00, 0x02,
    0x04, 0x00, 0x52, 0xff, 0x60, 0x01, 0x04, 0x00, 0x00, 0x00, 0x00, 0x00, 0x00, 0x04, 0x01, 0x5c,
    0xff, 0x5c, 0x00, 0x04, 0x04, 0x00, 0x74, 0xff, 0x3a, 0x00, 0x03, 0x00, 0x00, 0x00, 0x00, 0x01,
    0x03, 0x05, 0x04, 0x25, 0xe4, 0x58, 0x00, 0x03, 0x05, 0x00, 0x7b, 0xff, 0x35, 0x00, 0x03, 0x00,
    0x00, 0x00, 0x00, 0x00, 0x00, 0x00, 0x00, 0x00, 0x00, 0x00, 0x00, 0x00, 0x04, 0x00, 0x5e, 0xff,
    0x58, 0x01, 0x04, 0x00, 0x00, 0x01, 0x00, 0x0d, 0x49, 0x4f, 0x4f, 0x54, 0x4e, 0x10, 0x00, 0x01,
    0x02, 0x00, 0x23, 0xff, 0xbb, 0x00, 0x05, 0x01, 0x00, 0x04, 0x00, 0x54, 0xff, 0xff, 0xff, 0xff,
    0xff, 0x6f, 0x00, 0x04, 0x00, 0x02, 0x00, 0xad, 0xff, 0x59, 0x00, 0x05, 0x03, 0x03, 0x03, 0x11,
    0x4d, 0x40, 0x97, 0xfb, 0xfc, 0x77, 0x00, 0x04, 0x00, 0x02, 0x01, 0x1d, 0xe8, 0xff, 0x57, 0x00,
    0x00, 0x00, 0x00, 0x00, 0x00, 0x40, 0xec, 0xfd, 0xff, 0x76, 0x00, 0x04, 0x00, 0x00, 0x02, 0x00,
    0x36, 0xe5, 0xff, 0xb2, 0x4f, 0x2a, 0x31, 0x5e, 0xb8, 0xff, 0xe9, 0x6f, 0xfb, 0x76, 0x00, 0x04,
    0x00, 0x00, 0x00, 0x03, 0x00, 0x1d, 0xa8, 0xff, 0xff, 0xff, 0xff, 0xff, 0xff, 0xa9, 0x19, 0x29,
    0xff, 0x77, 0x00, 0x04, 0x00, 0x00, 0x00, 0x00, 0x02, 0x00, 0x00, 0x25, 0x65, 0x88, 0x85, 0x58,
    0x1b, 0x00, 0x00, 0x0e, 0x77, 0x26, 0x00, 0x02, 0x00, 0x00, 0x00, 0x00, 0x00, 0x01, 0x02, 0x00,
    0x00, 0x00, 0x00, 0x00, 0x00, 0x02, 0x01, 0x00, 0x00, 0x00, 0x00, 0x00, 0x00, 0x00, 0x00, 0x00,
    0x00, 0x00, 0x00, 0x02, 0x04, 0x04, 0x04, 0x04, 0x02, 0x00, 0x00, 0x01, 0x04, 0x02, 0x00, 0x00,
};

/* settings 20px */
static const uint8_t icon_settings_20_map[] = {
    0x00, 0x00, 0x00, 0x00, 0x00, 0x00, 0x00, 0x00, 0x00, 0x00, 0x00, 0x00, 0x00, 0x00, 0x00, 0x00,
    0x00, 0x00, 0x00, 0x00, 0x00, 0x00, 0x00, 0x00, 0x02, 0x04, 0x04, 0x01, 0x00, 0x3b, 0x3b, 0x00,
    0x01, 0x04, 0x04, 0x02, 0x00, 0x00, 0x00, 0x00, 0x00, 0x00, 0x00, 0x01, 0x00, 0x00, 0x00, 0x00,
    0xb1, 0xff, 0xff, 0xb0, 0x00, 0x00, 0x00, 0x00, 0x01, 0x00, 0x00, 0x00, 0x00, 0x00, 0x01, 0x00,
    0x34, 0x90, 0x5b, 0x5d, 0xff, 0xa1, 0xa2, 0xff, 0x5d, 0x5c, 0x90, 0x34, 0x00, 0x01, 0x00, 0x00,
    0x00, 0x02, 0x01, 0x34, 0xf6, 0xff, 0xff, 0xff, 0xef, 0x17, 0x18, 0xf0, 0xff, 0xff, 0xff, 0xf6,
    0x33, 0x01, 0x02, 0x00, 0x00, 0x04, 0x00, 0x9b, 0xff, 0x4a, 0x58, 0x87, 0x27, 0x00, 0x00, 0x27,
    0x87, 0x57, 0x4a, 0xff, 0x9a, 0x00, 0x04, 0x00, 0x00, 0x04, 0x01, 0x5c, 0xfd, 0x5b, 0x00, 0x00,
    0x03, 0x42, 0x43, 0x02, 0x00, 0x00, 0x5b, 0xfd, 0x5b, 0x01, 0x04, 0x00, 0x01, 0x00, 0x00, 0x56,
    0xff, 0x84, 0x01, 0x47, 0xe1, 0xff, 0xff, 0xe0, 0x46, 0x01, 0x85, 0xff, 0x56, 0x00, 0x00, 0x01,
    0x01, 0x09, 0xb0, 0xff, 0xef, 0x25, 0x10, 0xed, 0xf8, 0x6b, 0x6c, 0xf9, 0xed, 0x0f, 0x26, 0xef,
    0xff, 0xaf, 0x09, 0x01, 0x00, 0x44, 0xff, 0xa1, 0x1a, 0x00, 0x48, 0xff, 0x71, 0x00, 0x00, 0x72,
    0xff, 0x47, 0x00, 0x1b, 0xa2, 0xff, 0x43, 0x00, 0x00, 0x43, 0xff, 0xa3, 0x21, 0x00, 0x49, 0xff,
    0x6b, 0x00, 0x00, 0x6c, 0xff, 0x48, 0x00, 0x21, 0xa3, 0xff, 0x42, 0x00, 0x01, 0x09, 0xb8, 0xff,
    0xf0, 0x26, 0x0e, 0xe9, 0xf5, 0x6a, 0x6b, 0xf6, 0xe8, 0x0e, 0x27, 0xf1, 0xff, 0xb7, 0x08, 0x01,
    0x01, 0x00, 0x00, 0x58, 0xff, 0x86, 0x01, 0x47, 0xeb, 0xff, 0xff, 0xea, 0x46, 0x01, 0x87, 0xff,
    0x57, 0x00, 0x00, 0x01, 0x00, 0x04, 0x00, 0x56, 0xfd, 0x5a, 0x00, 0x00, 0x0c, 0x4c, 0x4c, 0x0c,
    0x00, 0x00, 0x5b, 0xfd, 0x54, 0x00, 0x04, 0x00, 0x00, 0x04, 0x00, 0x96, 0xff, 0x4b, 0x5f, 0x87,
    0x25, 0x00, 0x00, 0x25, 0x87, 0x5f, 0x4c, 0xff, 0x94, 0x00, 0x04, 0x00, 0x00, 0x02, 0x01, 0x36,
    0xf6, 0xff, 0xff, 0xff, 0xf0, 0x17, 0x18, 0xf0, 0xff, 0xff, 0xff, 0xf6, 0x36, 0x01, 0x02, 0x00,
    0x00, 0x00, 0x01, 0x00, 0x34, 0x95, 0x63, 0x5c, 0xff, 0xa1, 0xa2, 0xff, 0x5c, 0x63, 0x95, 0x33,
    0x00, 0x01, 0x00, 0x00, 0x00, 0x00, 0x00, 0x01, 0x00, 0x00, 0x00, 0x00, 0xbd, 0xff, 0xff, 0xbc,
    0x00, 0x00, 0x00, 0x00, 0x01, 0x00, 0x00, 0x00, 0x00, 0x00, 0x00, 0x00, 0x02, 0x04, 0x04, 0x01,
    0x08, 0x44, 0x43, 0x08, 0x01, 0x04, 0x04, 0x02, 0x00, 0x00, 0x00, 0x00, 0x00, 0x00, 0x00, 0x00,
    0x00, 0x00, 0x00, 0x00, 0x00, 0x00, 0x00, 0x00, 0x00, 0x00, 0x00, 0x00, 0x00, 0x00, 0x00, 0x00,
};

/* settings 26px */
static const uint8_t icon_settings_26_map[] = {
    0x00, 0x00, 0x00, 0x00, 0x00, 0x00, 0x00, 0x00, 0x00, 0x00, 0x00, 0x03, 0x02, 0x02, 0x03, 0x00,
    0x00, 0x00, 0x00, 0x00, 0x00, 0x00, 0x00, 0x00, 0x00, 0x00, 0x00, 0x00, 0x00, 0x00, 0x00, 0x00,
    0x00, 0x00, 0x00, 0x00, 0x01, 0x00, 0x00, 0x00, 0x00, 0x01, 0x00, 0x00, 0x00, 0x00, 0x00, 0x00,
    0x00, 0x00, 0x00, 0x00, 0x00, 0x00, 0x00, 0x00, 0x00, 0x01, 0x03, 0x04, 0x03, 0x03, 0x00, 0x60,
    0xbb, 0xbb, 0x60, 0x00, 0x03, 0x03, 0x04, 0x03, 0x01, 0x00, 0x00, 0x00, 0x00, 0x00, 0x00, 0x00,
    0x00, 0x00, 0x00, 0x00, 0x00, 0x00, 0x00, 0x00, 0x66, 0xff, 0xff, 0xff, 0xff, 0x65, 0x00, 0x00,
    0x00, 0x00, 0x00, 0x00, 0x00, 0x00, 0x00, 0x00, 0x00, 0x00, 0x00, 0x01, 0x00, 0x02, 0x54, 0x82,
    0x4e, 0x21, 0xe0, 0xff, 0x8d, 0x8d, 0xff, 0xe0, 0x1d, 0x48, 0x82, 0x54, 0x01, 0x00, 0x01, 0x00,
    0x00, 0x00, 0x00, 0x00, 0x01, 0x02, 0x07, 0xb4, 0xff, 0xff, 0xff, 0xf6, 0xff, 0xf1, 0x07, 0x07,
    0xf2, 0xff, 0xf4, 0xff, 0xff, 0xff, 0xb4, 0x07, 0x02, 0x01, 0x00, 0x00, 0x00, 0x00, 0x04, 0x00,
    0x57, 0xff, 0xea, 0xaf, 0xe9, 0xff, 0xdb, 0x50, 0x04, 0x04, 0x50, 0xdb, 0xff, 0xe9, 0xaf, 0xea,
    0xff, 0x56, 0x00, 0x04, 0x00, 0x00, 0x00, 0x00, 0x04, 0x00, 0x86, 0xfd, 0xac, 0x00, 0x17, 0x2f,
    0x0b, 0x00, 0x00, 0x00, 0x00, 0x0b, 0x2f, 0x17, 0x00, 0xad, 0xfd, 0x86, 0x00, 0x04, 0x00, 0x00,
    0x00, 0x00, 0x03, 0x03, 0x49, 0xfd, 0xec, 0x1b, 0x00, 0x00, 0x00, 0x1d, 0x47, 0x47, 0x1d, 0x00,
    0x00, 0x00, 0x1b, 0xec, 0xfd, 0x48, 0x03, 0x03, 0x00, 0x00, 0x00, 0x00, 0x02, 0x00, 0x19, 0xf2,
    0xff, 0x35, 0x02, 0x03, 0x82, 0xee, 0xff, 0xff, 0xed, 0x81, 0x03, 0x02, 0x35, 0xff, 0xf2, 0x18,
    0x00, 0x02, 0x00, 0x00, 0x00, 0x01, 0x00, 0x69, 0xda, 0xff, 0xe6, 0x11, 0x00, 0x7f, 0xff, 0xff,
    0xdc, 0xdc, 0xff, 0xff, 0x7f, 0x00, 0x11, 0xe6, 0xff, 0xda, 0x68, 0x00, 0x01, 0x00, 0x04, 0x00,
    0x61, 0xff, 0xff, 0xec, 0x4d, 0x00, 0x1d, 0xf5, 0xfd, 0x80, 0x09, 0x09, 0x80, 0xfd, 0xf4, 0x1c,
    0x00, 0x4d, 0xed, 0xff, 0xff, 0x60, 0x00, 0x04, 0x02, 0x00, 0xbf, 0xfd, 0x93, 0x12, 0x00, 0x01,
    0x4e, 0xff, 0xd8, 0x00, 0x00, 0x00, 0x00, 0xd9, 0xff, 0x4d, 0x01, 0x00, 0x13, 0x93, 0xfd, 0xbe,
    0x00, 0x02, 0x02, 0x00, 0xc3, 0xfd, 0x93, 0x13, 0x00, 0x01, 0x4a, 0xff, 0xde, 0x03, 0x00, 0x00,
    0x04, 0xde, 0xff, 0x4a, 0x01, 0x00, 0x13, 0x93, 0xfd, 0xc2, 0x00, 0x02, 0x04, 0x00, 0x63, 0xff,
    0xff, 0xed, 0x4b, 0x00, 0x1d, 0xf7, 0xfe, 0x80, 0x05, 0x05, 0x80, 0xfe, 0xf6, 0x1c, 0x00, 0x4c,
    0xed, 0xff, 0xff, 0x62, 0x00, 0x04, 0x00, 0x01, 0x00, 0x6d, 0xde, 0xff, 0xe5, 0x10, 0x00, 0x84,
    0xff, 0xff, 0xd6, 0xd6, 0xff, 0xff, 0x83, 0x00, 0x10, 0xe6, 0xff, 0xdd, 0x6d, 0x00, 0x01, 0x00,
    0x00, 0x00, 0x02, 0x00, 0x1b, 0xf3, 0xff, 0x33, 0x02, 0x03, 0x7e, 0xed, 0xff, 0xff, 0xed, 0x7e,
    0x03, 0x02, 0x34, 0xff, 0xf2, 0x1a, 0x00, 0x02, 0x00, 0x00, 0x00, 0x00, 0x03, 0x03, 0x47, 0xfd,
    0xed, 0x1c, 0x00, 0x00, 0x00, 0x1d, 0x47, 0x47, 0x1c, 0x00, 0x00, 0x00, 0x1d, 0xee, 0xfd, 0x46,
    0x03, 0x03, 0x00, 0x00, 0x00, 0x00, 0x04, 0x00, 0x87, 0xfd, 0xac, 0x00, 0x17, 0x2f, 0x0b, 0x00,
    0x00, 0x00, 0x00, 0x0c, 0x2f, 0x17, 0x00, 0xad, 0xfd, 0x86, 0x00, 0x04, 0x00, 0x00, 0x00, 0x00,
    0x04, 0x00, 0x59, 0xff, 0xea, 0xac, 0xea, 0xff, 0xda, 0x49, 0x04, 0x04, 0x4a, 0xdb, 0xff, 0xe9,
    0xac, 0xea, 0xff, 0x58, 0x00, 0x04, 0x00, 0x00, 0x00, 0x00, 0x01, 0x02, 0x08, 0xb8, 0xff, 0xff,
    0xff, 0xf5, 0xff, 0xf0, 0x07, 0x08, 0xf1, 0xff, 0xf7, 0xff, 0xff, 0xff, 0xb7, 0x07, 0x02, 0x01,
    0x00, 0x00, 0x00, 0x00, 0x00, 0x01, 0x00, 0x04, 0x5c, 0x81, 0x40, 0x20, 0xdf, 0xff, 0x93, 0x94,
    0xff, 0xdf, 0x22, 0x4f, 0x82, 0x5b, 0x04, 0x00, 0x01, 0x00, 0x00, 0x00, 0x00, 0x00, 0x00, 0x00,
    0x00, 0x00, 0x00, 0x00, 0x00, 0x00, 0x64, 0xff, 0xff, 0xff, 0xff, 0x63, 0x00, 0x00, 0x00, 0x00,
    0x00, 0x00, 0x00, 0x00, 0x00, 0x00, 0x00, 0x00, 0x00, 0x00, 0x00, 0x01, 0x04, 0x04, 0x03, 0x03,
    0x00, 0x60, 0xbb, 0xba, 0x5f, 0x00, 0x03, 0x03, 0x04, 0x04, 0x01, 0x00, 0x00, 0x00, 0x00, 0x00,
    0x00, 0x00, 0x00, 0x00, 0x00, 0x00, 0x00, 0x00, 0x00, 0x00, 0x01, 0x00, 0x00, 0x00, 0x00, 0x01,
    0x00, 0x00, 0x00, 0x00, 0x00, 0x00, 0x00, 0x00, 0x00, 0x00, 0x00, 0x00, 0x00, 0x00, 0x00, 0x00,
    0x00, 0x00, 0x00, 0x00, 0x00, 0x03, 0x02, 0x02, 0x03, 0x00, 0x00, 0x00, 0x00, 0x00, 0x00, 0x00,
    0x00, 0x00, 0x00, 0x00,
};

/* shield 16px */
static const uint8_t icon_shield_16_map[] = {
    0x00, 0x00, 0x00, 0x00, 0x01, 0x04, 0x00, 0x00, 0x00, 0x00, 0x04, 0x01, 0x00, 0x00, 0x00, 0x00,
    0x00, 0x01, 0x02, 0x00, 0x00, 0x00, 0x05, 0x93, 0x93, 0x04, 0x00, 0x00, 0x00, 0x02, 0x01, 0x00,
    0x00, 0x00, 0x00, 0x00, 0x12, 0x55, 0xd6, 0xff, 0xff, 0xd6, 0x54, 0x12, 0x00, 0x00, 0x00, 0x00,
    0x00, 0x3d, 0xc3, 0xd7, 0xfd, 0xff, 0xde, 0x4b, 0x4c, 0xde, 0xff, 0xfd, 0xd7, 0xc3, 0x3c, 0x00,
    0x00, 0x99, 0xff, 0xc2, 0x96, 0x4f, 0x05, 0x00, 0x00, 0x05, 0x4f, 0x96, 0xc2, 0xff, 0x98, 0x00,
    0x00, 0xc2, 0xdb, 0x00, 0x00, 0x00, 0x00, 0x03, 0x03, 0x00, 0x00, 0x00, 0x00, 0xdd, 0xc1, 0x00,
    0x00, 0xce, 0xd0, 0x02, 0x05, 0x03, 0x01, 0x00, 0x00, 0x01, 0x03, 0x05, 0x02, 0xd1, 0xcd, 0x00,
    0x00, 0xb9, 0xe9, 0x02, 0x00, 0x01, 0x00, 0x00, 0x00, 0x00, 0x01, 0x00, 0x02, 0xea, 0xb8, 0x00,
    0x00, 0x7c, 0xff, 0x26, 0x02, 0x03, 0x00, 0x00, 0x00, 0x00, 0x03, 0x02, 0x27, 0xff, 0x7b, 0x00,
    0x00, 0x26, 0xff, 0x95, 0x00, 0x05, 0x00, 0x00, 0x00, 0x00, 0x05, 0x00, 0x95, 0xff, 0x25, 0x00,
    0x03, 0x00, 0xa7, 0xff, 0x38, 0x00, 0x06, 0x01, 0x01, 0x06, 0x00, 0x39, 0xff, 0xa7, 0x00, 0x03,
    0x02, 0x02, 0x19, 0xe9, 0xe9, 0x2e, 0x00, 0x00, 0x00, 0x00, 0x2f, 0xea, 0xe8, 0x18, 0x02, 0x02,
    0x00, 0x02, 0x00, 0x39, 0xf2, 0xfd, 0x74, 0x11, 0x11, 0x74, 0xfd, 0xf2, 0x37, 0x00, 0x02, 0x00,
    0x00, 0x00, 0x03, 0x00, 0x2c, 0xc7, 0xff, 0xf9, 0xf9, 0xff, 0xc7, 0x2b, 0x00, 0x03, 0x00, 0x00,
    0x00, 0x00, 0x00, 0x03, 0x00, 0x00, 0x4a, 0xaa, 0xaa, 0x4a, 0x00, 0x00, 0x03, 0x00, 0x00, 0x00,
    0x00, 0x00, 0x00, 0x00, 0x02, 0x00, 0x00, 0x00, 0x00, 0x00, 0x00, 0x02, 0x00, 0x00, 0x00, 0x00,
};

/* shield 20px */
static const uint8_t icon_shield_20_map[] = {
    0x00, 0x00, 0x00, 0x00, 0x00, 0x00, 0x00, 0x00, 0x03, 0x00, 0x00, 0x03, 0x00, 0x00, 0x00, 0x00,
    0x00, 0x00, 0x00, 0x00, 0x00, 0x00, 0x00, 0x00, 0x01, 0x02, 0x04, 0x01, 0x00, 0x35, 0x35, 0x00,
    0x01, 0x04, 0x02, 0x01, 0x00, 0x00, 0x00, 0x00, 0x00, 0x00, 0x02, 0x00, 0x00, 0x00, 0x00, 0x00,
    0x6a, 0xff, 0xff, 0x69, 0x00, 0x00, 0x00, 0x00, 0x00, 0x02, 0x00, 0x00, 0x00, 0x00, 0x00, 0x00,
    0x03, 0x1d, 0x61, 0xc8, 0xff, 0xd0, 0xd0, 0xff, 0xc7, 0x60, 0x1d, 0x03, 0x00, 0x00, 0x00, 0x00,
    0x01, 0x01, 0x92, 0xd1, 0xe4, 0xff, 0xff, 0xf7, 0x82, 0x09, 0x0a, 0x83, 0xf7, 0xff, 0xff, 0xe4,
    0xd1, 0x91, 0x00, 0x01, 0x00, 0x1a, 0xff, 0xf7, 0xcb, 0xa5, 0x61, 0x18, 0x00, 0x00, 0x00, 0x00,
    0x18, 0x61, 0xa5, 0xcb, 0xf7, 0xff, 0x19, 0x00, 0x00, 0x3a, 0xfe, 0x71, 0x00, 0x00, 0x00, 0x00,
    0x03, 0x01, 0x01, 0x03, 0x00, 0x00, 0x00, 0x00, 0x72, 0xfe, 0x3a, 0x00, 0x00, 0x4f, 0xff, 0x55,
    0x01, 0x07, 0x04, 0x02, 0x00, 0x00, 0x00, 0x00, 0x02, 0x04, 0x07, 0x01, 0x56, 0xff, 0x4e, 0x00,
    0x00, 0x4f, 0xff, 0x58, 0x00, 0x04, 0x00, 0x00, 0x00, 0x00, 0x00, 0x00, 0x00, 0x00, 0x04, 0x00,
    0x58, 0xff, 0x4e, 0x00, 0x00, 0x36, 0xff, 0x79, 0x01, 0x04, 0x00, 0x00, 0x00, 0x00, 0x00, 0x00,
    0x00, 0x00, 0x04, 0x01, 0x7b, 0xff, 0x35, 0x00, 0x00, 0x0f, 0xf8, 0xc0, 0x00, 0x02, 0x00, 0x00,
    0x00, 0x00, 0x00, 0x00, 0x00, 0x00, 0x02, 0x00, 0xc2, 0xf8, 0x0e, 0x00, 0x03, 0x00, 0xb1, 0xfd,
    0x24, 0x01, 0x03, 0x00, 0x00, 0x00, 0x00, 0x00, 0x00, 0x03, 0x01, 0x25, 0xfd, 0xb0, 0x00, 0x03,
    0x03, 0x00, 0x42, 0xff, 0xa7, 0x00, 0x05, 0x00, 0x00, 0x00, 0x00, 0x00, 0x00, 0x05, 0x00, 0xa8,
    0xff, 0x42, 0x00, 0x03, 0x00, 0x02, 0x00, 0xb2, 0xff, 0x58, 0x00, 0x06, 0x01, 0x00, 0x00, 0x01,
    0x06, 0x00, 0x5a, 0xff, 0xb1, 0x00, 0x02, 0x00, 0x00, 0x02, 0x01, 0x1c, 0xe8, 0xfc, 0x4d, 0x00,
    0x00, 0x04, 0x04, 0x00, 0x00, 0x4f, 0xfd, 0xe7, 0x1c, 0x01, 0x02, 0x00, 0x00, 0x00, 0x02, 0x00,
    0x35, 0xec, 0xff, 0x84, 0x0e, 0x00, 0x00, 0x0e, 0x85, 0xff, 0xeb, 0x34, 0x00, 0x02, 0x00, 0x00,
    0x00, 0x00, 0x00, 0x03, 0x00, 0x28, 0xc8, 0xff, 0xeb, 0x8f, 0x8f, 0xec, 0xff, 0xc8, 0x28, 0x00,
    0x03, 0x00, 0x00, 0x00, 0x00, 0x00, 0x00, 0x00, 0x03, 0x00, 0x05, 0x67, 0xd9, 0xff, 0xff, 0xd9,
    0x67, 0x05, 0x00, 0x03, 0x00, 0x00, 0x00, 0x00, 0x00, 0x00, 0x00, 0x00, 0x00, 0x02, 0x00, 0x00,
    0x00, 0x37, 0x37, 0x00, 0x00, 0x00, 0x02, 0x00, 0x00, 0x00, 0x00, 0x00, 0x00, 0x00, 0x00, 0x00,
    0x00, 0x00, 0x01, 0x04, 0x00, 0x00, 0x00, 0x00, 0x04, 0x01, 0x00, 0x00, 0x00, 0x00, 0x00, 0x00,
};

/* sparkles 16px */
static const uint8_t icon_sparkles_16_map[] = {
    0x00, 0x00, 0x00, 0x00, 0x00, 0x00, 0x00, 0x00, 0x00, 0x00, 0x00, 0x00, 0x00, 0x00, 0x00, 0x00,
    0x00, 0x00, 0x00, 0x00, 0x00, 0x02, 0x02, 0x00, 0x00, 0x01, 0x01, 0x11, 0x11, 0x01, 0x01, 0x00,
    0x00, 0x00, 0x00, 0x00, 0x00, 0x00, 0x00, 0x00, 0x00, 0x00, 0x00, 0xc3, 0xc3, 0x00, 0x00, 0x00,
    0x00, 0x00, 0x00, 0x02, 0x01, 0x8d, 0x8c, 0x01, 0x01, 0x13, 0xc5, 0xfe, 0xfe, 0xc5, 0x12, 0x00,
    0x00, 0x00, 0x01, 0x03, 0x00, 0xe4, 0xe3, 0x00, 0x03, 0x12, 0xc4, 0xff, 0xff, 0xc5, 0x10, 0x00,
    0x00, 0x02, 0x02, 0x00, 0x32, 0xfa, 0xfa, 0x31, 0x00, 0x00, 0x00, 0xc1, 0xc0, 0x00, 0x00, 0x00,
    0x00, 0x00, 0x02, 0x3a, 0xe1, 0xf6, 0xf7, 0xe1, 0x3a, 0x03, 0x00, 0x0f, 0x0f, 0x01, 0x01, 0x00,
    0x00, 0x8a, 0xe0, 0xff, 0xf0, 0x35, 0x36, 0xf0, 0xff, 0xdf, 0x8b, 0x00, 0x00, 0x00, 0x00, 0x00,
    0x00, 0x85, 0xe0, 0xff, 0xf0, 0x33, 0x34, 0xf1, 0xff, 0xdf, 0x87, 0x00, 0x00, 0x00, 0x00, 0x00,
    0x00, 0x00, 0x02, 0x3a, 0xe2, 0xf3, 0xf4, 0xe1, 0x3a, 0x03, 0x00, 0x11, 0x11, 0x01, 0x01, 0x00,
    0x00, 0x02, 0x02, 0x00, 0x35, 0xfc, 0xfc, 0x34, 0x00, 0x00, 0x00, 0xc3, 0xc2, 0x00, 0x00, 0x00,
    0x00, 0x00, 0x01, 0x03, 0x00, 0xe4, 0xe3, 0x00, 0x02, 0x14, 0xc5, 0xfe, 0xfe, 0xc5, 0x12, 0x00,
    0x00, 0x00, 0x00, 0x02, 0x01, 0x89, 0x88, 0x01, 0x02, 0x11, 0xc4, 0xff, 0xff, 0xc5, 0x10, 0x00,
    0x00, 0x00, 0x00, 0x00, 0x00, 0x00, 0x00, 0x00, 0x01, 0x00, 0x00, 0xc1, 0xc1, 0x00, 0x00, 0x00,
    0x00, 0x00, 0x00, 0x00, 0x00, 0x02, 0x02, 0x00, 0x00, 0x01, 0x01, 0x0f, 0x0f, 0x01, 0x01, 0x00,
    0x00, 0x00, 0x00, 0x00, 0x00, 0x00, 0x00, 0x00, 0x00, 0x00, 0x00, 0x00, 0x00, 0x00, 0x00, 0x00,
};

/* sparkles 20px */
static const uint8_t icon_sparkles_20_map[] = {
    0x00, 0x00, 0x00, 0x00, 0x00, 0x00, 0x00, 0x00, 0x00, 0x00, 0x00, 0x00, 0x00, 0x00, 0x03, 0x03,
    0x00, 0x00, 0x00, 0x00, 0x00, 0x00, 0x00, 0x00, 0x00, 0x00, 0x00, 0x00, 0x00, 0x00, 0x00, 0x00,
    0x00, 0x01, 0x00, 0x00, 0x01, 0x00, 0x00, 0x00, 0x00, 0x00, 0x00, 0x00, 0x00, 0x00, 0x01, 0x02,
    0x01, 0x00, 0x00, 0x00, 0x03, 0x00, 0x53, 0x52, 0x00, 0x03, 0x00, 0x00, 0x00, 0x00, 0x00, 0x00,
    0x00, 0x00, 0x00, 0x00, 0x00, 0x00, 0x00, 0x01, 0x00, 0x05, 0xee, 0xed, 0x05, 0x00, 0x01, 0x00,
    0x00, 0x00, 0x00, 0x00, 0x02, 0x00, 0x2d, 0xbd, 0x2b, 0x00, 0x05, 0x01, 0x51, 0xe2, 0xfa, 0xfa,
    0xe2, 0x51, 0x01, 0x03, 0x00, 0x00, 0x00, 0x00, 0x04, 0x02, 0x61, 0xff, 0x60, 0x02, 0x07, 0x00,
    0x52, 0xdc, 0xf9, 0xf9, 0xdc, 0x52, 0x00, 0x03, 0x00, 0x00, 0x00, 0x01, 0x06, 0x00, 0x9d, 0xfa,
    0x9b, 0x00, 0x06, 0x02, 0x00, 0x01, 0xed, 0xec, 0x01, 0x00, 0x01, 0x00, 0x00, 0x01, 0x01, 0x00,
    0x00, 0x3f, 0xfa, 0xff, 0xf9, 0x3d, 0x00, 0x00, 0x04, 0x00, 0x58, 0x57, 0x00, 0x03, 0x00, 0x00,
    0x00, 0x00, 0x00, 0x11, 0x5f, 0xf7, 0xf6, 0x64, 0xf7, 0xf6, 0x5f, 0x10, 0x00, 0x00, 0x00, 0x00,
    0x01, 0x00, 0x00, 0x00, 0x00, 0x32, 0xd3, 0xee, 0xff, 0xe2, 0x3a, 0x00, 0x3a, 0xe3, 0xff, 0xee,
    0xd3, 0x31, 0x04, 0x05, 0x00, 0x00, 0x00, 0x00, 0x00, 0x33, 0xd0, 0xe6, 0xff, 0xe4, 0x3c, 0x00,
    0x3d, 0xe5, 0xff, 0xe6, 0xd0, 0x33, 0x03, 0x05, 0x00, 0x00, 0x00, 0x00, 0x00, 0x00, 0x00, 0x0c,
    0x5c, 0xf5, 0xf6, 0x64, 0xf7, 0xf5, 0x5b, 0x0c, 0x00, 0x00, 0x00, 0x00, 0x01, 0x00, 0x00, 0x00,
    0x00, 0x01, 0x01, 0x00, 0x00, 0x3d, 0xf9, 0xff, 0xf8, 0x3c, 0x00, 0x00, 0x04, 0x00, 0x52, 0x52,
    0x00, 0x03, 0x00, 0x00, 0x00, 0x00, 0x00, 0x01, 0x06, 0x00, 0x98, 0xfa, 0x97, 0x00, 0x06, 0x02,
    0x00, 0x05, 0xee, 0xed, 0x05, 0x00, 0x01, 0x00, 0x00, 0x00, 0x00, 0x00, 0x04, 0x02, 0x5f, 0xff,
    0x5e, 0x02, 0x07, 0x01, 0x51, 0xe2, 0xfa, 0xfa, 0xe2, 0x51, 0x01, 0x03, 0x00, 0x00, 0x00, 0x00,
    0x02, 0x00, 0x2e, 0xbe, 0x2d, 0x00, 0x05, 0x00, 0x53, 0xdc, 0xf9, 0xf9, 0xdc, 0x52, 0x00, 0x03,
    0x00, 0x00, 0x00, 0x00, 0x00, 0x00, 0x00, 0x00, 0x00, 0x00, 0x00, 0x01, 0x00, 0x01, 0xed, 0xec,
    0x01, 0x00, 0x01, 0x00, 0x00, 0x00, 0x00, 0x00, 0x00, 0x00, 0x01, 0x02, 0x01, 0x00, 0x00, 0x00,
    0x03, 0x00, 0x58, 0x58, 0x00, 0x03, 0x00, 0x00, 0x00, 0x00, 0x00, 0x00, 0x00, 0x00, 0x00, 0x00,
    0x00, 0x00, 0x00, 0x00, 0x00, 0x01, 0x00, 0x00, 0x01, 0x00, 0x00, 0x00, 0x00, 0x00, 0x00, 0x00,
    0x00, 0x00, 0x00, 0x00, 0x00, 0x00, 0x00, 0x00, 0x00, 0x00, 0x03, 0x03, 0x00, 0x00, 0x00, 0x00,
};

/* sun 16px */
static const uint8_t icon_sun_16_map[] = {
    0x00, 0x00, 0x00, 0x01, 0x00, 0x00, 0x00, 0x00, 0x00, 0x00, 0x00, 0x01, 0x01, 0x00, 0x00, 0x00,
    0x00, 0x00, 0x00, 0x00, 0x00, 0x02, 0x00, 0x8a, 0x89, 0x00, 0x03, 0x00, 0x00, 0x00, 0x00, 0x00,
    0x00, 0x00, 0x00, 0x11, 0x00, 0x00, 0x02, 0xe9, 0xe9, 0x02, 0x01, 0x00, 0x11, 0x00, 0x00, 0x00,
    0x01, 0x00, 0x10, 0xf0, 0xa2, 0x06, 0x00, 0x36, 0x36, 0x00, 0x06, 0xa3, 0xf0, 0x0f, 0x00, 0x01,
    0x00, 0x02, 0x06, 0x9f, 0xd6, 0x00, 0x20, 0x56, 0x56, 0x20, 0x00, 0xd7, 0x9e, 0x06, 0x02, 0x00,
    0x00, 0x02, 0x00, 0x00, 0x00, 0x5a, 0xfc, 0xff, 0xff, 0xfb, 0x5a, 0x00, 0x00, 0x00, 0x02, 0x00,
    0x00, 0x00, 0x00, 0x00, 0x21, 0xf9, 0xd4, 0x3a, 0x3a, 0xd4, 0xf9, 0x20, 0x00, 0x00, 0x00, 0x00,
    0x00, 0x89, 0xd4, 0x39, 0x5b, 0xff, 0x37, 0x00, 0x00, 0x37, 0xff, 0x5a, 0x3a, 0xd4, 0x88, 0x00,
    0x00, 0x85, 0xd4, 0x35, 0x5c, 0xff, 0x33, 0x00, 0x00, 0x34, 0xff, 0x5b, 0x35, 0xd4, 0x84, 0x00,
    0x00, 0x00, 0x00, 0x00, 0x20, 0xfb, 0xd3, 0x3a, 0x3a, 0xd4, 0xfb, 0x20, 0x00, 0x00, 0x00, 0x00,
    0x00, 0x02, 0x00, 0x00, 0x00, 0x5c, 0xfc, 0xff, 0xff, 0xfb, 0x5b, 0x00, 0x00, 0x00, 0x02, 0x00,
    0x00, 0x02, 0x07, 0xa0, 0xd7, 0x00, 0x20, 0x57, 0x57, 0x20, 0x00, 0xd8, 0x9f, 0x07, 0x02, 0x00,
    0x01, 0x00, 0x0f, 0xec, 0xa0, 0x06, 0x00, 0x31, 0x30, 0x00, 0x06, 0xa0, 0xeb, 0x0e, 0x00, 0x01,
    0x00, 0x00, 0x00, 0x0d, 0x00, 0x00, 0x02, 0xe9, 0xe8, 0x02, 0x01, 0x00, 0x0c, 0x00, 0x00, 0x00,
    0x00, 0x00, 0x00, 0x00, 0x01, 0x02, 0x00, 0x86, 0x85, 0x00, 0x02, 0x01, 0x00, 0x00, 0x00, 0x00,
    0x00, 0x00, 0x00, 0x01, 0x00, 0x00, 0x00, 0x00, 0x00, 0x00, 0x00, 0x00, 0x01, 0x00, 0x00, 0x00,
};

/* sun 24px */
static const uint8_t icon_sun_24_map[] = {
    0x00, 0x00, 0x00, 0x00, 0x00, 0x00, 0x00, 0x00, 0x00, 0x00, 0x00, 0x00, 0x00, 0x00, 0x00, 0x00,
    0x00, 0x00, 0x00, 0x00, 0x00, 0x00, 0x00, 0x00, 0x00, 0x00, 0x00, 0x00, 0x00, 0x00, 0x00, 0x00,
    0x00, 0x00, 0x00, 0x04, 0x04, 0x00, 0x00, 0x00, 0x00, 0x00, 0x00, 0x00, 0x00, 0x00, 0x00, 0x00,
    0x00, 0x00, 0x00, 0x00, 0x01, 0x04, 0x01, 0x00, 0x01, 0x01, 0x06, 0xc6, 0xc6, 0x06, 0x01, 0x01,
    0x00, 0x01, 0x04, 0x01, 0x00, 0x00, 0x00, 0x00, 0x00, 0x00, 0x00, 0x00, 0x00, 0x00, 0x00, 0x01,
    0x01, 0x00, 0x11, 0xff, 0xff, 0x10, 0x00, 0x01, 0x01, 0x00, 0x00, 0x00, 0x00, 0x00, 0x00, 0x00,
    0x00, 0x00, 0x01, 0x00, 0x08, 0x5c, 0x16, 0x00, 0x02, 0x00, 0x06, 0xc6, 0xc5, 0x06, 0x01, 0x02,
    0x00, 0x16, 0x5c, 0x08, 0x00, 0x01, 0x00, 0x00, 0x00, 0x00, 0x04, 0x00, 0x61, 0xff, 0xcf, 0x1b,
    0x01, 0x05, 0x00, 0x01, 0x00, 0x00, 0x05, 0x01, 0x1b, 0xcf, 0xff, 0x60, 0x00, 0x04, 0x00, 0x00,
    0x00, 0x00, 0x01, 0x01, 0x1d, 0xca, 0xff, 0x44, 0x01, 0x00, 0x00, 0x0c, 0x0c, 0x00, 0x00, 0x02,
    0x45, 0xff, 0xca, 0x1d, 0x01, 0x01, 0x00, 0x00, 0x00, 0x00, 0x00, 0x01, 0x00, 0x13, 0x41, 0x01,
    0x00, 0x53, 0xba, 0xec, 0xec, 0xba, 0x52, 0x00, 0x01, 0x42, 0x12, 0x00, 0x01, 0x00, 0x00, 0x00,
    0x00, 0x00, 0x01, 0x01, 0x02, 0x00, 0x00, 0x00, 0x8b, 0xff, 0xff, 0xfb, 0xfb, 0xff, 0xff, 0x8a,
    0x00, 0x00, 0x00, 0x02, 0x01, 0x01, 0x00, 0x00, 0x00, 0x00, 0x00, 0x00, 0x00, 0x05, 0x02, 0x55,
    0xff, 0xf5, 0x70, 0x1c, 0x1d, 0x71, 0xf5, 0xff, 0x54, 0x03, 0x05, 0x00, 0x00, 0x00, 0x00, 0x00,
    0x00, 0x00, 0x01, 0x0f, 0x01, 0x01, 0x01, 0xc0, 0xfe, 0x6b, 0x00, 0x00, 0x00, 0x00, 0x6c, 0xfe,
    0xbf, 0x01, 0x01, 0x01, 0x0f, 0x00, 0x00, 0x01, 0x01, 0x07, 0xc6, 0xf3, 0xc5, 0x05, 0x0a, 0xec,
    0xf8, 0x14, 0x03, 0x03, 0x03, 0x03, 0x15, 0xf8, 0xeb, 0x0a, 0x05, 0xc6, 0xf3, 0xc5, 0x07, 0x01,
    0x01, 0x07, 0xc6, 0xf3, 0xc5, 0x05, 0x09, 0xea, 0xf9, 0x15, 0x03, 0x03, 0x03, 0x03, 0x16, 0xf9,
    0xea, 0x09, 0x05, 0xc6, 0xf3, 0xc5, 0x07, 0x01, 0x00, 0x00, 0x01, 0x0f, 0x01, 0x01, 0x01, 0xbf,
    0xfe, 0x6a, 0x00, 0x00, 0x00, 0x00, 0x6b, 0xfe, 0xbf, 0x01, 0x01, 0x01, 0x0f, 0x00, 0x00, 0x01,
    0x00, 0x00, 0x00, 0x00, 0x00, 0x05, 0x03, 0x52, 0xff, 0xf5, 0x6b, 0x1a, 0x1b, 0x6c, 0xf5, 0xff,
    0x51, 0x03, 0x05, 0x00, 0x00, 0x00, 0x00, 0x00, 0x00, 0x00, 0x01, 0x01, 0x02, 0x00, 0x00, 0x00,
    0x8a, 0xff, 0xff, 0xf9, 0xfa, 0xff, 0xff, 0x88, 0x00, 0x00, 0x00, 0x02, 0x01, 0x01, 0x00, 0x00,
    0x00, 0x00, 0x00, 0x01, 0x00, 0x15, 0x49, 0x01, 0x00, 0x5d, 0xc2, 0xed, 0xed, 0xc2, 0x5c, 0x00,
    0x01, 0x49, 0x15, 0x00, 0x01, 0x00, 0x00, 0x00, 0x00, 0x00, 0x01, 0x01, 0x1b, 0xcc, 0xff, 0x42,
    0x01, 0x00, 0x00, 0x0c, 0x0c, 0x00, 0x00, 0x01, 0x44, 0xff, 0xcb, 0x1b, 0x01, 0x01, 0x00, 0x00,
    0x00, 0x00, 0x04, 0x00, 0x60, 0xff, 0xce, 0x1b, 0x01, 0x05, 0x00, 0x00, 0x00, 0x00, 0x05, 0x02,
    0x1b, 0xcf, 0xff, 0x5f, 0x00, 0x04, 0x00, 0x00, 0x00, 0x00, 0x01, 0x00, 0x09, 0x5c, 0x16, 0x00,
    0x02, 0x00, 0x06, 0xc6, 0xc5, 0x06, 0x01, 0x02, 0x00, 0x16, 0x5c, 0x09, 0x00, 0x01, 0x00, 0x00,
    0x00, 0x00, 0x00, 0x00, 0x00, 0x00, 0x00, 0x01, 0x01, 0x00, 0x11, 0xff, 0xff, 0x10, 0x00, 0x01,
    0x01, 0x00, 0x00, 0x00, 0x00, 0x00, 0x00, 0x00, 0x00, 0x00, 0x00, 0x00, 0x01, 0x04, 0x01, 0x00,
    0x01, 0x01, 0x05, 0xc6, 0xc5, 0x05, 0x01, 0x01, 0x00, 0x01, 0x04, 0x01, 0x00, 0x00, 0x00, 0x00,
    0x00, 0x00, 0x00, 0x00, 0x00, 0x00, 0x00, 0x00, 0x00, 0x00, 0x00, 0x04, 0x04, 0x00, 0x00, 0x00,
    0x00, 0x00, 0x00, 0x00, 0x00, 0x00, 0x00, 0x00, 0x00, 0x00, 0x00, 0x00, 0x00, 0x00, 0x00, 0x00,
    0x00, 0x00, 0x00, 0x00, 0x00, 0x00, 0x00, 0x00, 0x00, 0x00, 0x00, 0x00, 0x00, 0x00, 0x00, 0x00,
};

/* sun 40px */
static const uint8_t icon_sun_40_map[] = {
    0x00, 0x00, 0x00, 0x00, 0x00, 0x00, 0x00, 0x00, 0x00, 0x00, 0x00, 0x00, 0x00, 0x00, 0x00, 0x00,
    0x00, 0x00, 0x00, 0x00, 0x00, 0x00, 0x00, 0x00, 0x00, 0x00, 0x00, 0x00, 0x00, 0x00, 0x00, 0x00,
    0x00, 0x00, 0x00, 0x00, 0x00, 0x00, 0x00, 0x00, 0x00, 0x00, 0x00, 0x00, 0x00, 0x00, 0x00, 0x00,
    0x00, 0x00, 0x00, 0x00, 0x00, 0x00, 0x00, 0x00, 0x00, 0x00, 0x01, 0x03, 0x03, 0x01, 0x00, 0x00,
    0x00, 0x00, 0x00, 0x00, 0x00, 0x00, 0x00, 0x00, 0x00, 0x00, 0x00, 0x00, 0x00, 0x00, 0x00, 0x00,
    0x00, 0x00, 0x00, 0x00, 0x00, 0x00, 0x00, 0x00, 0x00, 0x00, 0x00, 0x00, 0x00, 0x00, 0x00, 0x00,
    0x00, 0x00, 0x00, 0x00, 0x00, 0x00, 0x00, 0x00, 0x00, 0x00, 0x00, 0x00, 0x00, 0x00, 0x00, 0x00,
    0x00, 0x00, 0x00, 0x00, 0x00, 0x00, 0x00, 0x00, 0x00, 0x00, 0x00, 0x00, 0x00, 0x00, 0x00, 0x00,
    0x00, 0x00, 0x00, 0x00, 0x00, 0x00, 0x00, 0x00, 0x01, 0x00, 0x10, 0x90, 0x90, 0x0f, 0x00, 0x01,
    0x00, 0x00, 0x00, 0x00, 0x00, 0x00, 0x00, 0x00, 0x00, 0x00, 0x00, 0x00, 0x00, 0x00, 0x00, 0x00,
    0x00, 0x00, 0x00, 0x00, 0x00, 0x00, 0x00, 0x00, 0x00, 0x00, 0x00, 0x00, 0x00, 0x00, 0x00, 0x00,
    0x04, 0x00, 0x87, 0xff, 0xff, 0x86, 0x00, 0x04, 0x00, 0x00, 0x00, 0x00, 0x00, 0x00, 0x00, 0x00,
    0x00, 0x00, 0x00, 0x00, 0x00, 0x00, 0x00, 0x00, 0x00, 0x00, 0x00, 0x00, 0x00, 0x00, 0x00, 0x00,
    0x02, 0x03, 0x01, 0x00, 0x00, 0x00, 0x00, 0x00, 0x03, 0x00, 0xab, 0xfb, 0xfb, 0xab, 0x00, 0x03,
    0x00, 0x00, 0x00, 0x00, 0x00, 0x01, 0x03, 0x02, 0x00, 0x00, 0x00, 0x00, 0x00, 0x00, 0x00, 0x00,
    0x00, 0x00, 0x00, 0x00, 0x00, 0x00, 0x00, 0x01, 0x00, 0x00, 0x00, 0x01, 0x00, 0x00, 0x00, 0x00,
    0x03, 0x00, 0xac, 0xfd, 0xfe, 0xac, 0x00, 0x03, 0x00, 0x00, 0x00, 0x00, 0x01, 0x00, 0x00, 0x00,
    0x01, 0x00, 0x00, 0x00, 0x00, 0x00, 0x00, 0x00, 0x00, 0x00, 0x00, 0x00, 0x00, 0x00, 0x01, 0x00,
    0x1f, 0x46, 0x06, 0x00, 0x01, 0x00, 0x00, 0x00, 0x03, 0x00, 0x62, 0xff, 0xff, 0x61, 0x00, 0x03,
    0x00, 0x00, 0x00, 0x01, 0x00, 0x06, 0x46, 0x1e, 0x00, 0x01, 0x00, 0x00, 0x00, 0x00, 0x00, 0x00,
    0x00, 0x00, 0x00, 0x00, 0x00, 0x02, 0x00, 0x27, 0xe9, 0xff, 0xc4, 0x13, 0x00, 0x01, 0x00, 0x00,
    0x00, 0x00, 0x00, 0x3f, 0x3f, 0x00, 0x00, 0x00, 0x00, 0x00, 0x01, 0x00, 0x13, 0xc4, 0xff, 0xe8,
    0x27, 0x00, 0x02, 0x00, 0x00, 0x00, 0x00, 0x00, 0x00, 0x00, 0x00, 0x00, 0x00, 0x03, 0x00, 0x4f,
    0xff, 0xf5, 0xff, 0xbc, 0x06, 0x02, 0x01, 0x00, 0x00, 0x01, 0x03, 0x00, 0x00, 0x03, 0x01, 0x00,
    0x00, 0x01, 0x02, 0x06, 0xbd, 0xff, 0xf5, 0xff, 0x4d, 0x00, 0x03, 0x00, 0x00, 0x00, 0x00, 0x00,
    0x00, 0x00, 0x00, 0x00, 0x00, 0x01, 0x02, 0x0c, 0xc2, 0xff, 0xfc, 0xff, 0x26, 0x00, 0x02, 0x01,
    0x03, 0x00, 0x00, 0x00, 0x00, 0x00, 0x00, 0x03, 0x01, 0x02, 0x00, 0x27, 0xff, 0xfc, 0xff, 0xc1,
    0x0b, 0x02, 0x01, 0x00, 0x00, 0x00, 0x00, 0x00, 0x00, 0x00, 0x00, 0x00, 0x00, 0x00, 0x01, 0x00,
    0x11, 0xbc, 0xfd, 0xb5, 0x09, 0x01, 0x03, 0x00, 0x00, 0x08, 0x34, 0x48, 0x48, 0x34, 0x07, 0x00,
    0x00, 0x03, 0x01, 0x0a, 0xb5, 0xfd, 0xbc, 0x10, 0x00, 0x01, 0x00, 0x00, 0x00, 0x00, 0x00, 0x00,
    0x00, 0x00, 0x00, 0x00, 0x00, 0x00, 0x00, 0x01, 0x00, 0x02, 0x2b, 0x02, 0x00, 0x03, 0x00, 0x14,
    0x85, 0xdc, 0xff, 0xff, 0xff, 0xff, 0xdc, 0x85, 0x14, 0x00, 0x03, 0x00, 0x02, 0x2b, 0x02, 0x00,
    0x01, 0x00, 0x00, 0x00, 0x00, 0x00, 0x00, 0x00, 0x00, 0x00, 0x00, 0x00, 0x00, 0x00, 0x00, 0x00,
    0x01, 0x00, 0x00, 0x00, 0x03, 0x00, 0x3d, 0xdf, 0xff, 0xff, 0xfd, 0xff, 0xff, 0xfd, 0xff, 0xff,
    0xdf, 0x3c, 0x00, 0x03, 0x00, 0x00, 0x00, 0x01, 0x00, 0x00, 0x00, 0x00, 0x00, 0x00, 0x00, 0x00,
    0x00, 0x00, 0x00, 0x00, 0x00, 0x00, 0x00, 0x00, 0x00, 0x01, 0x02, 0x03, 0x00, 0x3e, 0xf8, 0xff,
    0xf9, 0xff, 0xff, 0xf1, 0xf1, 0xff, 0xff, 0xf9, 0xff, 0xf7, 0x3d, 0x00, 0x03, 0x02, 0x01, 0x00,
    0x00, 0x00, 0x00, 0x00, 0x00, 0x00, 0x00, 0x00, 0x00, 0x00, 0x00, 0x00, 0x00, 0x00, 0x00, 0x00,
    0x00, 0x00, 0x02, 0x01, 0x18, 0xe8, 0xff, 0xfa, 0xff, 0xab, 0x42, 0x16, 0x17, 0x42, 0xac, 0xff,
    0xfa, 0xff, 0xe8, 0x17, 0x01, 0x02, 0x00, 0x00, 0x00, 0x00, 0x00, 0x00, 0x00, 0x00, 0x00, 0x00,
    0x00, 0x00, 0x00, 0x01, 0x04, 0x03, 0x03, 0x03, 0x00, 0x00, 0x04, 0x00, 0x8d, 0xff, 0xf9, 0xff,
    0x74, 0x00, 0x00, 0x00, 0x00, 0x00, 0x00, 0x75, 0xff, 0xf9, 0xff, 0x8b, 0x00, 0x04, 0x00, 0x00,
    0x03, 0x03, 0x03, 0x04, 0x01, 0x00, 0x00, 0x00, 0x00, 0x00, 0x00, 0x00, 0x00, 0x00, 0x00, 0x00,
    0x00, 0x01, 0x00, 0x09, 0xe2, 0xfd, 0xff, 0xaa, 0x00, 0x05, 0x03, 0x01, 0x01, 0x03, 0x05, 0x00,
    0xaa, 0xff, 0xfd, 0xe1, 0x09, 0x00, 0x01, 0x00, 0x00, 0x00, 0x00, 0x00, 0x00, 0x00, 0x00, 0x00,
    0x00, 0x01, 0x00, 0x0f, 0x8c, 0xb0, 0xac, 0x64, 0x00, 0x03, 0x00, 0x31, 0xff, 0xfd, 0xfe, 0x3c,
    0x02, 0x04, 0x00, 0x00, 0x00, 0x00, 0x04, 0x02, 0x3d, 0xfe, 0xfd, 0xff, 0x30, 0x00, 0x03, 0x00,
    0x64, 0xac, 0xb0, 0x8b, 0x0f, 0x00, 0x01, 0x00, 0x00, 0x04, 0x00, 0x8a, 0xff, 0xff, 0xff, 0xff,
    0x38, 0x00, 0x00, 0x4b, 0xff, 0xff, 0xf2, 0x16, 0x00, 0x01, 0x00, 0x00, 0x00, 0x00, 0x01, 0x00,
    0x17, 0xf3, 0xff, 0xff, 0x4a, 0x00, 0x00, 0x39, 0xff, 0xff, 0xff, 0xff, 0x89, 0x00, 0x04, 0x00,
    0x00, 0x04, 0x00, 0x90, 0xff, 0xff, 0xff, 0xff, 0x3d, 0x00, 0x00, 0x4e, 0xff, 0xff, 0xf3, 0x18,
    0x00, 0x01, 0x00, 0x00, 0x00, 0x00, 0x01, 0x00, 0x18, 0xf4, 0xff, 0xff, 0x4d, 0x00, 0x00, 0x3e,
    0xff, 0xff, 0xff, 0xff, 0x8f, 0x00, 0x04, 0x00, 0x00, 0x01, 0x00, 0x11, 0x8c, 0xb0, 0xac, 0x64,
    0x00, 0x03, 0x00, 0x34, 0xfe, 0xfd, 0xff, 0x3c, 0x01, 0x04, 0x00, 0x00, 0x00, 0x00, 0x04, 0x01,
    0x3d, 0xff, 0xfd, 0xfe, 0x33, 0x00, 0x03, 0x00, 0x65, 0xac, 0xb0, 0x8c, 0x10, 0x00, 0x01, 0x00,
    0x00, 0x00, 0x00, 0x00, 0x00, 0x00, 0x00, 0x00, 0x00, 0x01, 0x00, 0x0b, 0xe6, 0xfd, 0xff, 0xad,
    0x00, 0x05, 0x03, 0x01, 0x01, 0x03, 0x05, 0x00, 0xae, 0xff, 0xfd, 0xe5, 0x0a, 0x00, 0x01, 0x00,
    0x00, 0x00, 0x00, 0x00, 0x00, 0x00, 0x00, 0x00, 0x00, 0x00, 0x00, 0x01, 0x04, 0x03, 0x03, 0x03,
    0x00, 0x00, 0x03, 0x00, 0x8f, 0xff, 0xf9, 0xff, 0x75, 0x00, 0x00, 0x00, 0x00, 0x00, 0x00, 0x76,
    0xff, 0xf9, 0xff, 0x8e, 0x00, 0x03, 0x00, 0x00, 0x03, 0x03, 0x03, 0x04, 0x01, 0x00, 0x00, 0x00,
    0x00, 0x00, 0x00, 0x00, 0x00, 0x00, 0x00, 0x00, 0x00, 0x00, 0x02, 0x01, 0x18, 0xe8, 0xff, 0xfa,
    0xff, 0xa2, 0x3a, 0x16, 0x16, 0x3a, 0xa2, 0xff, 0xfa, 0xff, 0xe7, 0x17, 0x01, 0x02, 0x00, 0x00,
    0x00, 0x00, 0x00, 0x00, 0x00, 0x00, 0x00, 0x00, 0x00, 0x00, 0x00, 0x00, 0x00, 0x00, 0x00, 0x00,
    0x00, 0x01, 0x02, 0x03, 0x00, 0x43, 0xf9, 0xff, 0xf9, 0xff, 0xff, 0xf1, 0xf1, 0xff, 0xff, 0xf9,
    0xff, 0xf9, 0x43, 0x00, 0x03, 0x02, 0x01, 0x00, 0x00, 0x00, 0x00, 0x00, 0x00, 0x00, 0x00, 0x00,
    0x00, 0x00, 0x00, 0x00, 0x00, 0x00, 0x00, 0x00, 0x01, 0x00, 0x00, 0x00, 0x03, 0x00, 0x40, 0xe3,
    0xff, 0xff, 0xfd, 0xff, 0xff, 0xfd, 0xff, 0xff, 0xe3, 0x3f, 0x00, 0x03, 0x00, 0x00, 0x00, 0x01,
    0x00, 0x00, 0x00, 0x00, 0x00, 0x00, 0x00, 0x00, 0x00, 0x00, 0x00, 0x00, 0x00, 0x00, 0x00, 0x01,
    0x00, 0x02, 0x2b, 0x02, 0x00, 0x04, 0x00, 0x17, 0x89, 0xdf, 0xff, 0xff, 0xff, 0xff, 0xdf, 0x89,
    0x16, 0x00, 0x04, 0x00, 0x03, 0x2b, 0x01, 0x00, 0x01, 0x00, 0x00, 0x00, 0x00, 0x00, 0x00, 0x00,
    0x00, 0x00, 0x00, 0x00, 0x00, 0x00, 0x01, 0x00, 0x10, 0xbc, 0xfd, 0xb1, 0x06, 0x01, 0x03, 0x00,
    0x00, 0x0a, 0x35, 0x48, 0x48, 0x35, 0x0a, 0x00, 0x00, 0x03, 0x01, 0x06, 0xb2, 0xfd, 0xbb, 0x10,
    0x00, 0x01, 0x00, 0x00, 0x00, 0x00, 0x00, 0x00, 0x00, 0x00, 0x00, 0x00, 0x00, 0x01, 0x02, 0x0b,
    0xc1, 0xff, 0xfd, 0xff, 0x26, 0x00, 0x02, 0x01, 0x03, 0x00, 0x00, 0x00, 0x00, 0x00, 0x00, 0x03,
    0x01, 0x02, 0x00, 0x27, 0xff, 0xfc, 0xff, 0xc1, 0x0b, 0x02, 0x01, 0x00, 0x00, 0x00, 0x00, 0x00,
    0x00, 0x00, 0x00, 0x00, 0x00, 0x03, 0x00, 0x4b, 0xff, 0xf5, 0xff, 0xc0, 0x09, 0x02, 0x01, 0x00,
    0x00, 0x01, 0x03, 0x00, 0x00, 0x03, 0x01, 0x00, 0x00, 0x01, 0x02, 0x09, 0xc1, 0xff, 0xf5, 0xff,
    0x4b, 0x00, 0x03, 0x00, 0x00, 0x00, 0x00, 0x00, 0x00, 0x00, 0x00, 0x00, 0x00, 0x01, 0x00, 0x22,
    0xeb, 0xff, 0xc5, 0x12, 0x00, 0x01, 0x00, 0x00, 0x00, 0x00, 0x00, 0x38, 0x38, 0x00, 0x00, 0x00,
    0x00, 0x00, 0x01, 0x00, 0x13, 0xc6, 0xff, 0xeb, 0x22, 0x00, 0x01, 0x00, 0x00, 0x00, 0x00, 0x00,
    0x00, 0x00, 0x00, 0x00, 0x00, 0x00, 0x01, 0x00, 0x24, 0x4a, 0x09, 0x00, 0x01, 0x00, 0x00, 0x00,
    0x03, 0x00, 0x67, 0xff, 0xff, 0x66, 0x00, 0x03, 0x00, 0x00, 0x00, 0x01, 0x00, 0x09, 0x4a, 0x24,
    0x00, 0x01, 0x00, 0x00, 0x00, 0x00, 0x00, 0x00, 0x00, 0x00, 0x00, 0x00, 0x00, 0x00, 0x00, 0x01,
    0x00, 0x00, 0x00, 0x01, 0x00, 0x00, 0x00, 0x00, 0x03, 0x00, 0xae, 0xfe, 0xfe, 0xad, 0x00, 0x03,
    0x00, 0x00, 0x00, 0x00, 0x01, 0x00, 0x00, 0x00, 0x01, 0x00, 0x00, 0x00, 0x00, 0x00, 0x00, 0x00,
    0x00, 0x00, 0x00, 0x00, 0x00, 0x00, 0x00, 0x00, 0x02, 0x03, 0x01, 0x00, 0x00, 0x00, 0x00, 0x00,
    0x03, 0x00, 0xab, 0xfb, 0xfb, 0xab, 0x00, 0x03, 0x00, 0x00, 0x00, 0x00, 0x00, 0x01, 0x03, 0x02,
    0x00, 0x00, 0x00, 0x00, 0x00, 0x00, 0x00, 0x00, 0x00, 0x00, 0x00, 0x00, 0x00, 0x00, 0x00, 0x00,
    0x00, 0x00, 0x00, 0x00, 0x00, 0x00, 0x00, 0x00, 0x04, 0x00, 0x8c, 0xff, 0xff, 0x8c, 0x00, 0x04,
    0x00, 0x00, 0x00, 0x00, 0x00, 0x00, 0x00, 0x00, 0x00, 0x00, 0x00, 0x00, 0x00, 0x00, 0x00, 0x00,
    0x00, 0x00, 0x00, 0x00, 0x00, 0x00, 0x00, 0x00, 0x00, 0x00, 0x00, 0x00, 0x00, 0x00, 0x00, 0x00,
    0x01, 0x00, 0x11, 0x90, 0x90, 0x11, 0x00, 0x01, 0x00, 0x00, 0x00, 0x00, 0x00, 0x00, 0x00, 0x00,
    0x00, 0x00, 0x00, 0x00, 0x00, 0x00, 0x00, 0x00, 0x00, 0x00, 0x00, 0x00, 0x00, 0x00, 0x00, 0x00,
    0x00, 0x00, 0x00, 0x00, 0x00, 0x00, 0x00, 0x00, 0x00, 0x00, 0x00, 0x00, 0x00, 0x00, 0x00, 0x00,
    0x00, 0x00, 0x00, 0x00, 0x00, 0x00, 0x00, 0x00, 0x00, 0x00, 0x00, 0x00, 0x00, 0x00, 0x00, 0x00,
    0x00, 0x00, 0x00, 0x00, 0x00, 0x00, 0x00, 0x00, 0x00, 0x00, 0x00, 0x00, 0x00, 0x00, 0x00, 0x00,
    0x00, 0x00, 0x01, 0x03, 0x03, 0x01, 0x00, 0x00, 0x00, 0x00, 0x00, 0x00, 0x00, 0x00, 0x00, 0x00,
    0x00, 0x00, 0x00, 0x00, 0x00, 0x00, 0x00, 0x00, 0x00, 0x00, 0x00, 0x00, 0x00, 0x00, 0x00, 0x00,
    0x00, 0x00, 0x00, 0x00, 0x00, 0x00, 0x00, 0x00, 0x00, 0x00, 0x00, 0x00, 0x00, 0x00, 0x00, 0x00,
    0x00, 0x00, 0x00, 0x00, 0x00, 0x00, 0x00, 0x00, 0x00, 0x00, 0x00, 0x00, 0x00, 0x00, 0x00, 0x00,
};

/* sun 96px */
static const uint8_t icon_sun_96_map[] = {
    0x00, 0x00, 0x00, 0x00, 0x00, 0x00, 0x00, 0x00, 0x00, 0x00, 0x00, 0x00, 0x00, 0x00, 0x00, 0x00,
    0x00, 0x00, 0x00, 0x00, 0x00, 0x00, 0x00, 0x00, 0x00, 0x00, 0x00, 0x00, 0x00, 0x00, 0x00, 0x00,
    0x00, 0x00, 0x00, 0x00, 0x00, 0x00, 0x00, 0x00, 0x00, 0x00, 0x00, 0x00, 0x00, 0x00, 0x00, 0x00,
    0x00, 0x00, 0x00, 0x00, 0x00, 0x00, 0x00, 0x00, 0x00, 0x00, 0x00, 0x00, 0x00, 0x00, 0x00, 0x00,
    0x00, 0x00, 0x00, 0x00, 0x00, 0x00, 0x00, 0x00, 0x00, 0x00, 0x00, 0x00, 0x00, 0x00, 0x00, 0x00,
    0x00, 0x00, 0x00, 0x00, 0x00, 0x00, 0x00, 0x00, 0x00, 0x00, 0x00, 0x00, 0x00, 0x00, 0x00, 0x00,
    0x00, 0x00, 0x00, 0x00, 0x00, 0x00, 0x00, 0x00, 0x00, 0x00, 0x00, 0x00, 0x00, 0x00, 0x00, 0x00,
    0x00, 0x00, 0x00, 0x00, 0x00, 0x00, 0x00, 0x00, 0x00, 0x00, 0x00, 0x00, 0x00, 0x00, 0x00, 0x00,
    0x00, 0x00, 0x00, 0x00, 0x00, 0x00, 0x00, 0x00, 0x00, 0x00, 0x00, 0x00, 0x00, 0x00, 0x00, 0x00,
    0x00, 0x00, 0x00, 0x00, 0x00, 0x00, 0x00, 0x00, 0x00, 0x00, 0x00, 0x00, 0x00, 0x00, 0x00, 0x00,
    0x00, 0x00, 0x00, 0x00, 0x00, 0x00, 0x00, 0x00, 0x00, 0x00, 0x00, 0x00, 0x00, 0x00, 0x00, 0x00,
    0x00, 0x00, 0x00, 0x00, 0x00, 0x00, 0x00, 0x00, 0x00, 0x00, 0x00, 0x00, 0x00, 0x00, 0x00, 0x00,
    0x00, 0x00, 0x00, 0x00, 0x00, 0x00, 0x00, 0x00, 0x00, 0x00, 0x00, 0x00, 0x00, 0x00, 0x00, 0x00,
    0x00, 0x00, 0x00, 0x00, 0x00, 0x00, 0x00, 0x00, 0x00, 0x00, 0x00, 0x00, 0x00, 0x00, 0x00, 0x00,
    0x00, 0x00, 0x00, 0x00, 0x00, 0x00, 0x00, 0x00, 0x00, 0x00, 0x00, 0x00, 0x00, 0x00, 0x00, 0x00,
    0x00, 0x00, 0x00, 0x00, 0x00, 0x00, 0x00, 0x00, 0x00, 0x00, 0x00, 0x00, 0x00, 0x00, 0x00, 0x00,
    0x00, 0x00, 0x00, 0x00, 0x00, 0x00, 0x00, 0x00, 0x00, 0x00, 0x00, 0x00, 0x00, 0x00, 0x00, 0x00,
    0x00, 0x00, 0x00, 0x00, 0x00, 0x00, 0x00, 0x00, 0x00, 0x00, 0x00, 0x00, 0x00, 0x00, 0x00, 0x00,
    0x00, 0x00, 0x00, 0x00, 0x00, 0x00, 0x00, 0x00, 0x00, 0x00, 0x00, 0x00, 0x00, 0x00, 0x00, 0x00,
    0x00, 0x00, 0x00, 0x00, 0x00, 0x00, 0x00, 0x00, 0x00, 0x00, 0x00, 0x00, 0x00, 0x00, 0x00, 0x00,
    0x00, 0x00, 0x00, 0x00, 0x00, 0x00, 0x00, 0x00, 0x00, 0x00, 0x00, 0x00, 0x00, 0x00, 0x00, 0x00,
    0x00, 0x00, 0x00, 0x00, 0x00, 0x00, 0x00, 0x00, 0x00, 0x00, 0x00, 0x00, 0x00, 0x00, 0x00, 0x00,
    0x00, 0x00, 0x00, 0x00, 0x00, 0x00, 0x00, 0x00, 0x00, 0x00, 0x00, 0x00, 0x00, 0x00, 0x00, 0x00,
    0x00, 0x00, 0x00, 0x00, 0x00, 0x00, 0x00, 0x00, 0x00, 0x00, 0x00, 0x00, 0x00, 0x00, 0x00, 0x00,
    0x00, 0x00, 0x00, 0x00, 0x00, 0x00, 0x00, 0x00, 0x00, 0x00, 0x00, 0x00, 0x00, 0x00, 0x00, 0x00,
    0x00, 0x00, 0x00, 0x00, 0x00, 0x00, 0x00, 0x00, 0x00, 0x00, 0x00, 0x00, 0x00, 0x00, 0x00, 0x00,
    0x00, 0x00, 0x00, 0x00, 0x00, 0x00, 0x00, 0x00, 0x00, 0x00, 0x00, 0x00, 0x00, 0x00, 0x00, 0x00,
    0x00, 0x00, 0x00, 0x00, 0x00, 0x00, 0x00, 0x00, 0x00, 0x00, 0x00, 0x00, 0x00, 0x00, 0x00, 0x00,
    0x00, 0x00, 0x00, 0x00, 0x00, 0x00, 0x00, 0x00, 0x00, 0x00, 0x00, 0x00, 0x00, 0x00, 0x00, 0x00,
    0x00, 0x00, 0x00, 0x00, 0x00, 0x00, 0x00, 0x00, 0x00, 0x00, 0x00, 0x00, 0x00, 0x00, 0x00, 0x00,
    0x00, 0x00, 0x00, 0x00, 0x00, 0x00, 0x00, 0x00, 0x00, 0x00, 0x00, 0x00, 0x00, 0x00, 0x00, 0x00,
    0x00, 0x00, 0x00, 0x00, 0x00, 0x00, 0x00, 0x00, 0x00, 0x00, 0x00, 0x00, 0x00, 0x00, 0x00, 0x00,
    0x00, 0x00, 0x00, 0x00, 0x00, 0x00, 0x00, 0x00, 0x00, 0x00, 0x00, 0x00, 0x00, 0x00, 0x00, 0x01,
    0x01, 0x00, 0x00, 0x00, 0x00, 0x00, 0x00, 0x00, 0x00, 0x00, 0x00, 0x00, 0x00, 0x00, 0x00, 0x00,
    0x00, 0x00, 0x00, 0x00, 0x00, 0x00, 0x00, 0x00, 0x00, 0x00, 0x00, 0x00, 0x00, 0x00, 0x00, 0x00,
    0x00, 0x00, 0x00, 0x00, 0x00, 0x00, 0x00, 0x00, 0x00, 0x00, 0x00, 0x00, 0x00, 0x00, 0x00, 0x00,
    0x00, 0x00, 0x00, 0x00, 0x00, 0x00, 0x00, 0x00, 0x00, 0x00, 0x00, 0x00, 0x00, 0x00, 0x00, 0x00,
    0x00, 0x00, 0x00, 0x00, 0x00, 0x00, 0x00, 0x00, 0x00, 0x00, 0x00, 0x00, 0x00, 0x00, 0x00, 0x00,
    0x00, 0x00, 0x00, 0x00, 0x00, 0x00, 0x00, 0x00, 0x00, 0x00, 0x00, 0x00, 0x00, 0x02, 0x03, 0x00,
    0x00, 0x03, 0x02, 0x00, 0x00, 0x00, 0x00, 0x00, 0x00, 0x00, 0x00, 0x00, 0x00, 0x00, 0x00, 0x00,
    0x00, 0x00, 0x00, 0x00, 0x00, 0x00, 0x00, 0x00, 0x00, 0x00, 0x00, 0x00, 0x00, 0x00, 0x00, 0x00,
    0x00, 0x00, 0x00, 0x00, 0x00, 0x00, 0x00, 0x00, 0x00, 0x00, 0x00, 0x00, 0x00, 0x00, 0x00, 0x00,
    0x00, 0x00, 0x00, 0x00, 0x00, 0x00, 0x00, 0x00, 0x00, 0x00, 0x00, 0x00, 0x00, 0x00, 0x00, 0x00,
    0x00, 0x00, 0x00, 0x00, 0x00, 0x00, 0x00, 0x00, 0x00, 0x00, 0x00, 0x00, 0x00, 0x00, 0x00, 0x00,
    0x00, 0x00, 0x00, 0x00, 0x00, 0x00, 0x00, 0x00, 0x00, 0x00, 0x00, 0x00, 0x02, 0x00, 0x00, 0x0c,
    0x0c, 0x00, 0x00, 0x02, 0x00, 0x00, 0x00, 0x00, 0x00, 0x00, 0x00, 0x00, 0x00, 0x00, 0x00, 0x00,
    0x00, 0x00, 0x00, 0x00, 0x00, 0x00, 0x00, 0x00, 0x00, 0x00, 0x00, 0x00, 0x00, 0x00, 0x00, 0x00,
    0x00, 0x00, 0x00, 0x00, 0x00, 0x00, 0x00, 0x00, 0x00, 0x00, 0x00, 0x00, 0x00, 0x00, 0x00, 0x00,
    0x00, 0x00, 0x00, 0x00, 0x00, 0x00, 0x00, 0x00, 0x00, 0x00, 0x00, 0x00, 0x00, 0x00, 0x00, 0x00,
    0x00, 0x00, 0x00, 0x00, 0x00, 0x00, 0x00, 0x00, 0x00, 0x00, 0x00, 0x00, 0x00, 0x00, 0x00, 0x00,
    0x00, 0x00, 0x00, 0x00, 0x00, 0x00, 0x00, 0x00, 0x00, 0x00, 0x00, 0x02, 0x00, 0x27, 0xa9, 0xe6,
    0xe6, 0xa9, 0x27, 0x00, 0x01, 0x00, 0x00, 0x00, 0x00, 0x00, 0x00, 0x00, 0x00, 0x00, 0x00, 0x00,
    0x00, 0x00, 0x00, 0x00, 0x00, 0x00, 0x00, 0x00, 0x00, 0x00, 0x00, 0x00, 0x00, 0x00, 0x00, 0x00,
    0x00, 0x00, 0x00, 0x00, 0x00, 0x00, 0x00, 0x00, 0x00, 0x00, 0x00, 0x00, 0x00, 0x00, 0x00, 0x00,
    0x00, 0x00, 0x00, 0x00, 0x00, 0x00, 0x00, 0x00, 0x00, 0x00, 0x00, 0x00, 0x00, 0x00, 0x00, 0x00,
    0x00, 0x00, 0x00, 0x00, 0x00, 0x00, 0x00, 0x00, 0x00, 0x00, 0x00, 0x00, 0x00, 0x00, 0x00, 0x00,
    0x00, 0x00, 0x00, 0x00, 0x00, 0x00, 0x00, 0x00, 0x00, 0x00, 0x02, 0x01, 0x28, 0xea, 0xff, 0xff,
    0xff, 0xff, 0xea, 0x27, 0x01, 0x02, 0x00, 0x00, 0x00, 0x00, 0x00, 0x00, 0x00, 0x00, 0x00, 0x00,
    0x00, 0x00, 0x00, 0x00, 0x00, 0x00, 0x00, 0x00, 0x00, 0x00, 0x00, 0x00, 0x00, 0x00, 0x00, 0x00,
    0x00, 0x00, 0x00, 0x00, 0x00, 0x00, 0x00, 0x00, 0x00, 0x00, 0x00, 0x00, 0x00, 0x00, 0x00, 0x00,
    0x00, 0x00, 0x00, 0x00, 0x00, 0x00, 0x00, 0x00, 0x00, 0x00, 0x00, 0x00, 0x00, 0x00, 0x00, 0x00,
    0x00, 0x00, 0x00, 0x00, 0x00, 0x00, 0x00, 0x00, 0x00, 0x00, 0x00, 0x00, 0x00, 0x00, 0x00, 0x00,
    0x00, 0x00, 0x00, 0x00, 0x00, 0x00, 0x00, 0x00, 0x00, 0x00, 0x02, 0x00, 0xb0, 0xff, 0xf8, 0xfe,
    0xfe, 0xf8, 0xff, 0xaf, 0x00, 0x02, 0x00, 0x00, 0x00, 0x00, 0x00, 0x00, 0x00, 0x00, 0x00, 0x00,
    0x00, 0x00, 0x00, 0x00, 0x00, 0x00, 0x00, 0x00, 0x00, 0x00, 0x00, 0x00, 0x00, 0x00, 0x00, 0x00,
    0x00, 0x00, 0x00, 0x00, 0x00, 0x00, 0x00, 0x00, 0x00, 0x00, 0x00, 0x00, 0x00, 0x00, 0x00, 0x00,
    0x00, 0x00, 0x00, 0x00, 0x00, 0x00, 0x00, 0x00, 0x00, 0x00, 0x00, 0x00, 0x00, 0x00, 0x00, 0x00,
    0x00, 0x00, 0x00, 0x00, 0x00, 0x00, 0x00, 0x00, 0x00, 0x00, 0x00, 0x00, 0x00, 0x00, 0x00, 0x00,
    0x00, 0x00, 0x00, 0x00, 0x00, 0x00, 0x00, 0x00, 0x00, 0x01, 0x00, 0x0b, 0xe9, 0xfe, 0xfe, 0xff,
    0xff, 0xfe, 0xfe, 0xe8, 0x0b, 0x00, 0x01, 0x00, 0x00, 0x00, 0x00, 0x00, 0x00, 0x00, 0x00, 0x00,
    0x00, 0x00, 0x00, 0x00, 0x00, 0x00, 0x00, 0x00, 0x00, 0x00, 0x00, 0x00, 0x00, 0x00, 0x00, 0x00,
    0x00, 0x00, 0x00, 0x00, 0x00, 0x00, 0x00, 0x00, 0x00, 0x00, 0x00, 0x00, 0x00, 0x00, 0x00, 0x00,
    0x00, 0x00, 0x00, 0x00, 0x00, 0x00, 0x00, 0x00, 0x00, 0x00, 0x00, 0x00, 0x00, 0x00, 0x00, 0x00,
    0x00, 0x00, 0x00, 0x00, 0x00, 0x00, 0x00, 0x00, 0x00, 0x00, 0x00, 0x00, 0x00, 0x00, 0x00, 0x00,
    0x00, 0x00, 0x00, 0x00, 0x00, 0x00, 0x00, 0x00, 0x00, 0x01, 0x00, 0x12, 0xee, 0xff, 0xfe, 0xff,
    0xff, 0xfe, 0xff, 0xee, 0x12, 0x00, 0x01, 0x00, 0x00, 0x00, 0x00, 0x00, 0x00, 0x00, 0x00, 0x00,
    0x00, 0x00, 0x00, 0x00, 0x00, 0x00, 0x00, 0x00, 0x00, 0x00, 0x00, 0x00, 0x00, 0x00, 0x00, 0x00,
    0x00, 0x00, 0x00, 0x00, 0x00, 0x00, 0x00, 0x00, 0x00, 0x00, 0x00, 0x00, 0x00, 0x00, 0x00, 0x00,
    0x00, 0x00, 0x00, 0x00, 0x00, 0x00, 0x00, 0x00, 0x00, 0x00, 0x00, 0x00, 0x00, 0x00, 0x00, 0x00,
    0x00, 0x00, 0x00, 0x00, 0x00, 0x00, 0x00, 0x00, 0x00, 0x00, 0x00, 0x00, 0x00, 0x00, 0x00, 0x00,
    0x00, 0x00, 0x00, 0x00, 0x00, 0x00, 0x00, 0x00, 0x00, 0x01, 0x00, 0x11, 0xee, 0xff, 0xfe, 0xff,
    0xff, 0xfe, 0xff, 0xee, 0x11, 0x00, 0x01, 0x00, 0x00, 0x00, 0x00, 0x00, 0x00, 0x00, 0x00, 0x00,
    0x00, 0x00, 0x00, 0x00, 0x00, 0x00, 0x00, 0x00, 0x00, 0x00, 0x00, 0x00, 0x00, 0x00, 0x00, 0x00,
    0x00, 0x00, 0x00, 0x00, 0x00, 0x00, 0x00, 0x00, 0x00, 0x00, 0x00, 0x00, 0x00, 0x00, 0x00, 0x00,
    0x00, 0x00, 0x00, 0x00, 0x00, 0x00, 0x00, 0x00, 0x00, 0x00, 0x00, 0x00, 0x00, 0x00, 0x00, 0x00,
    0x00, 0x00, 0x00, 0x00, 0x00, 0x00, 0x00, 0x00, 0x00, 0x00, 0x00, 0x00, 0x00, 0x00, 0x00, 0x00,
    0x00, 0x00, 0x00, 0x00, 0x00, 0x00, 0x00, 0x00, 0x00, 0x01, 0x00, 0x11, 0xee, 0xff, 0xfe, 0xff,
    0xff, 0xfe, 0xff, 0xee, 0x11, 0x00, 0x01, 0x00, 0x00, 0x00, 0x00, 0x00, 0x00, 0x00, 0x00, 0x00,
    0x00, 0x00, 0x00, 0x00, 0x00, 0x00, 0x00, 0x00, 0x00, 0x00, 0x00, 0x00, 0x00, 0x00, 0x00, 0x00,
    0x00, 0x00, 0x00, 0x00, 0x00, 0x00, 0x00, 0x00, 0x00, 0x00, 0x00, 0x00, 0x00, 0x00, 0x00, 0x00,
    0x00, 0x00, 0x00, 0x00, 0x00, 0x00, 0x00, 0x00, 0x00, 0x00, 0x00, 0x00, 0x00, 0x00, 0x00, 0x00,
    0x00, 0x00, 0x00, 0x00, 0x00, 0x00, 0x00, 0x00, 0x00, 0x00, 0x00, 0x00, 0x00, 0x00, 0x00, 0x00,
    0x00, 0x00, 0x00, 0x00, 0x00, 0x00, 0x00, 0x00, 0x00, 0x01, 0x00, 0x12, 0xee, 0xff, 0xfe, 0xff,
    0xff, 0xfe, 0xff, 0xee, 0x12, 0x00, 0x01, 0x00, 0x00, 0x00, 0x00, 0x00, 0x00, 0x00, 0x00, 0x00,
    0x00, 0x00, 0x00, 0x00, 0x00, 0x00, 0x00, 0x00, 0x00, 0x00, 0x00, 0x00, 0x00, 0x00, 0x00, 0x00,
    0x00, 0x00, 0x00, 0x00, 0x00, 0x00, 0x00, 0x00, 0x00, 0x00, 0x00, 0x00, 0x00, 0x00, 0x00, 0x00,
    0x00, 0x00, 0x00, 0x00, 0x00, 0x00, 0x00, 0x00, 0x00, 0x00, 0x00, 0x00, 0x00, 0x00, 0x00, 0x00,
    0x00, 0x00, 0x00, 0x00, 0x02, 0x04, 0x03, 0x04, 0x01, 0x00, 0x00, 0x00, 0x00, 0x00, 0x00, 0x00,
    0x00, 0x00, 0x00, 0x00, 0x00, 0x00, 0x00, 0x00, 0x00, 0x01, 0x00, 0x0b, 0xe7, 0xfe, 0xfe, 0xff,
    0xff, 0xfe, 0xfe, 0xe7, 0x0b, 0x00, 0x01, 0x00, 0x00, 0x00, 0x00, 0x00, 0x00, 0x00, 0x00, 0x00,
    0x00, 0x00, 0x00, 0x00, 0x00, 0x00, 0x00, 0x01, 0x04, 0x03, 0x04, 0x02, 0x00, 0x00, 0x00, 0x00,
    0x00, 0x00, 0x00, 0x00, 0x00, 0x00, 0x00, 0x00, 0x00, 0x00, 0x00, 0x00, 0x00, 0x00, 0x00, 0x00,
    0x00, 0x00, 0x00, 0x00, 0x00, 0x00, 0x00, 0x00, 0x00, 0x00, 0x00, 0x00, 0x00, 0x00, 0x00, 0x00,
    0x00, 0x00, 0x00, 0x02, 0x00, 0x00, 0x00, 0x00, 0x00, 0x02, 0x00, 0x00, 0x00, 0x00, 0x00, 0x00,
    0x00, 0x00, 0x00, 0x00, 0x00, 0x00, 0x00, 0x00, 0x00, 0x00, 0x02, 0x00, 0xb1, 0xff, 0xf8, 0xfe,
    0xfe, 0xf8, 0xff, 0xb0, 0x00, 0x02, 0x00, 0x00, 0x00, 0x00, 0x00, 0x00, 0x00, 0x00, 0x00, 0x00,
    0x00, 0x00, 0x00, 0x00, 0x00, 0x00, 0x02, 0x00, 0x00, 0x00, 0x00, 0x00, 0x02, 0x00, 0x00, 0x00,
    0x00, 0x00, 0x00, 0x00, 0x00, 0x00, 0x00, 0x00, 0x00, 0x00, 0x00, 0x00, 0x00, 0x00, 0x00, 0x00,
    0x00, 0x00, 0x00, 0x00, 0x00, 0x00, 0x00, 0x00, 0x00, 0x00, 0x00, 0x00, 0x00, 0x00, 0x00, 0x00,
    0x00, 0x00, 0x02, 0x00, 0x27, 0x81, 0x9a, 0x73, 0x15, 0x00, 0x03, 0x00, 0x00, 0x00, 0x00, 0x00,
    0x00, 0x00, 0x00, 0x00, 0x00, 0x00, 0x00, 0x00, 0x00, 0x00, 0x02, 0x01, 0x2a, 0xeb, 0xff, 0xff,
    0xff, 0xff, 0xeb, 0x29, 0x01, 0x02, 0x00, 0x00, 0x00, 0x00, 0x00, 0x00, 0x00, 0x00, 0x00, 0x00,
    0x00, 0x00, 0x00, 0x00, 0x00, 0x03, 0x00, 0x15, 0x73, 0x9a, 0x80, 0x27, 0x00, 0x02, 0x00, 0x00,
    0x00, 0x00, 0x00, 0x00, 0x00, 0x00, 0x00, 0x00, 0x00, 0x00, 0x00, 0x00, 0x00, 0x00, 0x00, 0x00,
    0x00, 0x00, 0x00, 0x00, 0x00, 0x00, 0x00, 0x00, 0x00, 0x00, 0x00, 0x00, 0x00, 0x00, 0x00, 0x00,
    0x00, 0x02, 0x00, 0x5a, 0xf5, 0xff, 0xff, 0xff, 0xe2, 0x3b, 0x00, 0x04, 0x00, 0x00, 0x00, 0x00,
    0x00, 0x00, 0x00, 0x00, 0x00, 0x00, 0x00, 0x00, 0x00, 0x00, 0x00, 0x01, 0x00, 0x27, 0xa9, 0xe6,
    0xe6, 0xa9, 0x27, 0x00, 0x01, 0x00, 0x00, 0x00, 0x00, 0x00, 0x00, 0x00, 0x00, 0x00, 0x00, 0x00,
    0x00, 0x00, 0x00, 0x00, 0x04, 0x00, 0x3b, 0xe3, 0xff, 0xff, 0xff, 0xf5, 0x59, 0x00, 0x02, 0x00,
    0x00, 0x00, 0x00, 0x00, 0x00, 0x00, 0x00, 0x00, 0x00, 0x00, 0x00, 0x00, 0x00, 0x00, 0x00, 0x00,
    0x00, 0x00, 0x00, 0x00, 0x00, 0x00, 0x00, 0x00, 0x00, 0x00, 0x00, 0x00, 0x00, 0x00, 0x00, 0x00,
    0x02, 0x00, 0x25, 0xfa, 0xff, 0xfa, 0xfc, 0xfa, 0xff, 0xf1, 0x3a, 0x00, 0x04, 0x00, 0x00, 0x00,
    0x00, 0x00, 0x00, 0x00, 0x00, 0x00, 0x00, 0x00, 0x00, 0x00, 0x00, 0x00, 0x02, 0x00, 0x00, 0x0c,
    0x0c, 0x00, 0x00, 0x02, 0x00, 0x00, 0x00, 0x00, 0x00, 0x00, 0x00, 0x00, 0x00, 0x00, 0x00, 0x00,
    0x00, 0x00, 0x00, 0x04, 0x00, 0x3b, 0xf1, 0xff, 0xfa, 0xfc, 0xfa, 0xff, 0xfa, 0x25, 0x00, 0x02,
    0x00, 0x00, 0x00, 0x00, 0x00, 0x00, 0x00, 0x00, 0x00, 0x00, 0x00, 0x00, 0x00, 0x00, 0x00, 0x00,
    0x00, 0x00, 0x00, 0x00, 0x00, 0x00, 0x00, 0x00, 0x00, 0x00, 0x00, 0x00, 0x00, 0x00, 0x00, 0x00,
    0x04, 0x00, 0x7f, 0xff, 0xfa, 0xff, 0xff, 0xff, 0xfc, 0xff, 0xf0, 0x3a, 0x00, 0x02, 0x00, 0x00,
    0x00, 0x00, 0x00, 0x00, 0x00, 0x00, 0x00, 0x00, 0x00, 0x00, 0x00, 0x00, 0x00, 0x02, 0x03, 0x00,
    0x00, 0x03, 0x02, 0x00, 0x00, 0x00, 0x00, 0x00, 0x00, 0x00, 0x00, 0x00, 0x00, 0x00, 0x00, 0x00,
    0x00, 0x00, 0x02, 0x00, 0x3b, 0xf1, 0xff, 0xfc, 0xff, 0xff, 0xff, 0xfa, 0xff, 0x7d, 0x00, 0x04,
    0x00, 0x00, 0x00, 0x00, 0x00, 0x00, 0x00, 0x00, 0x00, 0x00, 0x00, 0x00, 0x00, 0x00, 0x00, 0x00,
    0x00, 0x00, 0x00, 0x00, 0x00, 0x00, 0x00, 0x00, 0x00, 0x00, 0x00, 0x00, 0x00, 0x00, 0x00, 0x00,
    0x04, 0x00, 0x97, 0xfd, 0xfb, 0xff, 0xff, 0xff, 0xff, 0xfd, 0xff, 0xf0, 0x30, 0x00, 0x02, 0x00,
    0x00, 0x00, 0x00, 0x00, 0x00, 0x00, 0x00, 0x00, 0x00, 0x00, 0x00, 0x00, 0x00, 0x00, 0x00, 0x01,
    0x01, 0x00, 0x00, 0x00, 0x00, 0x00, 0x00, 0x00, 0x00, 0x00, 0x00, 0x00, 0x00, 0x00, 0x00, 0x00,
    0x00, 0x02, 0x00, 0x31, 0xf0, 0xff, 0xfd, 0xff, 0xff, 0xff, 0xff, 0xfb, 0xfd, 0x96, 0x00, 0x04,
    0x00, 0x00, 0x00, 0x00, 0x00, 0x00, 0x00, 0x00, 0x00, 0x00, 0x00, 0x00, 0x00, 0x00, 0x00, 0x00,
    0x00, 0x00, 0x00, 0x00, 0x00, 0x00, 0x00, 0x00, 0x00, 0x00, 0x00, 0x00, 0x00, 0x00, 0x00, 0x00,
    0x04, 0x00, 0x70, 0xff, 0xfa, 0xff, 0xff, 0xff, 0xff, 0xff, 0xfb, 0xff, 0xcb, 0x03, 0x02, 0x01,
    0x00, 0x00, 0x00, 0x00, 0x00, 0x00, 0x00, 0x00, 0x00, 0x00, 0x00, 0x00, 0x00, 0x00, 0x00, 0x00,
    0x00, 0x00, 0x00, 0x00, 0x00, 0x00, 0x00, 0x00, 0x00, 0x00, 0x00, 0x00, 0x00, 0x00, 0x00, 0x00,
    0x00, 0x02, 0x04, 0xcc, 0xff, 0xfb, 0xff, 0xff, 0xff, 0xff, 0xff, 0xfa, 0xff, 0x6f, 0x00, 0x04,
    0x00, 0x00, 0x00, 0x00, 0x00, 0x00, 0x00, 0x00, 0x00, 0x00, 0x00, 0x00, 0x00, 0x00, 0x00, 0x00,
    0x00, 0x00, 0x00, 0x00, 0x00, 0x00, 0x00, 0x00, 0x00, 0x00, 0x00, 0x00, 0x00, 0x00, 0x00, 0x00,
    0x01, 0x01, 0x15, 0xe6, 0xff, 0xfc, 0xff, 0xff, 0xff, 0xff, 0xff, 0xfe, 0xfe, 0x2a, 0x00, 0x02,
    0x00, 0x00, 0x00, 0x00, 0x00, 0x00, 0x00, 0x00, 0x00, 0x00, 0x00, 0x00, 0x00, 0x00, 0x00, 0x00,
    0x00, 0x00, 0x00, 0x00, 0x00, 0x00, 0x00, 0x00, 0x00, 0x00, 0x00, 0x00, 0x00, 0x00, 0x00, 0x00,
    0x02, 0x00, 0x2b, 0xfe, 0xfe, 0xff, 0xff, 0xff, 0xff, 0xff, 0xfc, 0xff, 0xe5, 0x14, 0x01, 0x01,
    0x00, 0x00, 0x00, 0x00, 0x00, 0x00, 0x00, 0x00, 0x00, 0x00, 0x00, 0x00, 0x00, 0x00, 0x00, 0x00,
    0x00, 0x00, 0x00, 0x00, 0x00, 0x00, 0x00, 0x00, 0x00, 0x00, 0x00, 0x00, 0x00, 0x00, 0x00, 0x00,
    0x00, 0x02, 0x00, 0x3a, 0xf1, 0xff, 0xfc, 0xff, 0xff, 0xff, 0xff, 0xfe, 0xff, 0x34, 0x00, 0x03,
    0x00, 0x00, 0x00, 0x00, 0x00, 0x00, 0x00, 0x00, 0x00, 0x00, 0x00, 0x00, 0x00, 0x00, 0x01, 0x01,
    0x01, 0x01, 0x00, 0x00, 0x00, 0x00, 0x00, 0x00, 0x00, 0x00, 0x00, 0x00, 0x00, 0x00, 0x00, 0x00,
    0x03, 0x00, 0x35, 0xff, 0xfe, 0xff, 0xff, 0xff, 0xff, 0xfc, 0xff, 0xf1, 0x3a, 0x00, 0x02, 0x00,
    0x00, 0x00, 0x00, 0x00, 0x00, 0x00, 0x00, 0x00, 0x00, 0x00, 0x00, 0x00, 0x00, 0x00, 0x00, 0x00,
    0x00, 0x00, 0x00, 0x00, 0x00, 0x00, 0x00, 0x00, 0x00, 0x00, 0x00, 0x00, 0x00, 0x00, 0x00, 0x00,
    0x00, 0x00, 0x03, 0x00, 0x3c, 0xf0, 0xff, 0xfb, 0xff, 0xff, 0xfc, 0xfd, 0xec, 0x0f, 0x00, 0x01,
    0x00, 0x00, 0x00, 0x00, 0x00, 0x00, 0x00, 0x00, 0x00, 0x01, 0x03, 0x04, 0x03, 0x00, 0x00, 0x00,
    0x00, 0x00, 0x00, 0x03, 0x04, 0x03, 0x01, 0x00, 0x00, 0x00, 0x00, 0x00, 0x00, 0x00, 0x00, 0x00,
    0x01, 0x00, 0x0f, 0xed, 0xfd, 0xfc, 0xff, 0xff, 0xfb, 0xff, 0xef, 0x3b, 0x00, 0x03, 0x00, 0x00,
    0x00, 0x00, 0x00, 0x00, 0x00, 0x00, 0x00, 0x00, 0x00, 0x00, 0x00, 0x00, 0x00, 0x00, 0x00, 0x00,
    0x00, 0x00, 0x00, 0x00, 0x00, 0x00, 0x00, 0x00, 0x00, 0x00, 0x00, 0x00, 0x00, 0x00, 0x00, 0x00,
    0x00, 0x00, 0x00, 0x04, 0x00, 0x39, 0xed, 0xff, 0xff, 0xfe, 0xff, 0xff, 0x6e, 0x00, 0x03, 0x00,
    0x00, 0x00, 0x00, 0x00, 0x00, 0x00, 0x00, 0x02, 0x03, 0x00, 0x00, 0x00, 0x00, 0x00, 0x0b, 0x0f,
    0x0f, 0x0b, 0x00, 0x00, 0x00, 0x00, 0x00, 0x03, 0x02, 0x00, 0x00, 0x00, 0x00, 0x00, 0x00, 0x00,
    0x00, 0x03, 0x00, 0x6f, 0xff, 0xff, 0xfe, 0xff, 0xff, 0xed, 0x38, 0x00, 0x04, 0x00, 0x00, 0x00,
    0x00, 0x00, 0x00, 0x00, 0x00, 0x00, 0x00, 0x00, 0x00, 0x00, 0x00, 0x00, 0x00, 0x00, 0x00, 0x00,
    0x00, 0x00, 0x00, 0x00, 0x00, 0x00, 0x00, 0x00, 0x00, 0x00, 0x00, 0x00, 0x00, 0x00, 0x00, 0x00,
    0x00, 0x00, 0x00, 0x00, 0x04, 0x00, 0x2d, 0xbf, 0xfa, 0xff, 0xe1, 0x6b, 0x00, 0x02, 0x00, 0x00,
    0x00, 0x00, 0x00, 0x00, 0x00, 0x01, 0x03, 0x00, 0x00, 0x05, 0x36, 0x70, 0xa8, 0xce, 0xe5, 0xec,
    0xec, 0xe5, 0xce, 0xa7, 0x70, 0x36, 0x04, 0x00, 0x00, 0x03, 0x01, 0x00, 0x00, 0x00, 0x00, 0x00,
    0x00, 0x00, 0x02, 0x00, 0x6b, 0xe2, 0xff, 0xfa, 0xbf, 0x2d, 0x00, 0x04, 0x00, 0x00, 0x00, 0x00,
    0x00, 0x00, 0x00, 0x00, 0x00, 0x00, 0x00, 0x00, 0x00, 0x00, 0x00, 0x00, 0x00, 0x00, 0x00, 0x00,
    0x00, 0x00, 0x00, 0x00, 0x00, 0x00, 0x00, 0x00, 0x00, 0x00, 0x00, 0x00, 0x00, 0x00, 0x00, 0x00,
    0x00, 0x00, 0x00, 0x00, 0x00, 0x02, 0x00, 0x00, 0x27, 0x32, 0x0b, 0x00, 0x01, 0x00, 0x00, 0x00,
    0x00, 0x00, 0x00, 0x00, 0x03, 0x00, 0x00, 0x28, 0x8c, 0xd8, 0xff, 0xff, 0xff, 0xff, 0xff, 0xff,
    0xff, 0xff, 0xff, 0xff, 0xff, 0xff, 0xd8, 0x8c, 0x28, 0x00, 0x00, 0x03, 0x00, 0x00, 0x00, 0x00,
    0x00, 0x00, 0x00, 0x01, 0x00, 0x0c, 0x32, 0x27, 0x00, 0x00, 0x02, 0x00, 0x00, 0x00, 0x00, 0x00,
    0x00, 0x00, 0x00, 0x00, 0x00, 0x00, 0x00, 0x00, 0x00, 0x00, 0x00, 0x00, 0x00, 0x00, 0x00, 0x00,
    0x00, 0x00, 0x00, 0x00, 0x00, 0x00, 0x00, 0x00, 0x00, 0x00, 0x00, 0x00, 0x00, 0x00, 0x00, 0x00,
    0x00, 0x00, 0x00, 0x00, 0x00, 0x00, 0x02, 0x01, 0x00, 0x00, 0x00, 0x03, 0x00, 0x00, 0x00, 0x00,
    0x00, 0x00, 0x01, 0x03, 0x00, 0x1e, 0x9c, 0xf7, 0xff, 0xff, 0xfe, 0xfb, 0xfc, 0xfd, 0xfe, 0xfe,
    0xfe, 0xfe, 0xfd, 0xfc, 0xfb, 0xfe, 0xff, 0xff, 0xf7, 0x9b, 0x1d, 0x00, 0x03, 0x01, 0x00, 0x00,
    0x00, 0x00, 0x00, 0x00, 0x03, 0x00, 0x00, 0x00, 0x01, 0x02, 0x00, 0x00, 0x00, 0x00, 0x00, 0x00,
    0x00, 0x00, 0x00, 0x00, 0x00, 0x00, 0x00, 0x00, 0x00, 0x00, 0x00, 0x00, 0x00, 0x00, 0x00, 0x00,
    0x00, 0x00, 0x00, 0x00, 0x00, 0x00, 0x00, 0x00, 0x00, 0x00, 0x00, 0x00, 0x00, 0x00, 0x00, 0x00,
    0x00, 0x00, 0x00, 0x00, 0x00, 0x00, 0x00, 0x00, 0x02, 0x02, 0x01, 0x00, 0x00, 0x00, 0x00, 0x00,
    0x00, 0x01, 0x01, 0x00, 0x63, 0xed, 0xff, 0xff, 0xfb, 0xfd, 0xff, 0xff, 0xff, 0xff, 0xff, 0xff,
    0xff, 0xff, 0xff, 0xff, 0xff, 0xff, 0xfd, 0xfb, 0xff, 0xff, 0xec, 0x62, 0x00, 0x01, 0x01, 0x00,
    0x00, 0x00, 0x00, 0x00, 0x00, 0x01, 0x02, 0x02, 0x00, 0x00, 0x00, 0x00, 0x00, 0x00, 0x00, 0x00,
    0x00, 0x00, 0x00, 0x00, 0x00, 0x00, 0x00, 0x00, 0x00, 0x00, 0x00, 0x00, 0x00, 0x00, 0x00, 0x00,
    0x00, 0x00, 0x00, 0x00, 0x00, 0x00, 0x00, 0x00, 0x00, 0x00, 0x00, 0x00, 0x00, 0x00, 0x00, 0x00,
    0x00, 0x00, 0x00, 0x00, 0x00, 0x00, 0x00, 0x00, 0x00, 0x00, 0x00, 0x00, 0x00, 0x00, 0x00, 0x00,
    0x01, 0x00, 0x03, 0x9c, 0xff, 0xff, 0xfb, 0xfe, 0xff, 0xff, 0xff, 0xff, 0xff, 0xff, 0xff, 0xff,
    0xff, 0xff, 0xff, 0xff, 0xff, 0xff, 0xff, 0xff, 0xfe, 0xfb, 0xff, 0xff, 0x9b, 0x02, 0x00, 0x02,
    0x00, 0x00, 0x00, 0x00, 0x00, 0x00, 0x00, 0x00, 0x00, 0x00, 0x00, 0x00, 0x00, 0x00, 0x00, 0x00,
    0x00, 0x00, 0x00, 0x00, 0x00, 0x00, 0x00, 0x00, 0x00, 0x00, 0x00, 0x00, 0x00, 0x00, 0x00, 0x00,
    0x00, 0x00, 0x00, 0x00, 0x00, 0x00, 0x00, 0x00, 0x00, 0x00, 0x00, 0x00, 0x00, 0x00, 0x00, 0x00,
    0x00, 0x00, 0x00, 0x00, 0x00, 0x00, 0x00, 0x00, 0x00, 0x00, 0x00, 0x00, 0x00, 0x00, 0x00, 0x01,
    0x02, 0x06, 0xb0, 0xff, 0xfb, 0xfe, 0xff, 0xff, 0xff, 0xff, 0xff, 0xff, 0xff, 0xff, 0xfe, 0xfe,
    0xfe, 0xfe, 0xff, 0xff, 0xff, 0xff, 0xff, 0xff, 0xff, 0xff, 0xfe, 0xfb, 0xff, 0xb0, 0x06, 0x01,
    0x01, 0x00, 0x00, 0x00, 0x00, 0x00, 0x00, 0x00, 0x00, 0x00, 0x00, 0x00, 0x00, 0x00, 0x00, 0x00,
    0x00, 0x00, 0x00, 0x00, 0x00, 0x00, 0x00, 0x00, 0x00, 0x00, 0x00, 0x00, 0x00, 0x00, 0x00, 0x00,
    0x00, 0x00, 0x00, 0x00, 0x00, 0x00, 0x00, 0x00, 0x00, 0x00, 0x00, 0x00, 0x00, 0x00, 0x00, 0x00,
    0x00, 0x00, 0x00, 0x00, 0x00, 0x00, 0x00, 0x00, 0x00, 0x00, 0x00, 0x00, 0x00, 0x00, 0x01, 0x03,
    0x01, 0xac, 0xff, 0xfa, 0xff, 0xff, 0xff, 0xff, 0xff, 0xff, 0xff, 0xfd, 0xfb, 0xfd, 0xff, 0xff,
    0xff, 0xff, 0xfc, 0xfb, 0xfd, 0xff, 0xff, 0xff, 0xff, 0xff, 0xff, 0xff, 0xfa, 0xff, 0xae, 0x02,
    0x03, 0x01, 0x00, 0x00, 0x00, 0x00, 0x00, 0x00, 0x00, 0x00, 0x00, 0x00, 0x00, 0x00, 0x00, 0x00,
    0x00, 0x00, 0x00, 0x00, 0x00, 0x00, 0x00, 0x00, 0x00, 0x00, 0x00, 0x00, 0x00, 0x00, 0x00, 0x00,
    0x00, 0x00, 0x00, 0x00, 0x00, 0x00, 0x00, 0x00, 0x00, 0x00, 0x00, 0x00, 0x00, 0x00, 0x00, 0x00,
    0x00, 0x00, 0x00, 0x00, 0x00, 0x00, 0x00, 0x00, 0x00, 0x00, 0x00, 0x00, 0x00, 0x00, 0x03, 0x00,
    0x95, 0xff, 0xfa, 0xff, 0xff, 0xff, 0xff, 0xff, 0xff, 0xfd, 0xfd, 0xff, 0xff, 0xff, 0xfb, 0xf1,
    0xf0, 0xfb, 0xff, 0xff, 0xff, 0xfd, 0xfd, 0xff, 0xff, 0xff, 0xff, 0xff, 0xff, 0xfa, 0xff, 0x94,
    0x00, 0x04, 0x00, 0x00, 0x00, 0x00, 0x00, 0x00, 0x00, 0x00, 0x00, 0x00, 0x00, 0x00, 0x00, 0x00,
    0x00, 0x00, 0x00, 0x00, 0x00, 0x00, 0x00, 0x00, 0x00, 0x00, 0x00, 0x00, 0x00, 0x00, 0x00, 0x00,
    0x00, 0x00, 0x00, 0x00, 0x00, 0x00, 0x00, 0x00, 0x00, 0x00, 0x00, 0x00, 0x00, 0x00, 0x00, 0x00,
    0x00, 0x00, 0x00, 0x00, 0x00, 0x00, 0x00, 0x00, 0x00, 0x00, 0x00, 0x00, 0x00, 0x03, 0x00, 0x58,
    0xff, 0xfa, 0xff, 0xff, 0xff, 0xff, 0xff, 0xff, 0xfc, 0xff, 0xff, 0xd0, 0x83, 0x4a, 0x27, 0x14,
    0x14, 0x27, 0x4b, 0x84, 0xd0, 0xff, 0xff, 0xfc, 0xff, 0xff, 0xff, 0xff, 0xff, 0xff, 0xfa, 0xff,
    0x57, 0x00, 0x03, 0x00, 0x00, 0x00, 0x00, 0x00, 0x00, 0x00, 0x00, 0x00, 0x00, 0x00, 0x00, 0x00,
    0x00, 0x00, 0x00, 0x00, 0x00, 0x00, 0x00, 0x00, 0x00, 0x00, 0x00, 0x00, 0x00, 0x00, 0x00, 0x00,
    0x00, 0x00, 0x00, 0x00, 0x00, 0x00, 0x00, 0x00, 0x00, 0x00, 0x00, 0x00, 0x00, 0x00, 0x00, 0x00,
    0x00, 0x00, 0x00, 0x00, 0x00, 0x00, 0x00, 0x00, 0x00, 0x00, 0x00, 0x00, 0x02, 0x02, 0x14, 0xea,
    0xfd, 0xfd, 0xff, 0xff, 0xff, 0xff, 0xff, 0xfc, 0xff, 0xd5, 0x53, 0x02, 0x00, 0x00, 0x00, 0x00,
    0x00, 0x00, 0x00, 0x00, 0x02, 0x54, 0xd5, 0xff, 0xfc, 0xff, 0xff, 0xff, 0xff, 0xff, 0xfd, 0xfd,
    0xe9, 0x17, 0x02, 0x02, 0x00, 0x00, 0x00, 0x00, 0x00, 0x00, 0x00, 0x00, 0x00, 0x00, 0x00, 0x00,
    0x00, 0x00, 0x00, 0x00, 0x00, 0x00, 0x00, 0x00, 0x00, 0x00, 0x00, 0x00, 0x00, 0x00, 0x00, 0x00,
    0x00, 0x00, 0x00, 0x00, 0x00, 0x00, 0x00, 0x00, 0x00, 0x00, 0x00, 0x00, 0x00, 0x00, 0x00, 0x00,
    0x00, 0x00, 0x00, 0x00, 0x00, 0x00, 0x00, 0x00, 0x00, 0x00, 0x00, 0x00, 0x03, 0x00, 0x92, 0xff,
    0xfb, 0xff, 0xff, 0xff, 0xff, 0xff, 0xfc, 0xff, 0x9e, 0x0b, 0x00, 0x00, 0x04, 0x03, 0x02, 0x01,
    0x01, 0x02, 0x03, 0x04, 0x00, 0x00, 0x0c, 0x9f, 0xff, 0xfc, 0xff, 0xff, 0xff, 0xff, 0xff, 0xfb,
    0xff, 0x95, 0x00, 0x03, 0x00, 0x00, 0x00, 0x00, 0x00, 0x00, 0x00, 0x00, 0x00, 0x00, 0x00, 0x00,
    0x00, 0x00, 0x00, 0x00, 0x00, 0x00, 0x00, 0x00, 0x00, 0x00, 0x00, 0x00, 0x00, 0x00, 0x00, 0x00,
    0x00, 0x00, 0x00, 0x00, 0x00, 0x00, 0x00, 0x00, 0x00, 0x00, 0x00, 0x00, 0x00, 0x00, 0x00, 0x00,
    0x00, 0x00, 0x00, 0x00, 0x00, 0x00, 0x00, 0x00, 0x00, 0x00, 0x00, 0x02, 0x00, 0x1f, 0xf6, 0xfd,
    0xfe, 0xff, 0xff, 0xff, 0xff, 0xfb, 0xff, 0x88, 0x00, 0x00, 0x04, 0x00, 0x00, 0x00, 0x00, 0x00,
    0x00, 0x00, 0x00, 0x00, 0x00, 0x04, 0x00, 0x00, 0x89, 0xff, 0xfb, 0xff, 0xff, 0xff, 0xff, 0xfe,
    0xfd, 0xf7, 0x21, 0x00, 0x02, 0x00, 0x00, 0x00, 0x00, 0x00, 0x00, 0x00, 0x00, 0x00, 0x00, 0x00,
    0x00, 0x00, 0x00, 0x00, 0x00, 0x00, 0x00, 0x00, 0x00, 0x00, 0x00, 0x00, 0x00, 0x00, 0x00, 0x00,
    0x00, 0x00, 0x00, 0x00, 0x00, 0x00, 0x00, 0x00, 0x00, 0x00, 0x00, 0x00, 0x00, 0x00, 0x00, 0x00,
    0x00, 0x00, 0x00, 0x00, 0x00, 0x00, 0x00, 0x00, 0x00, 0x00, 0x00, 0x04, 0x00, 0x87, 0xff, 0xfb,
    0xff, 0xff, 0xff, 0xff, 0xfc, 0xff, 0x9d, 0x00, 0x04, 0x01, 0x00, 0x00, 0x00, 0x00, 0x00, 0x00,
    0x00, 0x00, 0x00, 0x00, 0x00, 0x00, 0x01, 0x04, 0x00, 0x9d, 0xff, 0xfc, 0xff, 0xff, 0xff, 0xff,
    0xfb, 0xff, 0x87, 0x00, 0x04, 0x00, 0x00, 0x00, 0x00, 0x00, 0x00, 0x00, 0x00, 0x00, 0x00, 0x00,
    0x00, 0x00, 0x00, 0x00, 0x00, 0x00, 0x00, 0x00, 0x00, 0x00, 0x00, 0x00, 0x00, 0x00, 0x00, 0x00,
    0x00, 0x00, 0x00, 0x00, 0x00, 0x00, 0x00, 0x00, 0x00, 0x00, 0x00, 0x01, 0x01, 0x01, 0x01, 0x01,
    0x01, 0x00, 0x00, 0x00, 0x00, 0x00, 0x00, 0x00, 0x00, 0x00, 0x01, 0x01, 0x07, 0xdd, 0xff, 0xfd,
    0xff, 0xff, 0xff, 0xfd, 0xfe, 0xd9, 0x08, 0x02, 0x01, 0x00, 0x00, 0x00, 0x00, 0x00, 0x00, 0x00,
    0x00, 0x00, 0x00, 0x00, 0x00, 0x00, 0x00, 0x01, 0x02, 0x08, 0xd9, 0xfe, 0xfd, 0xff, 0xff, 0xff,
    0xfd, 0xff, 0xdd, 0x07, 0x01, 0x01, 0x00, 0x00, 0x00, 0x00, 0x00, 0x00, 0x00, 0x00, 0x00, 0x01,
    0x01, 0x01, 0x01, 0x01, 0x01, 0x00, 0x00, 0x00, 0x00, 0x00, 0x00, 0x00, 0x00, 0x00, 0x00, 0x00,
    0x00, 0x00, 0x00, 0x00, 0x00, 0x00, 0x00, 0x00, 0x00, 0x02, 0x03, 0x00, 0x00, 0x00, 0x00, 0x00,
    0x00, 0x03, 0x02, 0x00, 0x00, 0x00, 0x00, 0x00, 0x00, 0x00, 0x03, 0x00, 0x3d, 0xff, 0xfd, 0xff,
    0xff, 0xff, 0xff, 0xfd, 0xff, 0x4f, 0x00, 0x04, 0x00, 0x00, 0x00, 0x00, 0x00, 0x00, 0x00, 0x00,
    0x00, 0x00, 0x00, 0x00, 0x00, 0x00, 0x00, 0x00, 0x04, 0x00, 0x4f, 0xff, 0xfd, 0xff, 0xff, 0xff,
    0xff, 0xfd, 0xff, 0x3c, 0x00, 0x03, 0x00, 0x00, 0x00, 0x00, 0x00, 0x00, 0x00, 0x02, 0x03, 0x00,
    0x00, 0x00, 0x00, 0x00, 0x00, 0x03, 0x02, 0x00, 0x00, 0x00, 0x00, 0x00, 0x00, 0x00, 0x00, 0x00,
    0x00, 0x00, 0x00, 0x00, 0x00, 0x00, 0x00, 0x00, 0x02, 0x00, 0x00, 0x0c, 0x10, 0x10, 0x10, 0x10,
    0x0c, 0x00, 0x00, 0x02, 0x00, 0x00, 0x00, 0x00, 0x00, 0x00, 0x04, 0x00, 0x7b, 0xff, 0xfb, 0xff,
    0xff, 0xff, 0xfd, 0xff, 0xd0, 0x02, 0x02, 0x00, 0x00, 0x00, 0x00, 0x00, 0x00, 0x00, 0x00, 0x00,
    0x00, 0x00, 0x00, 0x00, 0x00, 0x00, 0x00, 0x00, 0x00, 0x02, 0x02, 0xd0, 0xff, 0xfd, 0xff, 0xff,
    0xff, 0xfb, 0xff, 0x7a, 0x00, 0x04, 0x00, 0x00, 0x00, 0x00, 0x00, 0x00, 0x02, 0x00, 0x00, 0x0c,
    0x10, 0x10, 0x10, 0x10, 0x0c, 0x00, 0x00, 0x02, 0x00, 0x00, 0x00, 0x00, 0x00, 0x00, 0x00, 0x00,
    0x00, 0x00, 0x00, 0x00, 0x00, 0x00, 0x00, 0x02, 0x00, 0x27, 0xaa, 0xe5, 0xee, 0xee, 0xee, 0xee,
    0xe5, 0xa9, 0x27, 0x00, 0x01, 0x00, 0x00, 0x00, 0x00, 0x00, 0x03, 0x00, 0xae, 0xff, 0xfc, 0xff,
    0xff, 0xff, 0xfb, 0xff, 0x7b, 0x00, 0x04, 0x00, 0x00, 0x00, 0x00, 0x00, 0x00, 0x00, 0x00, 0x00,
    0x00, 0x00, 0x00, 0x00, 0x00, 0x00, 0x00, 0x00, 0x00, 0x04, 0x00, 0x7d, 0xff, 0xfb, 0xff, 0xff,
    0xff, 0xfc, 0xff, 0xad, 0x00, 0x03, 0x00, 0x00, 0x00, 0x00, 0x00, 0x02, 0x00, 0x27, 0xaa, 0xe5,
    0xee, 0xee, 0xee, 0xee, 0xe5, 0xa9, 0x27, 0x00, 0x01, 0x00, 0x00, 0x00, 0x00, 0x00, 0x00, 0x00,
    0x00, 0x00, 0x00, 0x00, 0x00, 0x00, 0x02, 0x01, 0x28, 0xea, 0xff, 0xff, 0xff, 0xff, 0xff, 0xff,
    0xff, 0xff, 0xea, 0x27, 0x01, 0x02, 0x00, 0x00, 0x00, 0x01, 0x01, 0x01, 0xce, 0xff, 0xfd, 0xff,
    0xff, 0xff, 0xfd, 0xff, 0x42, 0x00, 0x03, 0x00, 0x00, 0x00, 0x00, 0x00, 0x00, 0x00, 0x00, 0x00,
    0x00, 0x00, 0x00, 0x00, 0x00, 0x00, 0x00, 0x00, 0x00, 0x03, 0x00, 0x42, 0xff, 0xfd, 0xff, 0xff,
    0xff, 0xfd, 0xff, 0xcd, 0x01, 0x01, 0x00, 0x00, 0x00, 0x00, 0x02, 0x01, 0x28, 0xea, 0xff, 0xff,
    0xff, 0xff, 0xff, 0xff, 0xff, 0xff, 0xea, 0x27, 0x01, 0x02, 0x00, 0x00, 0x00, 0x00, 0x00, 0x00,
    0x00, 0x00, 0x00, 0x00, 0x00, 0x00, 0x02, 0x00, 0xb0, 0xff, 0xf8, 0xfe, 0xfe, 0xfe, 0xfe, 0xfe,
    0xfe, 0xf8, 0xff, 0xae, 0x00, 0x02, 0x00, 0x00, 0x00, 0x01, 0x00, 0x08, 0xe0, 0xff, 0xfd, 0xff,
    0xff, 0xfe, 0xff, 0xfa, 0x22, 0x00, 0x02, 0x00, 0x00, 0x00, 0x00, 0x00, 0x00, 0x00, 0x00, 0x00,
    0x00, 0x00, 0x00, 0x00, 0x00, 0x00, 0x00, 0x00, 0x00, 0x02, 0x00, 0x24, 0xfa, 0xff, 0xfe, 0xff,
    0xff, 0xfd, 0xff, 0xdf, 0x07, 0x00, 0x01, 0x00, 0x00, 0x00, 0x02, 0x00, 0xb0, 0xff, 0xf8, 0xfe,
    0xfe, 0xfe, 0xfe, 0xfe, 0xfe, 0xf8, 0xff, 0xae, 0x00, 0x02, 0x00, 0x00, 0x00, 0x00, 0x00, 0x00,
    0x00, 0x00, 0x00, 0x00, 0x00, 0x01, 0x00, 0x0c, 0xe9, 0xfe, 0xfe, 0xff, 0xff, 0xff, 0xff, 0xff,
    0xff, 0xfe, 0xfe, 0xe8, 0x0b, 0x00, 0x01, 0x00, 0x00, 0x01, 0x00, 0x0f, 0xea, 0xff, 0xfe, 0xff,
    0xff, 0xfe, 0xff, 0xf0, 0x14, 0x00, 0x01, 0x00, 0x00, 0x00, 0x00, 0x00, 0x00, 0x00, 0x00, 0x00,
    0x00, 0x00, 0x00, 0x00, 0x00, 0x00, 0x00, 0x00, 0x00, 0x01, 0x00, 0x14, 0xf0, 0xff, 0xfe, 0xff,
    0xff, 0xfe, 0xff, 0xe9, 0x0e, 0x00, 0x01, 0x00, 0x00, 0x01, 0x00, 0x0c, 0xe9, 0xfe, 0xfe, 0xff,
    0xff, 0xff, 0xff, 0xff, 0xff, 0xfe, 0xfe, 0xe8, 0x0b, 0x00, 0x01, 0x00, 0x00, 0x00, 0x00, 0x00,
    0x00, 0x00, 0x00, 0x00, 0x00, 0x01, 0x00, 0x0b, 0xe8, 0xfe, 0xfe, 0xff, 0xff, 0xff, 0xff, 0xff,
    0xff, 0xfe, 0xfe, 0xe7, 0x0b, 0x00, 0x01, 0x00, 0x00, 0x01, 0x00, 0x0e, 0xeb, 0xff, 0xfe, 0xff,
    0xff, 0xfe, 0xff, 0xf0, 0x14, 0x00, 0x01, 0x00, 0x00, 0x00, 0x00, 0x00, 0x00, 0x00, 0x00, 0x00,
    0x00, 0x00, 0x00, 0x00, 0x00, 0x00, 0x00, 0x00, 0x00, 0x01, 0x00, 0x14, 0xf0, 0xff, 0xfe, 0xff,
    0xff, 0xfe, 0xff, 0xea, 0x0e, 0x00, 0x01, 0x00, 0x00, 0x01, 0x00, 0x0b, 0xe8, 0xfe, 0xfe, 0xff,
    0xff, 0xff, 0xff, 0xff, 0xff, 0xfe, 0xfe, 0xe7, 0x0b, 0x00, 0x01, 0x00, 0x00, 0x00, 0x00, 0x00,
    0x00, 0x00, 0x00, 0x00, 0x00, 0x00, 0x02, 0x00, 0xb1, 0xff, 0xf8, 0xfe, 0xfe, 0xfe, 0xfe, 0xfe,
    0xfe, 0xf8, 0xff, 0xaf, 0x00, 0x02, 0x00, 0x00, 0x00, 0x01, 0x00, 0x08, 0xe1, 0xff, 0xfd, 0xff,
    0xff, 0xfe, 0xff, 0xfa, 0x22, 0x00, 0x02, 0x00, 0x00, 0x00, 0x00, 0x00, 0x00, 0x00, 0x00, 0x00,
    0x00, 0x00, 0x00, 0x00, 0x00, 0x00, 0x00, 0x00, 0x00, 0x02, 0x00, 0x23, 0xfa, 0xff, 0xfe, 0xff,
    0xff, 0xfd, 0xff, 0xe1, 0x08, 0x00, 0x01, 0x00, 0x00, 0x00, 0x02, 0x00, 0xb1, 0xff, 0xf8, 0xfe,
    0xfe, 0xfe, 0xfe, 0xfe, 0xfe, 0xf8, 0xff, 0xaf, 0x00, 0x02, 0x00, 0x00, 0x00, 0x00, 0x00, 0x00,
    0x00, 0x00, 0x00, 0x00, 0x00, 0x00, 0x02, 0x01, 0x2a, 0xeb, 0xff, 0xff, 0xff, 0xff, 0xff, 0xff,
    0xff, 0xff, 0xeb, 0x29, 0x01, 0x02, 0x00, 0x00, 0x00, 0x01, 0x01, 0x01, 0xcf, 0xff, 0xfd, 0xff,
    0xff, 0xff, 0xfd, 0xff, 0x40, 0x00, 0x03, 0x00, 0x00, 0x00, 0x00, 0x00, 0x00, 0x00, 0x00, 0x00,
    0x00, 0x00, 0x00, 0x00, 0x00, 0x00, 0x00, 0x00, 0x00, 0x03, 0x00, 0x41, 0xff, 0xfd, 0xff, 0xff,
    0xff, 0xfd, 0xff, 0xce, 0x01, 0x01, 0x01, 0x00, 0x00, 0x00, 0x02, 0x01, 0x2a, 0xeb, 0xff, 0xff,
    0xff, 0xff, 0xff, 0xff, 0xff, 0xff, 0xeb, 0x29, 0x01, 0x02, 0x00, 0x00, 0x00, 0x00, 0x00, 0x00,
    0x00, 0x00, 0x00, 0x00, 0x00, 0x00, 0x00, 0x01, 0x00, 0x28, 0xa9, 0xe5, 0xee, 0xee, 0xee, 0xee,
    0xe5, 0xa9, 0x27, 0x00, 0x01, 0x00, 0x00, 0x00, 0x00, 0x00, 0x03, 0x00, 0xae, 0xff, 0xfc, 0xff,
    0xff, 0xff, 0xfb, 0xff, 0x7e, 0x00, 0x04, 0x00, 0x00, 0x00, 0x00, 0x00, 0x00, 0x00, 0x00, 0x00,
    0x00, 0x00, 0x00, 0x00, 0x00, 0x00, 0x00, 0x00, 0x00, 0x04, 0x00, 0x7f, 0xff, 0xfb, 0xff, 0xff,
    0xff, 0xfc, 0xff, 0xad, 0x00, 0x03, 0x00, 0x00, 0x00, 0x00, 0x00, 0x01, 0x00, 0x28, 0xa9, 0xe5,
    0xee, 0xee, 0xee, 0xee, 0xe5, 0xa9, 0x27, 0x00, 0x01, 0x00, 0x00, 0x00, 0x00, 0x00, 0x00, 0x00,
    0x00, 0x00, 0x00, 0x00, 0x00, 0x00, 0x00, 0x00, 0x02, 0x00, 0x00, 0x0c, 0x10, 0x10, 0x10, 0x10,
    0x0c, 0x00, 0x00, 0x02, 0x00, 0x00, 0x00, 0x00, 0x00, 0x00, 0x04, 0x00, 0x79, 0xff, 0xfb, 0xff,
    0xff, 0xff, 0xfd, 0xff, 0xd3, 0x03, 0x02, 0x00, 0x00, 0x00, 0x00, 0x00, 0x00, 0x00, 0x00, 0x00,
    0x00, 0x00, 0x00, 0x00, 0x00, 0x00, 0x00, 0x00, 0x00, 0x02, 0x03, 0xd4, 0xff, 0xfd, 0xff, 0xff,
    0xff, 0xfb, 0xff, 0x78, 0x00, 0x04, 0x00, 0x00, 0x00, 0x00, 0x00, 0x00, 0x02, 0x00, 0x00, 0x0c,
    0x10, 0x10, 0x10, 0x10, 0x0c, 0x00, 0x00, 0x02, 0x00, 0x00, 0x00, 0x00, 0x00, 0x00, 0x00, 0x00,
    0x00, 0x00, 0x00, 0x00, 0x00, 0x00, 0x00, 0x00, 0x00, 0x02, 0x03, 0x00, 0x00, 0x00, 0x00, 0x00,
    0x00, 0x03, 0x02, 0x00, 0x00, 0x00, 0x00, 0x00, 0x00, 0x00, 0x03, 0x00, 0x3b, 0xff, 0xfe, 0xff,
    0xff, 0xff, 0xff, 0xfd, 0xff, 0x4f, 0x00, 0x04, 0x00, 0x00, 0x00, 0x00, 0x00, 0x00, 0x00, 0x00,
    0x00, 0x00, 0x00, 0x00, 0x00, 0x00, 0x00, 0x00, 0x04, 0x00, 0x50, 0xff, 0xfd, 0xff, 0xff, 0xff,
    0xff, 0xfe, 0xff, 0x3a, 0x00, 0x03, 0x00, 0x00, 0x00, 0x00, 0x00, 0x00, 0x00, 0x02, 0x03, 0x00,
    0x00, 0x00, 0x00, 0x00, 0x00, 0x03, 0x02, 0x00, 0x00, 0x00, 0x00, 0x00, 0x00, 0x00, 0x00, 0x00,
    0x00, 0x00, 0x00, 0x00, 0x00, 0x00, 0x00, 0x00, 0x00, 0x00, 0x00, 0x01, 0x01, 0x01, 0x01, 0x01,
    0x01, 0x00, 0x00, 0x00, 0x00, 0x00, 0x00, 0x00, 0x00, 0x00, 0x01, 0x01, 0x06, 0xdc, 0xff, 0xfd,
    0xff, 0xff, 0xff, 0xfd, 0xfe, 0xd8, 0x09, 0x02, 0x01, 0x00, 0x00, 0x00, 0x00, 0x00, 0x00, 0x00,
    0x00, 0x00, 0x00, 0x00, 0x00, 0x00, 0x00, 0x02, 0x02, 0x09, 0xd9, 0xfe, 0xfd, 0xff, 0xff, 0xff,
    0xfd, 0xff, 0xdb, 0x06, 0x01, 0x01, 0x00, 0x00, 0x00, 0x00, 0x00, 0x00, 0x00, 0x00, 0x00, 0x01,
    0x01, 0x01, 0x01, 0x01, 0x01, 0x00, 0x00, 0x00, 0x00, 0x00, 0x00, 0x00, 0x00, 0x00, 0x00, 0x00,
    0x00, 0x00, 0x00, 0x00, 0x00, 0x00, 0x00, 0x00, 0x00, 0x00, 0x00, 0x00, 0x00, 0x00, 0x00, 0x00,
    0x00, 0x00, 0x00, 0x00, 0x00, 0x00, 0x00, 0x00, 0x00, 0x00, 0x00, 0x04, 0x00, 0x88, 0xff, 0xfb,
    0xff, 0xff, 0xff, 0xff, 0xfc, 0xff, 0xa1, 0x00, 0x04, 0x02, 0x00, 0x00, 0x00, 0x00, 0x00, 0x00,
    0x00, 0x00, 0x00, 0x00, 0x00, 0x00, 0x02, 0x04, 0x00, 0xa2, 0xff, 0xfc, 0xff, 0xff, 0xff, 0xff,
    0xfb, 0xff, 0x88, 0x00, 0x04, 0x00, 0x00, 0x00, 0x00, 0x00, 0x00, 0x00, 0x00, 0x00, 0x00, 0x00,
    0x00, 0x00, 0x00, 0x00, 0x00, 0x00, 0x00, 0x00, 0x00, 0x00, 0x00, 0x00, 0x00, 0x00, 0x00, 0x00,
    0x00, 0x00, 0x00, 0x00, 0x00, 0x00, 0x00, 0x00, 0x00, 0x00, 0x00, 0x00, 0x00, 0x00, 0x00, 0x00,
    0x00, 0x00, 0x00, 0x00, 0x00, 0x00, 0x00, 0x00, 0x00, 0x00, 0x00, 0x02, 0x00, 0x21, 0xf8, 0xfd,
    0xfe, 0xff, 0xff, 0xff, 0xff, 0xfb, 0xff, 0x88, 0x00, 0x00, 0x04, 0x00, 0x00, 0x00, 0x00, 0x00,
    0x00, 0x00, 0x00, 0x00, 0x00, 0x04, 0x00, 0x00, 0x8a, 0xff, 0xfb, 0xff, 0xff, 0xff, 0xff, 0xfe,
    0xfd, 0xf7, 0x22, 0x00, 0x02, 0x00, 0x00, 0x00, 0x00, 0x00, 0x00, 0x00, 0x00, 0x00, 0x00, 0x00,
    0x00, 0x00, 0x00, 0x00, 0x00, 0x00, 0x00, 0x00, 0x00, 0x00, 0x00, 0x00, 0x00, 0x00, 0x00, 0x00,
    0x00, 0x00, 0x00, 0x00, 0x00, 0x00, 0x00, 0x00, 0x00, 0x00, 0x00, 0x00, 0x00, 0x00, 0x00, 0x00,
    0x00, 0x00, 0x00, 0x00, 0x00, 0x00, 0x00, 0x00, 0x00, 0x00, 0x00, 0x00, 0x03, 0x00, 0x97, 0xff,
    0xfb, 0xff, 0xff, 0xff, 0xff, 0xff, 0xfc, 0xff, 0x9e, 0x0b, 0x00, 0x00, 0x04, 0x03, 0x02, 0x01,
    0x01, 0x02, 0x03, 0x04, 0x00, 0x00, 0x0b, 0x9f, 0xff, 0xfc, 0xff, 0xff, 0xff, 0xff, 0xff, 0xfb,
    0xff, 0x96, 0x00, 0x03, 0x00, 0x00, 0x00, 0x00, 0x00, 0x00, 0x00, 0x00, 0x00, 0x00, 0x00, 0x00,
    0x00, 0x00, 0x00, 0x00, 0x00, 0x00, 0x00, 0x00, 0x00, 0x00, 0x00, 0x00, 0x00, 0x00, 0x00, 0x00,
    0x00, 0x00, 0x00, 0x00, 0x00, 0x00, 0x00, 0x00, 0x00, 0x00, 0x00, 0x00, 0x00, 0x00, 0x00, 0x00,
    0x00, 0x00, 0x00, 0x00, 0x00, 0x00, 0x00, 0x00, 0x00, 0x00, 0x00, 0x00, 0x02, 0x01, 0x17, 0xed,
    0xfd, 0xfd, 0xff, 0xff, 0xff, 0xff, 0xff, 0xfc, 0xff, 0xd3, 0x4d, 0x01, 0x00, 0x00, 0x00, 0x00,
    0x00, 0x00, 0x00, 0x00, 0x01, 0x4e, 0xd4, 0xff, 0xfc, 0xff, 0xff, 0xff, 0xff, 0xff, 0xfd, 0xfd,
    0xed, 0x19, 0x01, 0x02, 0x00, 0x00, 0x00, 0x00, 0x00, 0x00, 0x00, 0x00, 0x00, 0x00, 0x00, 0x00,
    0x00, 0x00, 0x00, 0x00, 0x00, 0x00, 0x00, 0x00, 0x00, 0x00, 0x00, 0x00, 0x00, 0x00, 0x00, 0x00,
    0x00, 0x00, 0x00, 0x00, 0x00, 0x00, 0x00, 0x00, 0x00, 0x00, 0x00, 0x00, 0x00, 0x00, 0x00, 0x00,
    0x00, 0x00, 0x00, 0x00, 0x00, 0x00, 0x00, 0x00, 0x00, 0x00, 0x00, 0x00, 0x00, 0x03, 0x00, 0x5b,
    0xff, 0xfa, 0xff, 0xff, 0xff, 0xff, 0xff, 0xff, 0xfc, 0xff, 0xff, 0xcf, 0x80, 0x40, 0x23, 0x15,
    0x15, 0x23, 0x40, 0x81, 0xcf, 0xff, 0xff, 0xfc, 0xff, 0xff, 0xff, 0xff, 0xff, 0xff, 0xfa, 0xff,
    0x5d, 0x00, 0x03, 0x00, 0x00, 0x00, 0x00, 0x00, 0x00, 0x00, 0x00, 0x00, 0x00, 0x00, 0x00, 0x00,
    0x00, 0x00, 0x00, 0x00, 0x00, 0x00, 0x00, 0x00, 0x00, 0x00, 0x00, 0x00, 0x00, 0x00, 0x00, 0x00,
    0x00, 0x00, 0x00, 0x00, 0x00, 0x00, 0x00, 0x00, 0x00, 0x00, 0x00, 0x00, 0x00, 0x00, 0x00, 0x00,
    0x00, 0x00, 0x00, 0x00, 0x00, 0x00, 0x00, 0x00, 0x00, 0x00, 0x00, 0x00, 0x00, 0x00, 0x04, 0x00,
    0x99, 0xff, 0xfa, 0xff, 0xff, 0xff, 0xff, 0xff, 0xff, 0xfd, 0xfd, 0xff, 0xff, 0xff, 0xf9, 0xf1,
    0xf1, 0xf9, 0xff, 0xff, 0xff, 0xfd, 0xfd, 0xff, 0xff, 0xff, 0xff, 0xff, 0xff, 0xfa, 0xff, 0x94,
    0x00, 0x04, 0x00, 0x00, 0x00, 0x00, 0x00, 0x00, 0x00, 0x00, 0x00, 0x00, 0x00, 0x00, 0x00, 0x00,
    0x00, 0x00, 0x00, 0x00, 0x00, 0x00, 0x00, 0x00, 0x00, 0x00, 0x00, 0x00, 0x00, 0x00, 0x00, 0x00,
    0x00, 0x00, 0x00, 0x00, 0x00, 0x00, 0x00, 0x00, 0x00, 0x00, 0x00, 0x00, 0x00, 0x00, 0x00, 0x00,
    0x00, 0x00, 0x00, 0x00, 0x00, 0x00, 0x00, 0x00, 0x00, 0x00, 0x00, 0x00, 0x00, 0x00, 0x01, 0x03,
    0x03, 0xb0, 0xff, 0xfa, 0xff, 0xff, 0xff, 0xff, 0xff, 0xff, 0xff, 0xfd, 0xfb, 0xfd, 0xff, 0xff,
    0xff, 0xff, 0xfd, 0xfb, 0xfd, 0xff, 0xff, 0xff, 0xff, 0xff, 0xff, 0xff, 0xfa, 0xff, 0xae, 0x01,
    0x03, 0x01, 0x00, 0x00, 0x00, 0x00, 0x00, 0x00, 0x00, 0x00, 0x00, 0x00, 0x00, 0x00, 0x00, 0x00,
    0x00, 0x00, 0x00, 0x00, 0x00, 0x00, 0x00, 0x00, 0x00, 0x00, 0x00, 0x00, 0x00, 0x00, 0x00, 0x00,
    0x00, 0x00, 0x00, 0x00, 0x00, 0x00, 0x00, 0x00, 0x00, 0x00, 0x00, 0x00, 0x00, 0x00, 0x00, 0x00,
    0x00, 0x00, 0x00, 0x00, 0x00, 0x00, 0x00, 0x00, 0x00, 0x00, 0x00, 0x00, 0x00, 0x00, 0x00, 0x01,
    0x01, 0x06, 0xac, 0xff, 0xfc, 0xfd, 0xff, 0xff, 0xff, 0xff, 0xff, 0xff, 0xff, 0xff, 0xfe, 0xfe,
    0xfe, 0xfe, 0xff, 0xff, 0xff, 0xff, 0xff, 0xff, 0xff, 0xff, 0xfd, 0xfc, 0xff, 0xab, 0x06, 0x01,
    0x01, 0x00, 0x00, 0x00, 0x00, 0x00, 0x00, 0x00, 0x00, 0x00, 0x00, 0x00, 0x00, 0x00, 0x00, 0x00,
    0x00, 0x00, 0x00, 0x00, 0x00, 0x00, 0x00, 0x00, 0x00, 0x00, 0x00, 0x00, 0x00, 0x00, 0x00, 0x00,
    0x00, 0x00, 0x00, 0x00, 0x00, 0x00, 0x00, 0x00, 0x00, 0x00, 0x00, 0x00, 0x00, 0x00, 0x00, 0x00,
    0x00, 0x00, 0x00, 0x00, 0x00, 0x00, 0x00, 0x00, 0x00, 0x00, 0x00, 0x00, 0x00, 0x00, 0x00, 0x00,
    0x01, 0x01, 0x00, 0x91, 0xff, 0xff, 0xfb, 0xfe, 0xff, 0xff, 0xff, 0xff, 0xff, 0xff, 0xff, 0xff,
    0xff, 0xff, 0xff, 0xff, 0xff, 0xff, 0xff, 0xff, 0xfe, 0xfb, 0xff, 0xff, 0x90, 0x00, 0x01, 0x01,
    0x00, 0x00, 0x00, 0x00, 0x00, 0x00, 0x00, 0x00, 0x00, 0x00, 0x00, 0x00, 0x00, 0x00, 0x00, 0x00,
    0x00, 0x00, 0x00, 0x00, 0x00, 0x00, 0x00, 0x00, 0x00, 0x00, 0x00, 0x00, 0x00, 0x00, 0x00, 0x00,
    0x00, 0x00, 0x00, 0x00, 0x00, 0x00, 0x00, 0x00, 0x00, 0x00, 0x00, 0x00, 0x00, 0x00, 0x00, 0x00,
    0x00, 0x00, 0x00, 0x00, 0x00, 0x00, 0x00, 0x00, 0x02, 0x02, 0x01, 0x00, 0x00, 0x00, 0x00, 0x00,
    0x00, 0x01, 0x02, 0x00, 0x58, 0xe5, 0xff, 0xff, 0xfb, 0xfd, 0xff, 0xff, 0xff, 0xff, 0xff, 0xff,
    0xff, 0xff, 0xff, 0xff, 0xff, 0xff, 0xfd, 0xfb, 0xff, 0xff, 0xe5, 0x57, 0x00, 0x02, 0x01, 0x00,
    0x00, 0x00, 0x00, 0x00, 0x00, 0x01, 0x02, 0x02, 0x00, 0x00, 0x00, 0x00, 0x00, 0x00, 0x00, 0x00,
    0x00, 0x00, 0x00, 0x00, 0x00, 0x00, 0x00, 0x00, 0x00, 0x00, 0x00, 0x00, 0x00, 0x00, 0x00, 0x00,
    0x00, 0x00, 0x00, 0x00, 0x00, 0x00, 0x00, 0x00, 0x00, 0x00, 0x00, 0x00, 0x00, 0x00, 0x00, 0x00,
    0x00, 0x00, 0x00, 0x00, 0x00, 0x00, 0x02, 0x01, 0x00, 0x00, 0x00, 0x03, 0x00, 0x00, 0x00, 0x00,
    0x00, 0x00, 0x01, 0x03, 0x00, 0x16, 0x8f, 0xf3, 0xff, 0xff, 0xfd, 0xfb, 0xfc, 0xfd, 0xfe, 0xfe,
    0xfe, 0xfe, 0xfd, 0xfc, 0xfb, 0xfd, 0xff, 0xff, 0xf3, 0x8f, 0x16, 0x00, 0x03, 0x01, 0x00, 0x00,
    0x00, 0x00, 0x00, 0x00, 0x03, 0x00, 0x00, 0x00, 0x01, 0x02, 0x00, 0x00, 0x00, 0x00, 0x00, 0x00,
    0x00, 0x00, 0x00, 0x00, 0x00, 0x00, 0x00, 0x00, 0x00, 0x00, 0x00, 0x00, 0x00, 0x00, 0x00, 0x00,
    0x00, 0x00, 0x00, 0x00, 0x00, 0x00, 0x00, 0x00, 0x00, 0x00, 0x00, 0x00, 0x00, 0x00, 0x00, 0x00,
    0x00, 0x00, 0x00, 0x00, 0x00, 0x02, 0x00, 0x00, 0x27, 0x32, 0x0b, 0x00, 0x01, 0x00, 0x00, 0x00,
    0x00, 0x00, 0x00, 0x00, 0x03, 0x00, 0x00, 0x23, 0x8b, 0xdc, 0xff, 0xff, 0xff, 0xff, 0xff, 0xff,
    0xff, 0xff, 0xff, 0xff, 0xff, 0xff, 0xdc, 0x8b, 0x23, 0x00, 0x00, 0x03, 0x00, 0x00, 0x00, 0x00,
    0x00, 0x00, 0x00, 0x01, 0x00, 0x0c, 0x32, 0x27, 0x00, 0x00, 0x02, 0x00, 0x00, 0x00, 0x00, 0x00,
    0x00, 0x00, 0x00, 0x00, 0x00, 0x00, 0x00, 0x00, 0x00, 0x00, 0x00, 0x00, 0x00, 0x00, 0x00, 0x00,
    0x00, 0x00, 0x00, 0x00, 0x00, 0x00, 0x00, 0x00, 0x00, 0x00, 0x00, 0x00, 0x00, 0x00, 0x00, 0x00,
    0x00, 0x00, 0x00, 0x00, 0x04, 0x00, 0x2c, 0xbf, 0xfa, 0xff, 0xe1, 0x69, 0x00, 0x02, 0x00, 0x00,
    0x00, 0x00, 0x00, 0x00, 0x00, 0x01, 0x03, 0x00, 0x00, 0x09, 0x42, 0x81, 0xb5, 0xd2, 0xe5, 0xec,
    0xec, 0xe5, 0xd2, 0xb5, 0x80, 0x42, 0x09, 0x00, 0x00, 0x03, 0x01, 0x00, 0x00, 0x00, 0x00, 0x00,
    0x00, 0x00, 0x02, 0x00, 0x6a, 0xe2, 0xff, 0xfa, 0xbe, 0x2c, 0x00, 0x04, 0x00, 0x00, 0x00, 0x00,
    0x00, 0x00, 0x00, 0x00, 0x00, 0x00, 0x00, 0x00, 0x00, 0x00, 0x00, 0x00, 0x00, 0x00, 0x00, 0x00,
    0x00, 0x00, 0x00, 0x00, 0x00, 0x00, 0x00, 0x00, 0x00, 0x00, 0x00, 0x00, 0x00, 0x00, 0x00, 0x00,
    0x00, 0x00, 0x00, 0x04, 0x00, 0x38, 0xed, 0xff, 0xff, 0xfe, 0xff, 0xff, 0x68, 0x00, 0x03, 0x00,
    0x00, 0x00, 0x00, 0x00, 0x00, 0x00, 0x00, 0x02, 0x03, 0x00, 0x00, 0x00, 0x00, 0x00, 0x0b, 0x0f,
    0x0f, 0x0b, 0x00, 0x00, 0x00, 0x00, 0x00, 0x03, 0x02, 0x00, 0x00, 0x00, 0x00, 0x00, 0x00, 0x00,
    0x00, 0x03, 0x00, 0x69, 0xff, 0xff, 0xfe, 0xff, 0xff, 0xed, 0x38, 0x00, 0x04, 0x00, 0x00, 0x00,
    0x00, 0x00, 0x00, 0x00, 0x00, 0x00, 0x00, 0x00, 0x00, 0x00, 0x00, 0x00, 0x00, 0x00, 0x00, 0x00,
    0x00, 0x00, 0x00, 0x00, 0x00, 0x00, 0x00, 0x00, 0x00, 0x00, 0x00, 0x00, 0x00, 0x00, 0x00, 0x00,
    0x00, 0x00, 0x03, 0x00, 0x3c, 0xf0, 0xff, 0xfb, 0xff, 0xff, 0xfb, 0xfd, 0xe9, 0x0e, 0x00, 0x01,
    0x00, 0x00, 0x00, 0x00, 0x00, 0x00, 0x00, 0x00, 0x00, 0x01, 0x03, 0x04, 0x03, 0x00, 0x00, 0x00,
    0x00, 0x00, 0x00, 0x03, 0x04, 0x03, 0x01, 0x00, 0x00, 0x00, 0x00, 0x00, 0x00, 0x00, 0x00, 0x00,
    0x01, 0x00, 0x0e, 0xea, 0xfd, 0xfb, 0xff, 0xff, 0xfb, 0xff, 0xef, 0x3b, 0x00, 0x03, 0x00, 0x00,
    0x00, 0x00, 0x00, 0x00, 0x00, 0x00, 0x00, 0x00, 0x00, 0x00, 0x00, 0x00, 0x00, 0x00, 0x00, 0x00,
    0x00, 0x00, 0x00, 0x00, 0x00, 0x00, 0x00, 0x00, 0x00, 0x00, 0x00, 0x00, 0x00, 0x00, 0x00, 0x00,
    0x00, 0x02, 0x00, 0x3c, 0xf1, 0xff, 0xfc, 0xff, 0xff, 0xff, 0xff, 0xff, 0xff, 0x32, 0x00, 0x02,
    0x00, 0x00, 0x00, 0x00, 0x00, 0x00, 0x00, 0x00, 0x00, 0x00, 0x00, 0x00, 0x00, 0x01, 0x01, 0x01,
    0x01, 0x01, 0x01, 0x00, 0x00, 0x00, 0x00, 0x00, 0x00, 0x00, 0x00, 0x00, 0x00, 0x00, 0x00, 0x00,
    0x03, 0x00, 0x33, 0xff, 0xfe, 0xff, 0xff, 0xff, 0xff, 0xfc, 0xff, 0xf1, 0x3b, 0x00, 0x02, 0x00,
    0x00, 0x00, 0x00, 0x00, 0x00, 0x00, 0x00, 0x00, 0x00, 0x00, 0x00, 0x00, 0x00, 0x00, 0x00, 0x00,
    0x00, 0x00, 0x00, 0x00, 0x00, 0x00, 0x00, 0x00, 0x00, 0x00, 0x00, 0x00, 0x00, 0x00, 0x00, 0x00,
    0x01, 0x01, 0x17, 0xe8, 0xff, 0xfc, 0xff, 0xff, 0xff, 0xff, 0xff, 0xfe, 0xfd, 0x27, 0x00, 0x02,
    0x00, 0x00, 0x00, 0x00, 0x00, 0x00, 0x00, 0x00, 0x00, 0x00, 0x00, 0x00, 0x00, 0x00, 0x00, 0x00,
    0x00, 0x00, 0x00, 0x00, 0x00, 0x00, 0x00, 0x00, 0x00, 0x00, 0x00, 0x00, 0x00, 0x00, 0x00, 0x00,
    0x02, 0x00, 0x28, 0xfd, 0xfe, 0xff, 0xff, 0xff, 0xff, 0xff, 0xfc, 0xff, 0xe8, 0x16, 0x01, 0x01,
    0x00, 0x00, 0x00, 0x00, 0x00, 0x00, 0x00, 0x00, 0x00, 0x00, 0x00, 0x00, 0x00, 0x00, 0x00, 0x00,
    0x00, 0x00, 0x00, 0x00, 0x00, 0x00, 0x00, 0x00, 0x00, 0x00, 0x00, 0x00, 0x00, 0x00, 0x00, 0x00,
    0x04, 0x00, 0x71, 0xff, 0xfa, 0xff, 0xff, 0xff, 0xff, 0xff, 0xfb, 0xff, 0xc9, 0x02, 0x02, 0x00,
    0x00, 0x00, 0x00, 0x00, 0x00, 0x00, 0x00, 0x00, 0x00, 0x00, 0x00, 0x00, 0x00, 0x00, 0x00, 0x00,
    0x00, 0x00, 0x00, 0x00, 0x00, 0x00, 0x00, 0x00, 0x00, 0x00, 0x00, 0x00, 0x00, 0x00, 0x00, 0x00,
    0x00, 0x02, 0x03, 0xca, 0xff, 0xfb, 0xff, 0xff, 0xff, 0xff, 0xff, 0xfa, 0xff, 0x70, 0x00, 0x04,
    0x00, 0x00, 0x00, 0x00, 0x00, 0x00, 0x00, 0x00, 0x00, 0x00, 0x00, 0x00, 0x00, 0x00, 0x00, 0x00,
    0x00, 0x00, 0x00, 0x00, 0x00, 0x00, 0x00, 0x00, 0x00, 0x00, 0x00, 0x00, 0x00, 0x00, 0x00, 0x00,
    0x04, 0x00, 0x96, 0xfd, 0xfb, 0xff, 0xff, 0xff, 0xff, 0xfd, 0xff, 0xf0, 0x30, 0x00, 0x02, 0x00,
    0x00, 0x00, 0x00, 0x00, 0x00, 0x00, 0x00, 0x00, 0x00, 0x00, 0x00, 0x00, 0x00, 0x00, 0x00, 0x01,
    0x01, 0x00, 0x00, 0x00, 0x00, 0x00, 0x00, 0x00, 0x00, 0x00, 0x00, 0x00, 0x00, 0x00, 0x00, 0x00,
    0x00, 0x02, 0x00, 0x31, 0xf0, 0xff, 0xfd, 0xff, 0xff, 0xff, 0xff, 0xfb, 0xfd, 0x96, 0x00, 0x04,
    0x00, 0x00, 0x00, 0x00, 0x00, 0x00, 0x00, 0x00, 0x00, 0x00, 0x00, 0x00, 0x00, 0x00, 0x00, 0x00,
    0x00, 0x00, 0x00, 0x00, 0x00, 0x00, 0x00, 0x00, 0x00, 0x00, 0x00, 0x00, 0x00, 0x00, 0x00, 0x00,
    0x04, 0x00, 0x81, 0xff, 0xfa, 0xff, 0xff, 0xff, 0xfc, 0xff, 0xf1, 0x3b, 0x00, 0x02, 0x00, 0x00,
    0x00, 0x00, 0x00, 0x00, 0x00, 0x00, 0x00, 0x00, 0x00, 0x00, 0x00, 0x00, 0x00, 0x02, 0x03, 0x00,
    0x00, 0x03, 0x02, 0x00, 0x00, 0x00, 0x00, 0x00, 0x00, 0x00, 0x00, 0x00, 0x00, 0x00, 0x00, 0x00,
    0x00, 0x00, 0x02, 0x00, 0x3b, 0xf1, 0xff, 0xfc, 0xff, 0xff, 0xff, 0xfa, 0xff, 0x80, 0x00, 0x04,
    0x00, 0x00, 0x00, 0x00, 0x00, 0x00, 0x00, 0x00, 0x00, 0x00, 0x00, 0x00, 0x00, 0x00, 0x00, 0x00,
    0x00, 0x00, 0x00, 0x00, 0x00, 0x00, 0x00, 0x00, 0x00, 0x00, 0x00, 0x00, 0x00, 0x00, 0x00, 0x00,
    0x02, 0x00, 0x2a, 0xfa, 0xff, 0xfa, 0xfc, 0xfa, 0xff, 0xf1, 0x3c, 0x00, 0x04, 0x00, 0x00, 0x00,
    0x00, 0x00, 0x00, 0x00, 0x00, 0x00, 0x00, 0x00, 0x00, 0x00, 0x00, 0x00, 0x02, 0x00, 0x00, 0x0c,
    0x0c, 0x00, 0x00, 0x02, 0x00, 0x00, 0x00, 0x00, 0x00, 0x00, 0x00, 0x00, 0x00, 0x00, 0x00, 0x00,
    0x00, 0x00, 0x00, 0x04, 0x00, 0x3c, 0xf1, 0xff, 0xfa, 0xfc, 0xfa, 0xff, 0xfa, 0x29, 0x00, 0x02,
    0x00, 0x00, 0x00, 0x00, 0x00, 0x00, 0x00, 0x00, 0x00, 0x00, 0x00, 0x00, 0x00, 0x00, 0x00, 0x00,
    0x00, 0x00, 0x00, 0x00, 0x00, 0x00, 0x00, 0x00, 0x00, 0x00, 0x00, 0x00, 0x00, 0x00, 0x00, 0x00,
    0x00, 0x02, 0x00, 0x5a, 0xf7, 0xff, 0xff, 0xff, 0xe4, 0x3b, 0x00, 0x04, 0x00, 0x00, 0x00, 0x00,
    0x00, 0x00, 0x00, 0x00, 0x00, 0x00, 0x00, 0x00, 0x00, 0x00, 0x00, 0x02, 0x00, 0x27, 0xa9, 0xe6,
    0xe6, 0xa9, 0x27, 0x00, 0x01, 0x00, 0x00, 0x00, 0x00, 0x00, 0x00, 0x00, 0x00, 0x00, 0x00, 0x00,
    0x00, 0x00, 0x00, 0x00, 0x04, 0x00, 0x3b, 0xe4, 0xff, 0xff, 0xff, 0xf6, 0x5a, 0x00, 0x02, 0x00,
    0x00, 0x00, 0x00, 0x00, 0x00, 0x00, 0x00, 0x00, 0x00, 0x00, 0x00, 0x00, 0x00, 0x00, 0x00, 0x00,
    0x00, 0x00, 0x00, 0x00, 0x00, 0x00, 0x00, 0x00, 0x00, 0x00, 0x00, 0x00, 0x00, 0x00, 0x00, 0x00,
    0x00, 0x00, 0x02, 0x00, 0x2a, 0x81, 0x9a, 0x72, 0x17, 0x00, 0x03, 0x00, 0x00, 0x00, 0x00, 0x00,
    0x00, 0x00, 0x00, 0x00, 0x00, 0x00, 0x00, 0x00, 0x00, 0x00, 0x02, 0x01, 0x27, 0xea, 0xff, 0xff,
    0xff, 0xff, 0xea, 0x27, 0x01, 0x02, 0x00, 0x00, 0x00, 0x00, 0x00, 0x00, 0x00, 0x00, 0x00, 0x00,
    0x00, 0x00, 0x00, 0x00, 0x00, 0x03, 0x00, 0x17, 0x73, 0x9a, 0x80, 0x29, 0x00, 0x02, 0x00, 0x00,
    0x00, 0x00, 0x00, 0x00, 0x00, 0x00, 0x00, 0x00, 0x00, 0x00, 0x00, 0x00, 0x00, 0x00, 0x00, 0x00,
    0x00, 0x00, 0x00, 0x00, 0x00, 0x00, 0x00, 0x00, 0x00, 0x00, 0x00, 0x00, 0x00, 0x00, 0x00, 0x00,
    0x00, 0x00, 0x00, 0x02, 0x00, 0x00, 0x00, 0x00, 0x00, 0x02, 0x00, 0x00, 0x00, 0x00, 0x00, 0x00,
    0x00, 0x00, 0x00, 0x00, 0x00, 0x00, 0x00, 0x00, 0x00, 0x00, 0x02, 0x00, 0xb0, 0xff, 0xf8, 0xfe,
    0xfe, 0xf8, 0xff, 0xae, 0x00, 0x02, 0x00, 0x00, 0x00, 0x00, 0x00, 0x00, 0x00, 0x00, 0x00, 0x00,
    0x00, 0x00, 0x00, 0x00, 0x00, 0x00, 0x02, 0x00, 0x00, 0x00, 0x00, 0x00, 0x02, 0x00, 0x00, 0x00,
    0x00, 0x00, 0x00, 0x00, 0x00, 0x00, 0x00, 0x00, 0x00, 0x00, 0x00, 0x00, 0x00, 0x00, 0x00, 0x00,
    0x00, 0x00, 0x00, 0x00, 0x00, 0x00, 0x00, 0x00, 0x00, 0x00, 0x00, 0x00, 0x00, 0x00, 0x00, 0x00,
    0x00, 0x00, 0x00, 0x00, 0x02, 0x04, 0x03, 0x04, 0x01, 0x00, 0x00, 0x00, 0x00, 0x00, 0x00, 0x00,
    0x00, 0x00, 0x00, 0x00, 0x00, 0x00, 0x00, 0x00, 0x00, 0x01, 0x00, 0x0b, 0xe9, 0xfe, 0xfe, 0xff,
    0xff, 0xfe, 0xfe, 0xe8, 0x0b, 0x00, 0x01, 0x00, 0x00, 0x00, 0x00, 0x00, 0x00, 0x00, 0x00, 0x00,
    0x00, 0x00, 0x00, 0x00, 0x00, 0x00, 0x00, 0x01, 0x04, 0x03, 0x04, 0x02, 0x00, 0x00, 0x00, 0x00,
    0x00, 0x00, 0x00, 0x00, 0x00, 0x00, 0x00, 0x00, 0x00, 0x00, 0x00, 0x00, 0x00, 0x00, 0x00, 0x00,
    0x00, 0x00, 0x00, 0x00, 0x00, 0x00, 0x00, 0x00, 0x00, 0x00, 0x00, 0x00, 0x00, 0x00, 0x00, 0x00,
    0x00, 0x00, 0x00, 0x00, 0x00, 0x00, 0x00, 0x00, 0x00, 0x00, 0x00, 0x00, 0x00, 0x00, 0x00, 0x00,
    0x00, 0x00, 0x00, 0x00, 0x00, 0x00, 0x00, 0x00, 0x00, 0x01, 0x00, 0x12, 0xee, 0xff, 0xfe, 0xff,
    0xff, 0xfe, 0xff, 0xee, 0x12, 0x00, 0x01, 0x00, 0x00, 0x00, 0x00, 0x00, 0x00, 0x00, 0x00, 0x00,
    0x00, 0x00, 0x00, 0x00, 0x00, 0x00, 0x00, 0x00, 0x00, 0x00, 0x00, 0x00, 0x00, 0x00, 0x00, 0x00,
    0x00, 0x00, 0x00, 0x00, 0x00, 0x00, 0x00, 0x00, 0x00, 0x00, 0x00, 0x00, 0x00, 0x00, 0x00, 0x00,
    0x00, 0x00, 0x00, 0x00, 0x00, 0x00, 0x00, 0x00, 0x00, 0x00, 0x00, 0x00, 0x00, 0x00, 0x00, 0x00,
    0x00, 0x00, 0x00, 0x00, 0x00, 0x00, 0x00, 0x00, 0x00, 0x00, 0x00, 0x00, 0x00, 0x00, 0x00, 0x00,
    0x00, 0x00, 0x00, 0x00, 0x00, 0x00, 0x00, 0x00, 0x00, 0x01, 0x00, 0x11, 0xee, 0xff, 0xfe, 0xff,
    0xff, 0xfe, 0xff, 0xee, 0x11, 0x00, 0x01, 0x00, 0x00, 0x00, 0x00, 0x00, 0x00, 0x00, 0x00, 0x00,
    0x00, 0x00, 0x00, 0x00, 0x00, 0x00, 0x00, 0x00, 0x00, 0x00, 0x00, 0x00, 0x00, 0x00, 0x00, 0x00,
    0x00, 0x00, 0x00, 0x00, 0x00, 0x00, 0x00, 0x00, 0x00, 0x00, 0x00, 0x00, 0x00, 0x00, 0x00, 0x00,
    0x00, 0x00, 0x00, 0x00, 0x00, 0x00, 0x00, 0x00, 0x00, 0x00, 0x00, 0x00, 0x00, 0x00, 0x00, 0x00,
    0x00, 0x00, 0x00, 0x00, 0x00, 0x00, 0x00, 0x00, 0x00, 0x00, 0x00, 0x00, 0x00, 0x00, 0x00, 0x00,
    0x00, 0x00, 0x00, 0x00, 0x00, 0x00, 0x00, 0x00, 0x00, 0x01, 0x00, 0x11, 0xee, 0xff, 0xfe, 0xff,
    0xff, 0xfe, 0xff, 0xee, 0x11, 0x00, 0x01, 0x00, 0x00, 0x00, 0x00, 0x00, 0x00, 0x00, 0x00, 0x00,
    0x00, 0x00, 0x00, 0x00, 0x00, 0x00, 0x00, 0x00, 0x00, 0x00, 0x00, 0x00, 0x00, 0x00, 0x00, 0x00,
    0x00, 0x00, 0x00, 0x00, 0x00, 0x00, 0x00, 0x00, 0x00, 0x00, 0x00, 0x00, 0x00, 0x00, 0x00, 0x00,
    0x00, 0x00, 0x00, 0x00, 0x00, 0x00, 0x00, 0x00, 0x00, 0x00, 0x00, 0x00, 0x00, 0x00, 0x00, 0x00,
    0x00, 0x00, 0x00, 0x00, 0x00, 0x00, 0x00, 0x00, 0x00, 0x00, 0x00, 0x00, 0x00, 0x00, 0x00, 0x00,
    0x00, 0x00, 0x00, 0x00, 0x00, 0x00, 0x00, 0x00, 0x00, 0x01, 0x00, 0x12, 0xee, 0xff, 0xfe, 0xff,
    0xff, 0xfe, 0xff, 0xee, 0x12, 0x00, 0x01, 0x00, 0x00, 0x00, 0x00, 0x00, 0x00, 0x00, 0x00, 0x00,
    0x00, 0x00, 0x00, 0x00, 0x00, 0x00, 0x00, 0x00, 0x00, 0x00, 0x00, 0x00, 0x00, 0x00, 0x00, 0x00,
    0x00, 0x00, 0x00, 0x00, 0x00, 0x00, 0x00, 0x00, 0x00, 0x00, 0x00, 0x00, 0x00, 0x00, 0x00, 0x00,
    0x00, 0x00, 0x00, 0x00, 0x00, 0x00, 0x00, 0x00, 0x00, 0x00, 0x00, 0x00, 0x00, 0x00, 0x00, 0x00,
    0x00, 0x00, 0x00, 0x00, 0x00, 0x00, 0x00, 0x00, 0x00, 0x00, 0x00, 0x00, 0x00, 0x00, 0x00, 0x00,
    0x00, 0x00, 0x00, 0x00, 0x00, 0x00, 0x00, 0x00, 0x00, 0x01, 0x00, 0x0b, 0xe8, 0xfe, 0xfe, 0xff,
    0xff, 0xfe, 0xfe, 0xe7, 0x0b, 0x00, 0x01, 0x00, 0x00, 0x00, 0x00, 0x00, 0x00, 0x00, 0x00, 0x00,
    0x00, 0x00, 0x00, 0x00, 0x00, 0x00, 0x00, 0x00, 0x00, 0x00, 0x00, 0x00, 0x00, 0x00, 0x00, 0x00,
    0x00, 0x00, 0x00, 0x00, 0x00, 0x00, 0x00, 0x00, 0x00, 0x00, 0x00, 0x00, 0x00, 0x00, 0x00, 0x00,
    0x00, 0x00, 0x00, 0x00, 0x00, 0x00, 0x00, 0x00, 0x00, 0x00, 0x00, 0x00, 0x00, 0x00, 0x00, 0x00,
    0x00, 0x00, 0x00, 0x00, 0x00, 0x00, 0x00, 0x00, 0x00, 0x00, 0x00, 0x00, 0x00, 0x00, 0x00, 0x00,
    0x00, 0x00, 0x00, 0x00, 0x00, 0x00, 0x00, 0x00, 0x00, 0x00, 0x02, 0x00, 0xb1, 0xff, 0xf8, 0xfe,
    0xfe, 0xf8, 0xff, 0xaf, 0x00, 0x02, 0x00, 0x00, 0x00, 0x00, 0x00, 0x00, 0x00, 0x00, 0x00, 0x00,
    0x00, 0x00, 0x00, 0x00, 0x00, 0x00, 0x00, 0x00, 0x00, 0x00, 0x00, 0x00, 0x00, 0x00, 0x00, 0x00,
    0x00, 0x00, 0x00, 0x00, 0x00, 0x00, 0x00, 0x00, 0x00, 0x00, 0x00, 0x00, 0x00, 0x00, 0x00, 0x00,
    0x00, 0x00, 0x00, 0x00, 0x00, 0x00, 0x00, 0x00, 0x00, 0x00, 0x00, 0x00, 0x00, 0x00, 0x00, 0x00,
    0x00, 0x00, 0x00, 0x00, 0x00, 0x00, 0x00, 0x00, 0x00, 0x00, 0x00, 0x00, 0x00, 0x00, 0x00, 0x00,
    0x00, 0x00, 0x00, 0x00, 0x00, 0x00, 0x00, 0x00, 0x00, 0x00, 0x02, 0x01, 0x2a, 0xeb, 0xff, 0xff,
    0xff, 0xff, 0xeb, 0x29, 0x01, 0x02, 0x00, 0x00, 0x00, 0x00, 0x00, 0x00, 0x00, 0x00, 0x00, 0x00,
    0x00, 0x00, 0x00, 0x00, 0x00, 0x00, 0x00, 0x00, 0x00, 0x00, 0x00, 0x00, 0x00, 0x00, 0x00, 0x00,
    0x00, 0x00, 0x00, 0x00, 0x00, 0x00, 0x00, 0x00, 0x00, 0x00, 0x00, 0x00, 0x00, 0x00, 0x00, 0x00,
    0x00, 0x00, 0x00, 0x00, 0x00, 0x00, 0x00, 0x00, 0x00, 0x00, 0x00, 0x00, 0x00, 0x00, 0x00, 0x00,
    0x00, 0x00, 0x00, 0x00, 0x00, 0x00, 0x00, 0x00, 0x00, 0x00, 0x00, 0x00, 0x00, 0x00, 0x00, 0x00,
    0x00, 0x00, 0x00, 0x00, 0x00, 0x00, 0x00, 0x00, 0x00, 0x00, 0x00, 0x01, 0x00, 0x28, 0xa9, 0xe6,
    0xe6, 0xa9, 0x27, 0x00, 0x01, 0x00, 0x00, 0x00, 0x00, 0x00, 0x00, 0x00, 0x00, 0x00, 0x00, 0x00,
    0x00, 0x00, 0x00, 0x00, 0x00, 0x00, 0x00, 0x00, 0x00, 0x00, 0x00, 0x00, 0x00, 0x00, 0x00, 0x00,
    0x00, 0x00, 0x00, 0x00, 0x00, 0x00, 0x00, 0x00, 0x00, 0x00, 0x00, 0x00, 0x00, 0x00, 0x00, 0x00,
    0x00, 0x00, 0x00, 0x00, 0x00, 0x00, 0x00, 0x00, 0x00, 0x00, 0x00, 0x00, 0x00, 0x00, 0x00, 0x00,
    0x00, 0x00, 0x00, 0x00, 0x00, 0x00, 0x00, 0x00, 0x00, 0x00, 0x00, 0x00, 0x00, 0x00, 0x00, 0x00,
    0x00, 0x00, 0x00, 0x00, 0x00, 0x00, 0x00, 0x00, 0x00, 0x00, 0x00, 0x00, 0x02, 0x00, 0x00, 0x0c,
    0x0c, 0x00, 0x00, 0x02, 0x00, 0x00, 0x00, 0x00, 0x00, 0x00, 0x00, 0x00, 0x00, 0x00, 0x00, 0x00,
    0x00, 0x00, 0x00, 0x00, 0x00, 0x00, 0x00, 0x00, 0x00, 0x00, 0x00, 0x00, 0x00, 0x00, 0x00, 0x00,
    0x00, 0x00, 0x00, 0x00, 0x00, 0x00, 0x00, 0x00, 0x00, 0x00, 0x00, 0x00, 0x00, 0x00, 0x00, 0x00,
    0x00, 0x00, 0x00, 0x00, 0x00, 0x00, 0x00, 0x00, 0x00, 0x00, 0x00, 0x00, 0x00, 0x00, 0x00, 0x00,
    0x00, 0x00, 0x00, 0x00, 0x00, 0x00, 0x00, 0x00, 0x00, 0x00, 0x00, 0x00, 0x00, 0x00, 0x00, 0x00,
    0x00, 0x00, 0x00, 0x00, 0x00, 0x00, 0x00, 0x00, 0x00, 0x00, 0x00, 0x00, 0x00, 0x02, 0x03, 0x00,
    0x00, 0x03, 0x02, 0x00, 0x00, 0x00, 0x00, 0x00, 0x00, 0x00, 0x00, 0x00, 0x00, 0x00, 0x00, 0x00,
    0x00, 0x00, 0x00, 0x00, 0x00, 0x00, 0x00, 0x00, 0x00, 0x00, 0x00, 0x00, 0x00, 0x00, 0x00, 0x00,
    0x00, 0x00, 0x00, 0x00, 0x00, 0x00, 0x00, 0x00, 0x00, 0x00, 0x00, 0x00, 0x00, 0x00, 0x00, 0x00,
    0x00, 0x00, 0x00, 0x00, 0x00, 0x00, 0x00, 0x00, 0x00, 0x00, 0x00, 0x00, 0x00, 0x00, 0x00, 0x00,
    0x00, 0x00, 0x00, 0x00, 0x00, 0x00, 0x00, 0x00, 0x00, 0x00, 0x00, 0x00, 0x00, 0x00, 0x00, 0x00,
    0x00, 0x00, 0x00, 0x00, 0x00, 0x00, 0x00, 0x00, 0x00, 0x00, 0x00, 0x00, 0x00, 0x00, 0x00, 0x01,
    0x01, 0x00, 0x00, 0x00, 0x00, 0x00, 0x00, 0x00, 0x00, 0x00, 0x00, 0x00, 0x00, 0x00, 0x00, 0x00,
    0x00, 0x00, 0x00, 0x00, 0x00, 0x00, 0x00, 0x00, 0x00, 0x00, 0x00, 0x00, 0x00, 0x00, 0x00, 0x00,
    0x00, 0x00, 0x00, 0x00, 0x00, 0x00, 0x00, 0x00, 0x00, 0x00, 0x00, 0x00, 0x00, 0x00, 0x00, 0x00,
    0x00, 0x00, 0x00, 0x00, 0x00, 0x00, 0x00, 0x00, 0x00, 0x00, 0x00, 0x00, 0x00, 0x00, 0x00, 0x00,
    0x00, 0x00, 0x00, 0x00, 0x00, 0x00, 0x00, 0x00, 0x00, 0x00, 0x00, 0x00, 0x00, 0x00, 0x00, 0x00,
    0x00, 0x00, 0x00, 0x00, 0x00, 0x00, 0x00, 0x00, 0x00, 0x00, 0x00, 0x00, 0x00, 0x00, 0x00, 0x00,
    0x00, 0x00, 0x00, 0x00, 0x00, 0x00, 0x00, 0x00, 0x00, 0x00, 0x00, 0x00, 0x00, 0x00, 0x00, 0x00,
    0x00, 0x00, 0x00, 0x00, 0x00, 0x00, 0x00, 0x00, 0x00, 0x00, 0x00, 0x00, 0x00, 0x00, 0x00, 0x00,
    0x00, 0x00, 0x00, 0x00, 0x00, 0x00, 0x00, 0x00, 0x00, 0x00, 0x00, 0x00, 0x00, 0x00, 0x00, 0x00,
    0x00, 0x00, 0x00, 0x00, 0x00, 0x00, 0x00, 0x00, 0x00, 0x00, 0x00, 0x00, 0x00, 0x00, 0x00, 0x00,
    0x00, 0x00, 0x00, 0x00, 0x00, 0x00, 0x00, 0x00, 0x00, 0x00, 0x00, 0x00, 0x00, 0x00, 0x00, 0x00,
    0x00, 0x00, 0x00, 0x00, 0x00, 0x00, 0x00, 0x00, 0x00, 0x00, 0x00, 0x00, 0x00, 0x00, 0x00, 0x00,
    0x00, 0x00, 0x00, 0x00, 0x00, 0x00, 0x00, 0x00, 0x00, 0x00, 0x00, 0x00, 0x00, 0x00, 0x00, 0x00,
    0x00, 0x00, 0x00, 0x00, 0x00, 0x00, 0x00, 0x00, 0x00, 0x00, 0x00, 0x00, 0x00, 0x00, 0x00, 0x00,
    0x00, 0x00, 0x00, 0x00, 0x00, 0x00, 0x00, 0x00, 0x00, 0x00, 0x00, 0x00, 0x00, 0x00, 0x00, 0x00,
    0x00, 0x00, 0x00, 0x00, 0x00, 0x00, 0x00, 0x00, 0x00, 0x00, 0x00, 0x00, 0x00, 0x00, 0x00, 0x00,
    0x00, 0x00, 0x00, 0x00, 0x00, 0x00, 0x00, 0x00, 0x00, 0x00, 0x00, 0x00, 0x00, 0x00, 0x00, 0x00,
    0x00, 0x00, 0x00, 0x00, 0x00, 0x00, 0x00, 0x00, 0x00, 0x00, 0x00, 0x00, 0x00, 0x00, 0x00, 0x00,
    0x00, 0x00, 0x00, 0x00, 0x00, 0x00, 0x00, 0x00, 0x00, 0x00, 0x00, 0x00, 0x00, 0x00, 0x00, 0x00,
    0x00, 0x00, 0x00, 0x00, 0x00, 0x00, 0x00, 0x00, 0x00, 0x00, 0x00, 0x00, 0x00, 0x00, 0x00, 0x00,
    0x00, 0x00, 0x00, 0x00, 0x00, 0x00, 0x00, 0x00, 0x00, 0x00, 0x00, 0x00, 0x00, 0x00, 0x00, 0x00,
    0x00, 0x00, 0x00, 0x00, 0x00, 0x00, 0x00, 0x00, 0x00, 0x00, 0x00, 0x00, 0x00, 0x00, 0x00, 0x00,
    0x00, 0x00, 0x00, 0x00, 0x00, 0x00, 0x00, 0x00, 0x00, 0x00, 0x00, 0x00, 0x00, 0x00, 0x00, 0x00,
    0x00, 0x00, 0x00, 0x00, 0x00, 0x00, 0x00, 0x00, 0x00, 0x00, 0x00, 0x00, 0x00, 0x00, 0x00, 0x00,
    0x00, 0x00, 0x00, 0x00, 0x00, 0x00, 0x00, 0x00, 0x00, 0x00, 0x00, 0x00, 0x00, 0x00, 0x00, 0x00,
    0x00, 0x00, 0x00, 0x00, 0x00, 0x00, 0x00, 0x00, 0x00, 0x00, 0x00, 0x00, 0x00, 0x00, 0x00, 0x00,
    0x00, 0x00, 0x00, 0x00, 0x00, 0x00, 0x00, 0x00, 0x00, 0x00, 0x00, 0x00, 0x00, 0x00, 0x00, 0x00,
    0x00, 0x00, 0x00, 0x00, 0x00, 0x00, 0x00, 0x00, 0x00, 0x00, 0x00, 0x00, 0x00, 0x00, 0x00, 0x00,
    0x00, 0x00, 0x00, 0x00, 0x00, 0x00, 0x00, 0x00, 0x00, 0x00, 0x00, 0x00, 0x00, 0x00, 0x00, 0x00,
    0x00, 0x00, 0x00, 0x00, 0x00, 0x00, 0x00, 0x00, 0x00, 0x00, 0x00, 0x00, 0x00, 0x00, 0x00, 0x00,
    0x00, 0x00, 0x00, 0x00, 0x00, 0x00, 0x00, 0x00, 0x00, 0x00, 0x00, 0x00, 0x00, 0x00, 0x00, 0x00,
    0x00, 0x00, 0x00, 0x00, 0x00, 0x00, 0x00, 0x00, 0x00, 0x00, 0x00, 0x00, 0x00, 0x00, 0x00, 0x00,
    0x00, 0x00, 0x00, 0x00, 0x00, 0x00, 0x00, 0x00, 0x00, 0x00, 0x00, 0x00, 0x00, 0x00, 0x00, 0x00,
};

/* thermometer 16px */
static const uint8_t icon_thermometer_16_map[] = {
    0x00, 0x00, 0x00, 0x00, 0x00, 0x00, 0x00, 0x00, 0x00, 0x03, 0x00, 0x00, 0x02, 0x01, 0x00, 0x00,
    0x00, 0x00, 0x00, 0x00, 0x00, 0x00, 0x00, 0x00, 0x02, 0x00, 0x00, 0x0b, 0x00, 0x00, 0x00, 0x00,
    0x00, 0x00, 0x00, 0x00, 0x00, 0x00, 0x00, 0x04, 0x00, 0x4e, 0xd1, 0xfa, 0xb2, 0x1a, 0x01, 0x02,
    0x00, 0x00, 0x00, 0x00, 0x00, 0x00, 0x05, 0x00, 0x56, 0xff, 0xf7, 0xa5, 0xff, 0xb6, 0x00, 0x02,
    0x00, 0x00, 0x00, 0x00, 0x00, 0x05, 0x00, 0x56, 0xfe, 0xeb, 0xff, 0x40, 0x8e, 0xff, 0x0a, 0x00,
    0x00, 0x00, 0x00, 0x00, 0x04, 0x00, 0x54, 0xff, 0xe8, 0x2a, 0x5f, 0x3d, 0xd7, 0xdf, 0x03, 0x01,
    0x00, 0x00, 0x00, 0x03, 0x00, 0x54, 0xfd, 0xed, 0xff, 0x53, 0x00, 0xd2, 0xff, 0x48, 0x00, 0x03,
    0x00, 0x00, 0x02, 0x00, 0x52, 0xff, 0xe9, 0x2b, 0x5f, 0x3c, 0xd1, 0xff, 0x50, 0x00, 0x02, 0x00,
    0x00, 0x01, 0x00, 0x1a, 0xf6, 0xf1, 0xff, 0x53, 0x00, 0xd4, 0xff, 0x4e, 0x00, 0x04, 0x00, 0x00,
    0x00, 0x02, 0x00, 0x28, 0xff, 0x71, 0x4d, 0x3f, 0xd3, 0xff, 0x4d, 0x00, 0x04, 0x00, 0x00, 0x00,
    0x00, 0x03, 0x00, 0x1e, 0xfc, 0xb1, 0x60, 0xd7, 0xff, 0x4d, 0x00, 0x04, 0x00, 0x00, 0x00, 0x00,
    0x01, 0x00, 0x00, 0x9c, 0xff, 0xff, 0xff, 0xf6, 0x4d, 0x00, 0x04, 0x00, 0x00, 0x00, 0x00, 0x00,
    0x02, 0x08, 0x9e, 0xff, 0x94, 0x28, 0x29, 0x18, 0x00, 0x03, 0x00, 0x00, 0x00, 0x00, 0x00, 0x00,
    0x00, 0x19, 0xf9, 0x94, 0x00, 0x00, 0x00, 0x00, 0x02, 0x00, 0x00, 0x00, 0x00, 0x00, 0x00, 0x00,
    0x00, 0x00, 0x17, 0x00, 0x01, 0x02, 0x02, 0x01, 0x00, 0x00, 0x00, 0x00, 0x00, 0x00, 0x00, 0x00,
    0x00, 0x00, 0x00, 0x01, 0x00, 0x00, 0x00, 0x00, 0x00, 0x00, 0x00, 0x00, 0x00, 0x00, 0x00, 0x00,
};

/* thermometer 24px */
static const uint8_t icon_thermometer_24_map[] = {
    0x00, 0x00, 0x00, 0x00, 0x00, 0x00, 0x00, 0x00, 0x00, 0x00, 0x00, 0x00, 0x00, 0x00, 0x00, 0x00,
    0x00, 0x00, 0x00, 0x00, 0x00, 0x00, 0x00, 0x00, 0x00, 0x00, 0x00, 0x00, 0x00, 0x00, 0x00, 0x00,
    0x00, 0x00, 0x00, 0x00, 0x00, 0x00, 0x01, 0x04, 0x02, 0x02, 0x04, 0x01, 0x00, 0x00, 0x00, 0x00,
    0x00, 0x00, 0x00, 0x00, 0x00, 0x00, 0x00, 0x00, 0x00, 0x00, 0x00, 0x00, 0x00, 0x02, 0x00, 0x00,
    0x00, 0x00, 0x00, 0x00, 0x01, 0x00, 0x00, 0x00, 0x00, 0x00, 0x00, 0x00, 0x00, 0x00, 0x00, 0x00,
    0x00, 0x00, 0x00, 0x00, 0x02, 0x00, 0x0b, 0x81, 0xc1, 0xbf, 0x7f, 0x0b, 0x00, 0x01, 0x00, 0x00,
    0x00, 0x00, 0x00, 0x00, 0x00, 0x00, 0x00, 0x00, 0x00, 0x00, 0x00, 0x03, 0x00, 0x19, 0xca, 0xff,
    0xff, 0xff, 0xff, 0xc6, 0x0f, 0x02, 0x01, 0x00, 0x00, 0x00, 0x00, 0x00, 0x00, 0x00, 0x00, 0x00,
    0x00, 0x00, 0x03, 0x00, 0x14, 0xcd, 0xff, 0xf5, 0x5d, 0x48, 0xd3, 0xff, 0x7e, 0x00, 0x04, 0x00,
    0x00, 0x00, 0x00, 0x00, 0x00, 0x00, 0x00, 0x00, 0x00, 0x03, 0x00, 0x14, 0xcc, 0xff, 0xf7, 0xff,
    0xc3, 0x00, 0x42, 0xfd, 0xc2, 0x00, 0x02, 0x00, 0x00, 0x00, 0x00, 0x00, 0x00, 0x00, 0x00, 0x00,
    0x03, 0x00, 0x19, 0xcd, 0xff, 0xc4, 0x35, 0xc8, 0xd0, 0x03, 0x41, 0xfd, 0xc4, 0x00, 0x02, 0x00,
    0x00, 0x00, 0x00, 0x00, 0x00, 0x00, 0x00, 0x03, 0x00, 0x14, 0xcd, 0xff, 0xf2, 0x29, 0x00, 0x08,
    0x00, 0x14, 0xcd, 0xff, 0x7e, 0x00, 0x04, 0x00, 0x00, 0x00, 0x00, 0x00, 0x00, 0x00, 0x03, 0x00,
    0x14, 0xcc, 0xff, 0xf7, 0xff, 0xc9, 0x0e, 0x00, 0x14, 0xc9, 0xff, 0xc8, 0x0d, 0x02, 0x01, 0x00,
    0x00, 0x00, 0x00, 0x00, 0x00, 0x02, 0x00, 0x19, 0xcd, 0xff, 0xc4, 0x35, 0xc8, 0xcd, 0x07, 0x15,
    0xca, 0xff, 0xc9, 0x14, 0x00, 0x01, 0x00, 0x00, 0x00, 0x00, 0x00, 0x00, 0x01, 0x01, 0x15, 0xce,
    0xff, 0xf2, 0x29, 0x00, 0x08, 0x00, 0x13, 0xca, 0xff, 0xc9, 0x14, 0x00, 0x02, 0x00, 0x00, 0x00,
    0x00, 0x00, 0x00, 0x01, 0x02, 0x05, 0xc2, 0xff, 0xf6, 0xff, 0xc9, 0x0e, 0x00, 0x14, 0xca, 0xff,
    0xca, 0x14, 0x00, 0x03, 0x00, 0x00, 0x00, 0x00, 0x00, 0x00, 0x00, 0x01, 0x00, 0x10, 0xf8, 0xf5,
    0x38, 0xc5, 0xce, 0x07, 0x16, 0xca, 0xff, 0xc9, 0x14, 0x00, 0x03, 0x00, 0x00, 0x00, 0x00, 0x00,
    0x00, 0x00, 0x00, 0x01, 0x00, 0x10, 0xf2, 0xf3, 0x00, 0x00, 0x00, 0x13, 0xca, 0xff, 0xc9, 0x14,
    0x00, 0x03, 0x00, 0x00, 0x00, 0x00, 0x00, 0x00, 0x00, 0x00, 0x00, 0x01, 0x01, 0x0d, 0xf2, 0xf3,
    0x21, 0x0f, 0x22, 0xc9, 0xff, 0xc9, 0x14, 0x00, 0x03, 0x00, 0x00, 0x00, 0x00, 0x00, 0x00, 0x00,
    0x00, 0x00, 0x00, 0x03, 0x00, 0x1d, 0xf2, 0xff, 0xf3, 0xf3, 0xfa, 0xff, 0xca, 0x14, 0x00, 0x03,
    0x00, 0x00, 0x00, 0x00, 0x00, 0x00, 0x00, 0x00, 0x00, 0x00, 0x02, 0x00, 0x14, 0xc8, 0xff, 0xf5,
    0xf2, 0xf2, 0xf0, 0xbd, 0x14, 0x00, 0x03, 0x00, 0x00, 0x00, 0x00, 0x00, 0x00, 0x00, 0x00, 0x00,
    0x00, 0x01, 0x00, 0x13, 0xc8, 0xff, 0xca, 0x23, 0x11, 0x10, 0x10, 0x00, 0x00, 0x02, 0x00, 0x00,
    0x00, 0x00, 0x00, 0x00, 0x00, 0x00, 0x00, 0x00, 0x01, 0x01, 0x09, 0xcb, 0xff, 0xc8, 0x14, 0x00,
    0x00, 0x00, 0x00, 0x00, 0x01, 0x00, 0x00, 0x00, 0x00, 0x00, 0x00, 0x00, 0x00, 0x00, 0x00, 0x00,
    0x01, 0x01, 0x09, 0xc8, 0xc6, 0x13, 0x00, 0x03, 0x01, 0x01, 0x01, 0x01, 0x00, 0x00, 0x00, 0x00,
    0x00, 0x00, 0x00, 0x00, 0x00, 0x00, 0x00, 0x00, 0x00, 0x01, 0x00, 0x02, 0x03, 0x00, 0x02, 0x00,
    0x00, 0x00, 0x00, 0x00, 0x00, 0x00, 0x00, 0x00, 0x00, 0x00, 0x00, 0x00, 0x00, 0x00, 0x00, 0x00,
    0x00, 0x00, 0x00, 0x00, 0x00, 0x01, 0x00, 0x00, 0x00, 0x00, 0x00, 0x00, 0x00, 0x00, 0x00, 0x00,
    0x00, 0x00, 0x00, 0x00, 0x00, 0x00, 0x00, 0x00, 0x00, 0x00, 0x00, 0x01, 0x01, 0x00, 0x00, 0x00,
    0x00, 0x00, 0x00, 0x00, 0x00, 0x00, 0x00, 0x00, 0x00, 0x00, 0x00, 0x00, 0x00, 0x00, 0x00, 0x00,
};

/* timer 16px */
static const uint8_t icon_timer_16_map[] = {
    0x00, 0x00, 0x00, 0x03, 0x00, 0x00, 0x00, 0x00, 0x00, 0x00, 0x00, 0x00, 0x03, 0x00, 0x00, 0x00,
    0x00, 0x00, 0x01, 0x00, 0x1b, 0x0a, 0x04, 0x02, 0x02, 0x04, 0x0a, 0x1b, 0x00, 0x01, 0x00, 0x00,
    0x01, 0x01, 0x00, 0x6b, 0xff, 0x5a, 0x00, 0x00, 0x00, 0x00, 0x5b, 0xff, 0x6b, 0x00, 0x01, 0x01,
    0x02, 0x04, 0xb3, 0xff, 0xad, 0x52, 0x94, 0xcc, 0xcc, 0x94, 0x52, 0xad, 0xff, 0xb1, 0x04, 0x02,
    0x01, 0x04, 0xa8, 0x70, 0x72, 0xff, 0xff, 0xdb, 0xdb, 0xff, 0xff, 0x71, 0x70, 0xa8, 0x03, 0x01,
    0x00, 0x02, 0x00, 0x5b, 0xff, 0xb4, 0x2b, 0x11, 0x12, 0x2d, 0xb6, 0xff, 0x5a, 0x00, 0x02, 0x00,
    0x01, 0x00, 0x13, 0xf8, 0xca, 0x03, 0x00, 0xc0, 0xbd, 0x00, 0x03, 0xcb, 0xf8, 0x13, 0x00, 0x01,
    0x04, 0x00, 0x4d, 0xff, 0x4a, 0x00, 0x02, 0xd1, 0xdb, 0x1b, 0x00, 0x4b, 0xff, 0x4b, 0x00, 0x04,
    0x04, 0x00, 0x6f, 0xfe, 0x25, 0x01, 0x00, 0xc9, 0xff, 0xf9, 0x12, 0x1f, 0xfe, 0x6f, 0x00, 0x04,
    0x04, 0x00, 0x61, 0xfe, 0x33, 0x02, 0x02, 0x42, 0x75, 0x66, 0x07, 0x32, 0xfe, 0x60, 0x00, 0x04,
    0x02, 0x00, 0x25, 0xff, 0x94, 0x00, 0x05, 0x00, 0x00, 0x00, 0x00, 0x95, 0xff, 0x24, 0x00, 0x02,
    0x00, 0x03, 0x00, 0xa3, 0xff, 0x5f, 0x00, 0x00, 0x00, 0x00, 0x60, 0xff, 0xa2, 0x00, 0x03, 0x00,
    0x00, 0x01, 0x02, 0x0e, 0xbc, 0xff, 0xbf, 0x7b, 0x7c, 0xbf, 0xff, 0xbb, 0x0d, 0x02, 0x01, 0x00,
    0x00, 0x00, 0x01, 0x00, 0x06, 0x79, 0xe3, 0xff, 0xff, 0xe3, 0x79, 0x05, 0x00, 0x01, 0x00, 0x00,
    0x00, 0x00, 0x00, 0x01, 0x00, 0x00, 0x00, 0x1a, 0x1a, 0x00, 0x00, 0x00, 0x01, 0x00, 0x00, 0x00,
    0x00, 0x00, 0x00, 0x00, 0x01, 0x04, 0x00, 0x00, 0x00, 0x00, 0x04, 0x01, 0x00, 0x00, 0x00, 0x00,
};

/* timer 20px */
static const uint8_t icon_timer_20_map[] = {
    0x00, 0x00, 0x00, 0x00, 0x00, 0x04, 0x02, 0x00, 0x00, 0x00, 0x00, 0x00, 0x00, 0x02, 0x04, 0x00,
    0x00, 0x00, 0x00, 0x00, 0x00, 0x00, 0x00, 0x01, 0x01, 0x00, 0x00, 0x00, 0x00, 0x00, 0x00, 0x00,
    0x00, 0x00, 0x00, 0x01, 0x01, 0x00, 0x00, 0x00, 0x00, 0x00, 0x02, 0x00, 0x00, 0x64, 0x42, 0x03,
    0x05, 0x02, 0x02, 0x05, 0x03, 0x43, 0x64, 0x00, 0x00, 0x02, 0x00, 0x00, 0x00, 0x01, 0x00, 0x19,
    0xab, 0xff, 0x9f, 0x00, 0x00, 0x00, 0x00, 0x00, 0x00, 0x9f, 0xff, 0xab, 0x19, 0x00, 0x01, 0x00,
    0x02, 0x01, 0x2d, 0xf0, 0xff, 0x8e, 0x0a, 0x4f, 0xa2, 0xcc, 0xcb, 0xa1, 0x4f, 0x09, 0x8e, 0xff,
    0xef, 0x2c, 0x01, 0x02, 0x02, 0x00, 0x2c, 0xcb, 0x53, 0x16, 0xbf, 0xff, 0xff, 0xdf, 0xdf, 0xff,
    0xff, 0xbe, 0x16, 0x54, 0xcb, 0x2a, 0x00, 0x02, 0x00, 0x00, 0x00, 0x00, 0x12, 0xe4, 0xff, 0x7d,
    0x1a, 0x00, 0x00, 0x1a, 0x7e, 0xff, 0xe4, 0x12, 0x00, 0x00, 0x00, 0x00, 0x00, 0x00, 0x03, 0x03,
    0xc4, 0xff, 0x54, 0x00, 0x00, 0x54, 0x54, 0x00, 0x00, 0x54, 0xff, 0xc3, 0x03, 0x03, 0x00, 0x00,
    0x00, 0x03, 0x00, 0x3b, 0xff, 0x98, 0x00, 0x06, 0x01, 0xe5, 0xe3, 0x00, 0x06, 0x00, 0x99, 0xff,
    0x3a, 0x00, 0x03, 0x00, 0x00, 0x04, 0x00, 0x85, 0xfe, 0x2e, 0x02, 0x03, 0x00, 0xd3, 0xd5, 0x0c,
    0x00, 0x02, 0x2f, 0xfe, 0x83, 0x00, 0x04, 0x00, 0x00, 0x03, 0x00, 0xa6, 0xff, 0x13, 0x00, 0x02,
    0x00, 0xda, 0xff, 0xfc, 0x67, 0x00, 0x17, 0xff, 0xa5, 0x00, 0x03, 0x00, 0x00, 0x04, 0x00, 0x9f,
    0xfe, 0x17, 0x01, 0x03, 0x00, 0x68, 0xb2, 0xad, 0x3b, 0x01, 0x1a, 0xfe, 0x9e, 0x00, 0x03, 0x00,
    0x00, 0x04, 0x00, 0x72, 0xff, 0x49, 0x00, 0x04, 0x00, 0x00, 0x00, 0x00, 0x00, 0x00, 0x4a, 0xff,
    0x70, 0x00, 0x04, 0x00, 0x00, 0x02, 0x00, 0x1e, 0xfa, 0xc6, 0x00, 0x01, 0x05, 0x05, 0x05, 0x08,
    0x02, 0x00, 0xc7, 0xfa, 0x1d, 0x00, 0x02, 0x00, 0x00, 0x00, 0x03, 0x00, 0x84, 0xff, 0x96, 0x03,
    0x00, 0x00, 0x00, 0x00, 0x04, 0x97, 0xff, 0x83, 0x00, 0x03, 0x00, 0x00, 0x00, 0x00, 0x01, 0x02,
    0x03, 0xab, 0xff, 0xce, 0x60, 0x38, 0x38, 0x61, 0xcf, 0xff, 0xab, 0x03, 0x02, 0x01, 0x00, 0x00,
    0x00, 0x00, 0x00, 0x01, 0x01, 0x02, 0x80, 0xf6, 0xff, 0xff, 0xff, 0xff, 0xf5, 0x7f, 0x02, 0x01,
    0x01, 0x00, 0x00, 0x00, 0x00, 0x00, 0x00, 0x00, 0x01, 0x00, 0x00, 0x15, 0x4f, 0x76, 0x75, 0x4f,
    0x15, 0x00, 0x00, 0x01, 0x00, 0x00, 0x00, 0x00, 0x00, 0x00, 0x00, 0x00, 0x00, 0x01, 0x03, 0x00,
    0x00, 0x00, 0x00, 0x00, 0x00, 0x03, 0x01, 0x00, 0x00, 0x00, 0x00, 0x00, 0x00, 0x00, 0x00, 0x00,
    0x00, 0x00, 0x00, 0x01, 0x04, 0x04, 0x04, 0x04, 0x01, 0x00, 0x00, 0x00, 0x00, 0x00, 0x00, 0x00,
};

/* tool 16px */
static const uint8_t icon_tool_16_map[] = {
    0x00, 0x00, 0x00, 0x00, 0x00, 0x00, 0x00, 0x00, 0x00, 0x03, 0x00, 0x00, 0x00, 0x00, 0x00, 0x00,
    0x00, 0x02, 0x04, 0x21, 0x8b, 0xc7, 0xd3, 0x94, 0x2c, 0x00, 0x02, 0x00, 0x00, 0x00, 0x00, 0x00,
    0x00, 0x00, 0x00, 0x64, 0xff, 0xff, 0xc9, 0xff, 0xff, 0x5b, 0x00, 0x02, 0x00, 0x00, 0x00, 0x00,
    0x00, 0x1c, 0x65, 0x00, 0x8f, 0xff, 0x85, 0x1c, 0xd0, 0xfe, 0x2e, 0x00, 0x03, 0x00, 0x00, 0x00,
    0x00, 0x8d, 0xff, 0x93, 0x00, 0x90, 0xff, 0x4a, 0x15, 0xfd, 0x9e, 0x00, 0x04, 0x00, 0x00, 0x00,
    0x00, 0xc8, 0xf9, 0xff, 0x8d, 0x30, 0xf9, 0x7c, 0x00, 0xd3, 0xd9, 0x00, 0x01, 0x00, 0x00, 0x00,
    0x00, 0xd6, 0xcd, 0x8b, 0xff, 0xff, 0xff, 0x74, 0x00, 0xdb, 0xc9, 0x01, 0x02, 0x00, 0x00, 0x00,
    0x00, 0x9b, 0xf8, 0x1d, 0x5a, 0x78, 0x71, 0x15, 0x14, 0xff, 0xba, 0x00, 0x03, 0x01, 0x00, 0x00,
    0x00, 0x2c, 0xff, 0xd1, 0x17, 0x00, 0x00, 0x16, 0x00, 0x97, 0xff, 0x8f, 0x00, 0x03, 0x01, 0x00,
    0x02, 0x00, 0x61, 0xff, 0xff, 0xcf, 0xd8, 0xff, 0x8f, 0x00, 0x9b, 0xff, 0x8f, 0x00, 0x02, 0x01,
    0x00, 0x02, 0x00, 0x30, 0x96, 0xd6, 0xd1, 0xc2, 0xff, 0x91, 0x00, 0x99, 0xff, 0x91, 0x00, 0x02,
    0x00, 0x00, 0x02, 0x00, 0x00, 0x00, 0x00, 0x00, 0x97, 0xff, 0x90, 0x00, 0x97, 0xff, 0x6d, 0x00,
    0x00, 0x00, 0x00, 0x02, 0x04, 0x01, 0x02, 0x02, 0x00, 0x98, 0xff, 0x8e, 0x00, 0xd4, 0xd8, 0x00,
    0x00, 0x00, 0x00, 0x00, 0x00, 0x00, 0x00, 0x01, 0x03, 0x00, 0x9a, 0xff, 0xcb, 0xff, 0xa8, 0x00,
    0x00, 0x00, 0x00, 0x00, 0x00, 0x00, 0x00, 0x00, 0x01, 0x02, 0x00, 0x7b, 0xd6, 0xaa, 0x16, 0x01,
    0x00, 0x00, 0x00, 0x00, 0x00, 0x00, 0x00, 0x00, 0x00, 0x01, 0x00, 0x00, 0x00, 0x00, 0x00, 0x00,
};

/* tool 20px */
static const uint8_t icon_tool_20_map[] = {
    0x00, 0x00, 0x00, 0x00, 0x01, 0x00, 0x00, 0x00, 0x00, 0x00, 0x03, 0x01, 0x00, 0x00, 0x00, 0x00,
    0x00, 0x00, 0x00, 0x00, 0x00, 0x00, 0x00, 0x00, 0x00, 0x13, 0x53, 0x69, 0x4c, 0x15, 0x00, 0x00,
    0x01, 0x00, 0x00, 0x00, 0x00, 0x00, 0x00, 0x00, 0x00, 0x00, 0x06, 0x02, 0x4a, 0xec, 0xff, 0xff,
    0xff, 0xfb, 0x90, 0x09, 0x00, 0x01, 0x00, 0x00, 0x00, 0x00, 0x00, 0x00, 0x00, 0x01, 0x00, 0x00,
    0x3c, 0xf5, 0xfb, 0x7f, 0x57, 0xc0, 0xff, 0xc1, 0x0d, 0x02, 0x01, 0x00, 0x00, 0x00, 0x00, 0x00,
    0x01, 0x00, 0x45, 0x38, 0x00, 0x3f, 0xf2, 0xe7, 0x2f, 0x00, 0x85, 0xff, 0x93, 0x00, 0x03, 0x00,
    0x00, 0x00, 0x00, 0x00, 0x00, 0x14, 0xf8, 0xf8, 0x41, 0x00, 0x45, 0xf5, 0xf3, 0x1c, 0x00, 0xc8,
    0xfb, 0x18, 0x00, 0x01, 0x00, 0x00, 0x00, 0x00, 0x00, 0x4e, 0xff, 0xff, 0xf6, 0x43, 0x00, 0x7c,
    0xff, 0x33, 0x01, 0x67, 0xff, 0x4e, 0x00, 0x04, 0x00, 0x00, 0x00, 0x00, 0x00, 0x65, 0xfe, 0x83,
    0xee, 0xf7, 0x81, 0xbc, 0xff, 0x34, 0x00, 0x49, 0xfe, 0x64, 0x00, 0x04, 0x00, 0x00, 0x00, 0x00,
    0x00, 0x4f, 0xff, 0x51, 0x35, 0xf4, 0xff, 0xff, 0xf6, 0x28, 0x00, 0x71, 0xfe, 0x40, 0x02, 0x03,
    0x00, 0x00, 0x00, 0x00, 0x00, 0x1a, 0xfd, 0xc8, 0x00, 0x21, 0x38, 0x38, 0x27, 0x05, 0x02, 0xb5,
    0xff, 0x45, 0x00, 0x05, 0x00, 0x00, 0x00, 0x00, 0x03, 0x00, 0x97, 0xff, 0x86, 0x00, 0x00, 0x00,
    0x00, 0x00, 0x00, 0x42, 0xf2, 0xf0, 0x3c, 0x00, 0x04, 0x00, 0x00, 0x00, 0x01, 0x02, 0x0d, 0xc3,
    0xff, 0xc8, 0x65, 0x42, 0x72, 0xad, 0x3d, 0x00, 0x44, 0xf6, 0xf2, 0x3c, 0x00, 0x04, 0x00, 0x00,
    0x00, 0x01, 0x00, 0x0b, 0x91, 0xfa, 0xff, 0xff, 0xff, 0xff, 0xf4, 0x40, 0x00, 0x43, 0xf6, 0xf2,
    0x3c, 0x00, 0x03, 0x00, 0x00, 0x00, 0x01, 0x00, 0x00, 0x16, 0x4d, 0x68, 0x3f, 0x48, 0xf5, 0xf3,
    0x3f, 0x00, 0x43, 0xf5, 0xf3, 0x3b, 0x00, 0x02, 0x00, 0x00, 0x00, 0x01, 0x03, 0x00, 0x00, 0x00,
    0x00, 0x00, 0x3f, 0xf5, 0xf2, 0x3f, 0x00, 0x43, 0xf5, 0xea, 0x16, 0x01, 0x00, 0x00, 0x00, 0x00,
    0x00, 0x01, 0x03, 0x04, 0x03, 0x05, 0x00, 0x3f, 0xf5, 0xf2, 0x40, 0x00, 0x4d, 0xff, 0x5b, 0x00,
    0x00, 0x00, 0x00, 0x00, 0x00, 0x00, 0x00, 0x00, 0x00, 0x00, 0x04, 0x00, 0x3f, 0xf6, 0xf7, 0x50,
    0x84, 0xff, 0x4a, 0x00, 0x00, 0x00, 0x00, 0x00, 0x00, 0x00, 0x00, 0x00, 0x00, 0x00, 0x00, 0x04,
    0x00, 0x41, 0xec, 0xff, 0xff, 0xb5, 0x04, 0x02, 0x00, 0x00, 0x00, 0x00, 0x00, 0x00, 0x00, 0x00,
    0x00, 0x00, 0x00, 0x00, 0x03, 0x00, 0x19, 0x5d, 0x4d, 0x03, 0x00, 0x01, 0x00, 0x00, 0x00, 0x00,
    0x00, 0x00, 0x00, 0x00, 0x00, 0x00, 0x00, 0x00, 0x00, 0x02, 0x00, 0x00, 0x00, 0x00, 0x00, 0x00,
};

/* trash 16px */
static const uint8_t icon_trash_16_map[] = {
    0x00, 0x00, 0x00, 0x00, 0x00, 0x00, 0x00, 0x00, 0x00, 0x00, 0x00, 0x00, 0x00, 0x00, 0x00, 0x00,
    0x00, 0x00, 0x02, 0x04, 0x02, 0x3b, 0xbc, 0xd3, 0xd3, 0xbc, 0x39, 0x02, 0x04, 0x02, 0x00, 0x00,
    0x00, 0x00, 0x00, 0x00, 0x00, 0xc1, 0xff, 0xc9, 0xc9, 0xff, 0xc0, 0x00, 0x00, 0x00, 0x00, 0x00,
    0x00, 0x00, 0x1d, 0x32, 0x24, 0xd5, 0xd1, 0x1d, 0x1d, 0xd1, 0xd5, 0x24, 0x33, 0x1d, 0x00, 0x00,
    0x00, 0x1b, 0xf7, 0xff, 0xff, 0xff, 0xff, 0xff, 0xff, 0xff, 0xff, 0xff, 0xff, 0xf7, 0x1a, 0x00,
    0x03, 0x07, 0x9a, 0xff, 0x8d, 0x75, 0x68, 0x6c, 0x6c, 0x68, 0x75, 0x8d, 0xff, 0x9a, 0x07, 0x03,
    0x04, 0x00, 0x42, 0xff, 0x33, 0x00, 0x4e, 0x07, 0x07, 0x4f, 0x00, 0x33, 0xff, 0x42, 0x00, 0x04,
    0x03, 0x00, 0x3a, 0xff, 0x54, 0x16, 0xff, 0x67, 0x68, 0xff, 0x15, 0x54, 0xff, 0x3a, 0x00, 0x03,
    0x02, 0x00, 0x28, 0xff, 0x67, 0x11, 0xfc, 0x61, 0x62, 0xfc, 0x11, 0x68, 0xff, 0x27, 0x00, 0x02,
    0x02, 0x00, 0x17, 0xff, 0x7e, 0x10, 0xfe, 0x60, 0x61, 0xfe, 0x0f, 0x7f, 0xff, 0x16, 0x00, 0x02,
    0x01, 0x00, 0x09, 0xfb, 0x95, 0x14, 0xff, 0x65, 0x66, 0xff, 0x14, 0x96, 0xfb, 0x09, 0x00, 0x01,
    0x01, 0x00, 0x01, 0xe9, 0xaf, 0x0c, 0xf2, 0x52, 0x53, 0xf2, 0x0c, 0xb0, 0xe8, 0x01, 0x00, 0x01,
    0x00, 0x01, 0x00, 0xd7, 0xce, 0x00, 0x14, 0x00, 0x00, 0x14, 0x00, 0xcf, 0xd6, 0x00, 0x01, 0x00,
    0x00, 0x04, 0x00, 0x92, 0xff, 0xd6, 0xcf, 0xd6, 0xd6, 0xcf, 0xd6, 0xff, 0x91, 0x00, 0x04, 0x00,
    0x00, 0x01, 0x01, 0x0d, 0x8c, 0xce, 0xd3, 0xd2, 0xd2, 0xd3, 0xce, 0x8c, 0x0c, 0x01, 0x01, 0x00,
    0x00, 0x00, 0x00, 0x00, 0x00, 0x00, 0x00, 0x00, 0x00, 0x00, 0x00, 0x00, 0x00, 0x00, 0x00, 0x00,
};

/* trash 20px */
static const uint8_t icon_trash_20_map[] = {
    0x00, 0x00, 0x00, 0x00, 0x00, 0x00, 0x01, 0x00, 0x00, 0x00, 0x00, 0x00, 0x00, 0x01, 0x00, 0x00,
    0x00, 0x00, 0x00, 0x00, 0x00, 0x00, 0x00, 0x00, 0x00, 0x01, 0x00, 0x1d, 0x4b, 0x4c, 0x4c, 0x4b,
    0x1d, 0x00, 0x01, 0x00, 0x00, 0x00, 0x00, 0x00, 0x00, 0x00, 0x00, 0x01, 0x03, 0x01, 0x27, 0xed,
    0xff, 0xff, 0xff, 0xff, 0xec, 0x26, 0x01, 0x03, 0x01, 0x00, 0x00, 0x00, 0x00, 0x00, 0x00, 0x00,
    0x00, 0x00, 0x54, 0xff, 0x83, 0x48, 0x48, 0x83, 0xff, 0x53, 0x00, 0x00, 0x00, 0x00, 0x00, 0x00,
    0x00, 0x00, 0x00, 0x0e, 0x14, 0x0d, 0x5a, 0xfb, 0x51, 0x00, 0x00, 0x51, 0xfb, 0x5a, 0x0d, 0x14,
    0x0e, 0x00, 0x00, 0x00, 0x04, 0x00, 0x69, 0xf4, 0xeb, 0xfc, 0xff, 0xff, 0xff, 0xff, 0xff, 0xff,
    0xff, 0xff, 0xfc, 0xeb, 0xf4, 0x68, 0x00, 0x04, 0x03, 0x01, 0x3a, 0xdd, 0xff, 0xbb, 0xb1, 0xb6,
    0xb5, 0xb3, 0xb3, 0xb5, 0xb6, 0xb1, 0xbb, 0xff, 0xdd, 0x39, 0x01, 0x02, 0x00, 0x04, 0x00, 0x81,
    0xfe, 0x1a, 0x00, 0x00, 0x00, 0x00, 0x00, 0x00, 0x00, 0x00, 0x1a, 0xfe, 0x80, 0x00, 0x04, 0x00,
    0x00, 0x04, 0x02, 0x72, 0xff, 0x3d, 0x03, 0x46, 0xa1, 0x0e, 0x0e, 0xa1, 0x46, 0x03, 0x3e, 0xff,
    0x71, 0x02, 0x04, 0x00, 0x00, 0x04, 0x00, 0x5b, 0xff, 0x51, 0x00, 0x8a, 0xff, 0x23, 0x23, 0xff,
    0x8a, 0x00, 0x51, 0xff, 0x5a, 0x00, 0x04, 0x00, 0x00, 0x03, 0x00, 0x45, 0xff, 0x66, 0x00, 0x81,
    0xfb, 0x22, 0x22, 0xfb, 0x81, 0x00, 0x67, 0xff, 0x45, 0x00, 0x03, 0x00, 0x00, 0x03, 0x00, 0x33,
    0xff, 0x7c, 0x00, 0x84, 0xff, 0x22, 0x22, 0xff, 0x84, 0x00, 0x7d, 0xff, 0x32, 0x00, 0x03, 0x00,
    0x00, 0x02, 0x00, 0x23, 0xff, 0x93, 0x00, 0x82, 0xfe, 0x22, 0x22, 0xfe, 0x82, 0x00, 0x94, 0xff,
    0x22, 0x00, 0x02, 0x00, 0x00, 0x01, 0x00, 0x13, 0xff, 0xaa, 0x00, 0x87, 0xff, 0x24, 0x24, 0xff,
    0x87, 0x00, 0xab, 0xff, 0x13, 0x00, 0x01, 0x00, 0x00, 0x01, 0x00, 0x07, 0xf3, 0xc1, 0x04, 0x6a,
    0xea, 0x18, 0x18, 0xeb, 0x6a, 0x04, 0xc2, 0xf2, 0x07, 0x00, 0x01, 0x00, 0x00, 0x01, 0x00, 0x00,
    0xe0, 0xd1, 0x00, 0x00, 0x00, 0x00, 0x00, 0x00, 0x00, 0x00, 0xd2, 0xdf, 0x00, 0x00, 0x01, 0x00,
    0x00, 0x00, 0x03, 0x00, 0xb5, 0xfc, 0x64, 0x4b, 0x4c, 0x4e, 0x4e, 0x4c, 0x4b, 0x64, 0xfc, 0xb3,
    0x00, 0x03, 0x00, 0x00, 0x00, 0x00, 0x02, 0x01, 0x34, 0xec, 0xff, 0xff, 0xff, 0xff, 0xff, 0xff,
    0xff, 0xff, 0xec, 0x33, 0x01, 0x02, 0x00, 0x00, 0x00, 0x00, 0x00, 0x01, 0x00, 0x1a, 0x48, 0x4d,
    0x4d, 0x4d, 0x4d, 0x4d, 0x4d, 0x48, 0x1a, 0x00, 0x01, 0x00, 0x00, 0x00, 0x00, 0x00, 0x00, 0x00,
    0x02, 0x00, 0x00, 0x00, 0x00, 0x00, 0x00, 0x00, 0x00, 0x00, 0x00, 0x02, 0x00, 0x00, 0x00, 0x00,
};

/* user 16px */
static const uint8_t icon_user_16_map[] = {
    0x00, 0x00, 0x00, 0x00, 0x00, 0x00, 0x00, 0x00, 0x00, 0x00, 0x00, 0x00, 0x00, 0x00, 0x00, 0x00,
    0x00, 0x00, 0x00, 0x01, 0x01, 0x02, 0x6f, 0xc4, 0xc4, 0x6e, 0x01, 0x01, 0x01, 0x00, 0x00, 0x00,
    0x00, 0x00, 0x00, 0x02, 0x00, 0x9e, 0xff, 0xe7, 0xe8, 0xff, 0x9c, 0x00, 0x02, 0x00, 0x00, 0x00,
    0x00, 0x00, 0x03, 0x00, 0x38, 0xff, 0x90, 0x04, 0x05, 0x91, 0xff, 0x36, 0x00, 0x03, 0x00, 0x00,
    0x00, 0x00, 0x04, 0x00, 0x72, 0xfc, 0x1d, 0x02, 0x02, 0x1e, 0xfc, 0x71, 0x00, 0x04, 0x00, 0x00,
    0x00, 0x00, 0x04, 0x00, 0x58, 0xff, 0x57, 0x00, 0x00, 0x58, 0xff, 0x57, 0x00, 0x04, 0x00, 0x00,
    0x00, 0x00, 0x01, 0x01, 0x0d, 0xda, 0xff, 0x89, 0x8a, 0xff, 0xd9, 0x0d, 0x01, 0x01, 0x00, 0x00,
    0x00, 0x00, 0x00, 0x02, 0x00, 0x28, 0xc1, 0xff, 0xff, 0xc1, 0x28, 0x00, 0x02, 0x00, 0x00, 0x00,
    0x00, 0x00, 0x00, 0x01, 0x00, 0x00, 0x00, 0x15, 0x15, 0x00, 0x00, 0x00, 0x01, 0x00, 0x00, 0x00,
    0x00, 0x00, 0x01, 0x00, 0x1d, 0x98, 0xcf, 0xce, 0xce, 0xcf, 0x98, 0x1d, 0x00, 0x01, 0x00, 0x00,
    0x00, 0x02, 0x01, 0x15, 0xdc, 0xff, 0xdd, 0xd6, 0xd6, 0xdd, 0xff, 0xdb, 0x14, 0x01, 0x01, 0x00,
    0x00, 0x04, 0x00, 0x8a, 0xff, 0x45, 0x00, 0x00, 0x00, 0x00, 0x45, 0xff, 0x89, 0x00, 0x04, 0x00,
    0x00, 0x02, 0x00, 0xcc, 0xd6, 0x00, 0x00, 0x01, 0x01, 0x00, 0x00, 0xd7, 0xcb, 0x00, 0x02, 0x00,
    0x00, 0x01, 0x00, 0xdd, 0xdc, 0x02, 0x03, 0x00, 0x00, 0x02, 0x02, 0xdc, 0xdd, 0x00, 0x01, 0x00,
    0x00, 0x02, 0x00, 0x87, 0x87, 0x00, 0x02, 0x00, 0x00, 0x02, 0x00, 0x88, 0x86, 0x00, 0x02, 0x00,
    0x00, 0x00, 0x00, 0x00, 0x00, 0x00, 0x00, 0x00, 0x00, 0x00, 0x00, 0x00, 0x00, 0x00, 0x00, 0x00,
};

/* user 20px */
static const uint8_t icon_user_20_map[] = {
    0x00, 0x00, 0x00, 0x00, 0x00, 0x00, 0x00, 0x03, 0x00, 0x00, 0x00, 0x00, 0x03, 0x00, 0x00, 0x00,
    0x00, 0x00, 0x00, 0x00, 0x00, 0x00, 0x00, 0x00, 0x00, 0x00, 0x01, 0x00, 0x15, 0x44, 0x44, 0x14,
    0x00, 0x01, 0x00, 0x00, 0x00, 0x00, 0x00, 0x00, 0x00, 0x00, 0x00, 0x00, 0x00, 0x02, 0x00, 0x75,
    0xf6, 0xff, 0xff, 0xf5, 0x74, 0x00, 0x02, 0x00, 0x00, 0x00, 0x00, 0x00, 0x00, 0x00, 0x00, 0x00,
    0x03, 0x00, 0x6b, 0xff, 0xd4, 0x65, 0x65, 0xd5, 0xff, 0x6a, 0x00, 0x03, 0x00, 0x00, 0x00, 0x00,
    0x00, 0x00, 0x00, 0x01, 0x00, 0x0b, 0xed, 0xe1, 0x0e, 0x00, 0x00, 0x0e, 0xe2, 0xed, 0x0a, 0x00,
    0x01, 0x00, 0x00, 0x00, 0x00, 0x00, 0x00, 0x02, 0x00, 0x29, 0xff, 0x8f, 0x00, 0x08, 0x08, 0x00,
    0x90, 0xff, 0x28, 0x00, 0x02, 0x00, 0x00, 0x00, 0x00, 0x00, 0x00, 0x02, 0x00, 0x20, 0xff, 0xa1,
    0x00, 0x05, 0x05, 0x00, 0xa3, 0xff, 0x1f, 0x00, 0x02, 0x00, 0x00, 0x00, 0x00, 0x00, 0x00, 0x00,
    0x02, 0x03, 0xcd, 0xfc, 0x3e, 0x00, 0x00, 0x3f, 0xfd, 0xcb, 0x02, 0x02, 0x00, 0x00, 0x00, 0x00,
    0x00, 0x00, 0x00, 0x00, 0x02, 0x00, 0x31, 0xf1, 0xff, 0xbe, 0xbf, 0xff, 0xf1, 0x30, 0x00, 0x02,
    0x00, 0x00, 0x00, 0x00, 0x00, 0x00, 0x00, 0x00, 0x00, 0x02, 0x00, 0x2e, 0xaf, 0xf1, 0xf1, 0xaf,
    0x2e, 0x00, 0x02, 0x00, 0x00, 0x00, 0x00, 0x00, 0x00, 0x00, 0x00, 0x00, 0x00, 0x02, 0x01, 0x00,
    0x00, 0x00, 0x00, 0x00, 0x00, 0x01, 0x02, 0x00, 0x00, 0x00, 0x00, 0x00, 0x00, 0x00, 0x00, 0x00,
    0x02, 0x00, 0x03, 0x39, 0x4f, 0x4b, 0x4b, 0x4f, 0x39, 0x02, 0x00, 0x02, 0x00, 0x00, 0x00, 0x00,
    0x00, 0x00, 0x00, 0x02, 0x00, 0x3e, 0xd3, 0xff, 0xff, 0xff, 0xff, 0xff, 0xff, 0xd3, 0x3d, 0x00,
    0x02, 0x00, 0x00, 0x00, 0x00, 0x00, 0x02, 0x01, 0x27, 0xf4, 0xfb, 0x83, 0x51, 0x4f, 0x4f, 0x51,
    0x83, 0xfc, 0xf4, 0x26, 0x01, 0x02, 0x00, 0x00, 0x00, 0x00, 0x04, 0x00, 0x92, 0xff, 0x48, 0x00,
    0x00, 0x00, 0x00, 0x00, 0x00, 0x49, 0xff, 0x91, 0x00, 0x04, 0x00, 0x00, 0x00, 0x00, 0x01, 0x00,
    0xcd, 0xe9, 0x00, 0x04, 0x04, 0x03, 0x03, 0x04, 0x04, 0x00, 0xea, 0xcc, 0x00, 0x01, 0x00, 0x00,
    0x00, 0x00, 0x00, 0x00, 0xda, 0xd6, 0x01, 0x00, 0x00, 0x00, 0x00, 0x00, 0x00, 0x01, 0xd7, 0xd9,
    0x00, 0x00, 0x00, 0x00, 0x00, 0x00, 0x01, 0x00, 0xdb, 0xdb, 0x00, 0x01, 0x00, 0x00, 0x00, 0x00,
    0x01, 0x00, 0xdc, 0xda, 0x00, 0x01, 0x00, 0x00, 0x00, 0x00, 0x01, 0x00, 0x2f, 0x2f, 0x00, 0x01,
    0x00, 0x00, 0x00, 0x00, 0x01, 0x00, 0x2f, 0x2f, 0x00, 0x01, 0x00, 0x00, 0x00, 0x00, 0x00, 0x00,
    0x00, 0x00, 0x00, 0x00, 0x00, 0x00, 0x00, 0x00, 0x00, 0x00, 0x00, 0x00, 0x00, 0x00, 0x00, 0x00,
};

/* volume 16px */
static const uint8_t icon_volume_16_map[] = {
    0x00, 0x00, 0x00, 0x00, 0x00, 0x02, 0x00, 0x00, 0x01, 0x00, 0x00, 0x04, 0x02, 0x00, 0x00, 0x00,
    0x00, 0x00, 0x00, 0x00, 0x02, 0x00, 0x18, 0x05, 0x00, 0x01, 0x00, 0x00, 0x00, 0x02, 0x00, 0x00,
    0x00, 0x00, 0x00, 0x04, 0x00, 0x49, 0xf2, 0xc6, 0x0e, 0x03, 0x05, 0x61, 0x2a, 0x00, 0x02, 0x00,
    0x00, 0x02, 0x04, 0x00, 0x23, 0xf1, 0xff, 0xff, 0x2c, 0x00, 0x00, 0xf6, 0xe9, 0x22, 0x00, 0x02,
    0x00, 0x00, 0x00, 0x0a, 0xcc, 0xf3, 0xa9, 0xfc, 0x1d, 0x48, 0x49, 0x26, 0xf9, 0xc8, 0x04, 0x02,
    0x00, 0x3b, 0xbd, 0xe4, 0xff, 0x51, 0x61, 0xff, 0x16, 0xb4, 0xff, 0x2c, 0x58, 0xff, 0x4a, 0x00,
    0x00, 0xbf, 0xff, 0xd0, 0x89, 0x00, 0x77, 0xff, 0x1f, 0x12, 0xe4, 0xda, 0x06, 0xf4, 0xa3, 0x00,
    0x00, 0xcd, 0xcf, 0x00, 0x00, 0x02, 0x75, 0xff, 0x28, 0x00, 0x87, 0xff, 0x12, 0xcf, 0xcb, 0x00,
    0x00, 0xce, 0xce, 0x00, 0x00, 0x02, 0x75, 0xff, 0x28, 0x00, 0x88, 0xff, 0x12, 0xcd, 0xce, 0x00,
    0x00, 0xbc, 0xff, 0xd2, 0x90, 0x00, 0x77, 0xff, 0x1f, 0x12, 0xe5, 0xd3, 0x03, 0xf3, 0xa7, 0x00,
    0x00, 0x39, 0xbd, 0xe3, 0xff, 0x51, 0x61, 0xff, 0x15, 0xb2, 0xff, 0x2a, 0x58, 0xff, 0x56, 0x00,
    0x00, 0x00, 0x00, 0x09, 0xcb, 0xf3, 0xa7, 0xfc, 0x1d, 0x45, 0x47, 0x24, 0xf7, 0xd0, 0x05, 0x02,
    0x00, 0x02, 0x04, 0x00, 0x21, 0xf0, 0xff, 0xff, 0x2b, 0x00, 0x00, 0xf1, 0xee, 0x29, 0x00, 0x02,
    0x00, 0x00, 0x00, 0x04, 0x00, 0x48, 0xf3, 0xc6, 0x0e, 0x03, 0x05, 0x60, 0x2b, 0x00, 0x02, 0x00,
    0x00, 0x00, 0x00, 0x00, 0x02, 0x00, 0x1a, 0x05, 0x00, 0x01, 0x00, 0x00, 0x00, 0x02, 0x00, 0x00,
    0x00, 0x00, 0x00, 0x00, 0x00, 0x02, 0x00, 0x00, 0x01, 0x00, 0x00, 0x04, 0x02, 0x00, 0x00, 0x00,
};

/* volume 20px */
static const uint8_t icon_volume_20_map[] = {
    0x00, 0x00, 0x00, 0x00, 0x00, 0x00, 0x00, 0x02, 0x04, 0x02, 0x00, 0x00, 0x00, 0x00, 0x00, 0x00,
    0x00, 0x00, 0x00, 0x00, 0x00, 0x00, 0x00, 0x00, 0x00, 0x00, 0x01, 0x00, 0x00, 0x00, 0x00, 0x00,
    0x00, 0x00, 0x03, 0x03, 0x00, 0x00, 0x00, 0x00, 0x00, 0x00, 0x00, 0x00, 0x00, 0x02, 0x00, 0x28,
    0x72, 0x25, 0x00, 0x01, 0x00, 0x00, 0x00, 0x00, 0x02, 0x00, 0x00, 0x00, 0x00, 0x00, 0x00, 0x00,
    0x01, 0x01, 0x10, 0xdc, 0xff, 0xda, 0x09, 0x01, 0x02, 0x09, 0x97, 0x4f, 0x00, 0x03, 0x00, 0x00,
    0x00, 0x00, 0x02, 0x04, 0x05, 0x00, 0xb1, 0xff, 0xeb, 0xf4, 0x11, 0x00, 0x00, 0x15, 0xf4, 0xff,
    0x4b, 0x00, 0x02, 0x00, 0x00, 0x01, 0x00, 0x00, 0x00, 0x79, 0xff, 0x83, 0xa2, 0xfe, 0x0d, 0x00,
    0x23, 0x00, 0x2b, 0xe9, 0xee, 0x1a, 0x01, 0x02, 0x01, 0x00, 0x1f, 0x49, 0x6b, 0xff, 0xc9, 0x00,
    0xab, 0xff, 0x01, 0x3f, 0xff, 0x86, 0x00, 0x47, 0xff, 0x96, 0x00, 0x03, 0x00, 0x25, 0xec, 0xff,
    0xff, 0xe9, 0x22, 0x00, 0xb0, 0xfe, 0x0b, 0x13, 0xbf, 0xff, 0x50, 0x00, 0xd1, 0xf2, 0x0d, 0x00,
    0x00, 0x56, 0xff, 0x85, 0x4c, 0x26, 0x00, 0x00, 0xad, 0xfe, 0x10, 0x00, 0x13, 0xf1, 0xca, 0x01,
    0x7a, 0xff, 0x33, 0x00, 0x00, 0x51, 0xfe, 0x4b, 0x00, 0x00, 0x05, 0x00, 0xae, 0xfe, 0x0d, 0x01,
    0x00, 0xba, 0xf7, 0x00, 0x52, 0xfe, 0x4d, 0x00, 0x00, 0x52, 0xfe, 0x4b, 0x00, 0x00, 0x05, 0x00,
    0xae, 0xfe, 0x0d, 0x01, 0x00, 0xbc, 0xf8, 0x00, 0x4f, 0xfe, 0x55, 0x00, 0x00, 0x53, 0xff, 0x84,
    0x4f, 0x30, 0x00, 0x00, 0xad, 0xfe, 0x10, 0x00, 0x16, 0xf3, 0xcb, 0x01, 0x78, 0xff, 0x39, 0x00,
    0x00, 0x20, 0xef, 0xff, 0xff, 0xec, 0x22, 0x00, 0xb0, 0xfe, 0x0b, 0x13, 0xc2, 0xff, 0x52, 0x00,
    0xc9, 0xf7, 0x0f, 0x00, 0x01, 0x00, 0x25, 0x4b, 0x6b, 0xff, 0xcb, 0x00, 0xab, 0xff, 0x01, 0x40,
    0xff, 0x89, 0x00, 0x4a, 0xff, 0x9d, 0x00, 0x03, 0x00, 0x01, 0x00, 0x00, 0x00, 0x7b, 0xff, 0x84,
    0xa2, 0xfe, 0x0c, 0x00, 0x29, 0x00, 0x26, 0xe9, 0xf0, 0x1f, 0x01, 0x02, 0x00, 0x00, 0x02, 0x04,
    0x05, 0x00, 0xb1, 0xff, 0xeb, 0xf4, 0x11, 0x00, 0x00, 0x15, 0xf3, 0xff, 0x4e, 0x00, 0x02, 0x00,
    0x00, 0x00, 0x00, 0x00, 0x01, 0x01, 0x11, 0xdb, 0xff, 0xda, 0x09, 0x01, 0x02, 0x09, 0x9a, 0x53,
    0x00, 0x03, 0x00, 0x00, 0x00, 0x00, 0x00, 0x00, 0x00, 0x02, 0x00, 0x24, 0x71, 0x25, 0x00, 0x01,
    0x00, 0x00, 0x00, 0x00, 0x02, 0x00, 0x00, 0x00, 0x00, 0x00, 0x00, 0x00, 0x00, 0x00, 0x01, 0x00,
    0x00, 0x00, 0x00, 0x00, 0x00, 0x00, 0x03, 0x03, 0x00, 0x00, 0x00, 0x00, 0x00, 0x00, 0x00, 0x00,
    0x00, 0x00, 0x00, 0x02, 0x04, 0x02, 0x00, 0x00, 0x00, 0x00, 0x00, 0x00, 0x00, 0x00, 0x00, 0x00,
};

/* wifi 16px */
static const uint8_t icon_wifi_16_map[] = {
    0x00, 0x00, 0x00, 0x00, 0x00, 0x00, 0x00, 0x00, 0x00, 0x00, 0x00, 0x00, 0x00, 0x00, 0x00, 0x00,
    0x00, 0x00, 0x00, 0x00, 0x02, 0x04, 0x03, 0x02, 0x02, 0x03, 0x04, 0x02, 0x00, 0x00, 0x00, 0x00,
    0x00, 0x00, 0x01, 0x03, 0x00, 0x00, 0x00, 0x00, 0x00, 0x00, 0x00, 0x00, 0x03, 0x01, 0x00, 0x00,
    0x00, 0x01, 0x00, 0x00, 0x21, 0x6a, 0xa9, 0xcc, 0xcc, 0xa9, 0x6a, 0x22, 0x00, 0x00, 0x01, 0x00,
    0x01, 0x00, 0x0b, 0x8d, 0xff, 0xff, 0xf6, 0xd7, 0xd7, 0xf5, 0xff, 0xff, 0x8e, 0x0c, 0x00, 0x01,
    0x02, 0x1c, 0xc9, 0xff, 0xaf, 0x30, 0x10, 0x19, 0x19, 0x10, 0x30, 0xae, 0xff, 0xcb, 0x1e, 0x02,
    0x00, 0x5e, 0xf9, 0x59, 0x12, 0x89, 0xea, 0xff, 0xff, 0xe9, 0x88, 0x11, 0x58, 0xf9, 0x63, 0x00,
    0x00, 0x06, 0x19, 0x2e, 0xef, 0xff, 0xad, 0x6a, 0x6a, 0xae, 0xff, 0xef, 0x2d, 0x19, 0x07, 0x00,
    0x00, 0x03, 0x00, 0x7d, 0xe7, 0x2f, 0x12, 0x51, 0x51, 0x12, 0x30, 0xe7, 0x7c, 0x00, 0x02, 0x00,
    0x00, 0x00, 0x02, 0x04, 0x0a, 0x56, 0xff, 0xff, 0xff, 0xff, 0x56, 0x0a, 0x04, 0x02, 0x01, 0x00,
    0x00, 0x00, 0x00, 0x02, 0x00, 0x8b, 0xc4, 0x2d, 0x2d, 0xc4, 0x8b, 0x00, 0x02, 0x00, 0x00, 0x00,
    0x00, 0x00, 0x00, 0x00, 0x01, 0x00, 0x00, 0x8d, 0x8d, 0x00, 0x00, 0x01, 0x00, 0x00, 0x00, 0x00,
    0x00, 0x00, 0x00, 0x00, 0x00, 0x03, 0x01, 0x98, 0x98, 0x01, 0x03, 0x00, 0x00, 0x00, 0x00, 0x00,
    0x00, 0x00, 0x00, 0x00, 0x00, 0x00, 0x00, 0x00, 0x00, 0x00, 0x00, 0x00, 0x00, 0x00, 0x00, 0x00,
    0x00, 0x00, 0x00, 0x00, 0x00, 0x00, 0x00, 0x02, 0x02, 0x00, 0x00, 0x00, 0x00, 0x00, 0x00, 0x00,
    0x00, 0x00, 0x00, 0x00, 0x00, 0x00, 0x00, 0x00, 0x00, 0x00, 0x00, 0x00, 0x00, 0x00, 0x00, 0x00,
};

/* wifi 20px */
static const uint8_t icon_wifi_20_map[] = {
    0x00, 0x00, 0x00, 0x00, 0x00, 0x00, 0x00, 0x00, 0x00, 0x00, 0x00, 0x00, 0x00, 0x00, 0x00, 0x00,
    0x00, 0x00, 0x00, 0x00, 0x00, 0x00, 0x00, 0x00, 0x00, 0x00, 0x00, 0x00, 0x00, 0x00, 0x00, 0x00,
    0x00, 0x00, 0x00, 0x00, 0x00, 0x00, 0x00, 0x00, 0x00, 0x00, 0x00, 0x00, 0x00, 0x01, 0x03, 0x04,
    0x03, 0x02, 0x02, 0x03, 0x04, 0x03, 0x01, 0x00, 0x00, 0x00, 0x00, 0x00, 0x00, 0x00, 0x00, 0x00,
    0x03, 0x00, 0x00, 0x00, 0x00, 0x00, 0x00, 0x00, 0x00, 0x00, 0x00, 0x03, 0x00, 0x00, 0x00, 0x00,
    0x00, 0x00, 0x01, 0x02, 0x00, 0x00, 0x38, 0x83, 0xb4, 0xcb, 0xcb, 0xb4, 0x83, 0x39, 0x00, 0x00,
    0x02, 0x01, 0x00, 0x00, 0x00, 0x01, 0x00, 0x00, 0x4d, 0xd0, 0xff, 0xff, 0xfb, 0xe4, 0xe4, 0xfb,
    0xff, 0xff, 0xd1, 0x4f, 0x00, 0x00, 0x01, 0x00, 0x01, 0x01, 0x06, 0x98, 0xff, 0xf4, 0x81, 0x2b,
    0x00, 0x00, 0x00, 0x00, 0x2b, 0x80, 0xf3, 0xff, 0x9b, 0x07, 0x01, 0x01, 0x02, 0x02, 0xbe, 0xff,
    0xaa, 0x11, 0x00, 0x11, 0x51, 0x75, 0x75, 0x51, 0x10, 0x00, 0x10, 0xa8, 0xff, 0xc3, 0x04, 0x02,
    0x01, 0x02, 0x99, 0x87, 0x00, 0x13, 0x9c, 0xff, 0xff, 0xff, 0xff, 0xff, 0xff, 0x9b, 0x13, 0x00,
    0x83, 0x9c, 0x02, 0x01, 0x00, 0x00, 0x00, 0x00, 0x35, 0xe3, 0xff, 0xc3, 0x64, 0x30, 0x30, 0x64,
    0xc3, 0xff, 0xe2, 0x34, 0x00, 0x00, 0x00, 0x00, 0x00, 0x00, 0x06, 0x03, 0x7d, 0xfa, 0x57, 0x00,
    0x00, 0x1d, 0x1d, 0x00, 0x00, 0x59, 0xfa, 0x7c, 0x03, 0x06, 0x00, 0x00, 0x00, 0x00, 0x00, 0x00,
    0x07, 0x20, 0x00, 0x53, 0xdf, 0xff, 0xff, 0xde, 0x52, 0x00, 0x20, 0x07, 0x00, 0x00, 0x00, 0x00,
    0x00, 0x00, 0x00, 0x00, 0x00, 0x00, 0x2c, 0xff, 0xf8, 0x98, 0x98, 0xf8, 0xff, 0x2b, 0x00, 0x00,
    0x00, 0x00, 0x00, 0x00, 0x00, 0x00, 0x00, 0x00, 0x01, 0x02, 0x09, 0x6f, 0x27, 0x00, 0x00, 0x27,
    0x6f, 0x09, 0x02, 0x01, 0x00, 0x00, 0x00, 0x00, 0x00, 0x00, 0x00, 0x00, 0x00, 0x00, 0x00, 0x00,
    0x00, 0xa2, 0xa3, 0x00, 0x00, 0x00, 0x00, 0x00, 0x00, 0x00, 0x00, 0x00, 0x00, 0x00, 0x00, 0x00,
    0x00, 0x00, 0x00, 0x06, 0x02, 0xa0, 0xa0, 0x02, 0x06, 0x00, 0x00, 0x00, 0x00, 0x00, 0x00, 0x00,
    0x00, 0x00, 0x00, 0x00, 0x00, 0x00, 0x00, 0x00, 0x00, 0x00, 0x00, 0x00, 0x00, 0x00, 0x00, 0x00,
    0x00, 0x00, 0x00, 0x00, 0x00, 0x00, 0x00, 0x00, 0x00, 0x00, 0x00, 0x00, 0x00, 0x02, 0x02, 0x00,
    0x00, 0x00, 0x00, 0x00, 0x00, 0x00, 0x00, 0x00, 0x00, 0x00, 0x00, 0x00, 0x00, 0x00, 0x00, 0x00,
    0x00, 0x00, 0x00, 0x00, 0x00, 0x00, 0x00, 0x00, 0x00, 0x00, 0x00, 0x00, 0x00, 0x00, 0x00, 0x00,
    0x00, 0x00, 0x00, 0x00, 0x00, 0x00, 0x00, 0x00, 0x00, 0x00, 0x00, 0x00, 0x00, 0x00, 0x00, 0x00,
};

/* wind 16px */
static const uint8_t icon_wind_16_map[] = {
    0x00, 0x00, 0x00, 0x00, 0x00, 0x00, 0x01, 0x00, 0x00, 0x00, 0x00, 0x01, 0x00, 0x00, 0x00, 0x00,
    0x00, 0x00, 0x00, 0x00, 0x00, 0x02, 0x00, 0x37, 0xbc, 0xbd, 0x46, 0x00, 0x02, 0x00, 0x00, 0x00,
    0x00, 0x00, 0x01, 0x04, 0x06, 0x05, 0x30, 0xff, 0xf6, 0xee, 0xfc, 0x2a, 0x00, 0x02, 0x00, 0x00,
    0x00, 0x00, 0x00, 0x00, 0x00, 0x00, 0x2f, 0xcb, 0x0b, 0x14, 0xfd, 0x72, 0x00, 0x04, 0x00, 0x00,
    0x01, 0x00, 0x21, 0x6f, 0x71, 0x71, 0x6e, 0x78, 0x6c, 0xa7, 0xff, 0x49, 0x00, 0x03, 0x00, 0x00,
    0x04, 0x02, 0x60, 0xff, 0xff, 0xff, 0xff, 0xff, 0xff, 0xfe, 0x88, 0x01, 0x03, 0x03, 0x00, 0x00,
    0x00, 0x00, 0x00, 0x1b, 0x1f, 0x1e, 0x1e, 0x1f, 0x1f, 0x0c, 0x00, 0x00, 0x00, 0x00, 0x00, 0x00,
    0x00, 0x8b, 0xd6, 0xcc, 0xce, 0xce, 0xce, 0xcd, 0xcc, 0xd0, 0xdb, 0xd7, 0xce, 0x7d, 0x02, 0x01,
    0x00, 0x87, 0xcf, 0xcb, 0xce, 0xce, 0xcf, 0xd7, 0xd9, 0xd6, 0xc4, 0xcc, 0xe2, 0xff, 0x73, 0x00,
    0x00, 0x00, 0x13, 0x20, 0x1e, 0x1f, 0x18, 0x00, 0x00, 0x00, 0x7a, 0x33, 0x00, 0xd6, 0xd2, 0x00,
    0x00, 0x1d, 0xfe, 0xff, 0xff, 0xff, 0xff, 0xc6, 0x1b, 0x08, 0xf8, 0xe9, 0x80, 0xff, 0xa6, 0x00,
    0x00, 0x07, 0x66, 0x72, 0x74, 0x6f, 0x80, 0xff, 0xa8, 0x00, 0x40, 0xdc, 0xff, 0xc8, 0x1c, 0x01,
    0x00, 0x00, 0x00, 0x00, 0xc7, 0x61, 0x00, 0xd7, 0xd7, 0x00, 0x00, 0x05, 0x1e, 0x00, 0x00, 0x00,
    0x00, 0x01, 0x06, 0x08, 0xc6, 0xff, 0xdc, 0xff, 0x72, 0x00, 0x06, 0x00, 0x00, 0x00, 0x01, 0x00,
    0x00, 0x00, 0x01, 0x00, 0x0d, 0x91, 0xca, 0x75, 0x00, 0x01, 0x00, 0x01, 0x02, 0x01, 0x00, 0x00,
    0x00, 0x00, 0x00, 0x00, 0x00, 0x00, 0x00, 0x00, 0x00, 0x00, 0x00, 0x00, 0x00, 0x00, 0x00, 0x00,
};

/* wind 24px */
static const uint8_t icon_wind_24_map[] = {
    0x00, 0x00, 0x00, 0x00, 0x00, 0x00, 0x00, 0x00, 0x00, 0x00, 0x00, 0x03, 0x01, 0x00, 0x00, 0x03,
    0x00, 0x00, 0x00, 0x00, 0x00, 0x00, 0x00, 0x00, 0x00, 0x00, 0x00, 0x00, 0x00, 0x00, 0x00, 0x00,
    0x00, 0x00, 0x02, 0x00, 0x00, 0x0f, 0x01, 0x00, 0x01, 0x00, 0x00, 0x00, 0x00, 0x00, 0x00, 0x00,
    0x00, 0x00, 0x00, 0x00, 0x00, 0x00, 0x00, 0x00, 0x00, 0x02, 0x00, 0x50, 0xc4, 0xee, 0xd1, 0x65,
    0x00, 0x02, 0x00, 0x00, 0x00, 0x00, 0x00, 0x00, 0x00, 0x00, 0x00, 0x00, 0x00, 0x00, 0x00, 0x00,
    0x03, 0x00, 0x4c, 0xff, 0xff, 0xf8, 0xff, 0xff, 0x64, 0x00, 0x03, 0x00, 0x00, 0x00, 0x00, 0x00,
    0x00, 0x00, 0x00, 0x00, 0x01, 0x01, 0x01, 0x01, 0x03, 0x01, 0xd1, 0xff, 0x81, 0x1b, 0x75, 0xfc,
    0xdc, 0x06, 0x01, 0x01, 0x00, 0x00, 0x00, 0x00, 0x00, 0x00, 0x00, 0x00, 0x00, 0x00, 0x00, 0x00,
    0x00, 0x00, 0x72, 0xa1, 0x00, 0x00, 0x00, 0xf2, 0xf8, 0x16, 0x00, 0x01, 0x00, 0x00, 0x00, 0x00,
    0x00, 0x00, 0x00, 0x00, 0x01, 0x0f, 0x0f, 0x0f, 0x0f, 0x0f, 0x03, 0x03, 0x12, 0x16, 0x70, 0xfc,
    0xd9, 0x06, 0x01, 0x01, 0x00, 0x00, 0x00, 0x00, 0x00, 0x01, 0x00, 0x07, 0xc7, 0xf3, 0xf1, 0xf3,
    0xf3, 0xf3, 0xf5, 0xf6, 0xf3, 0xf5, 0xff, 0xff, 0x5f, 0x00, 0x03, 0x00, 0x00, 0x00, 0x00, 0x00,
    0x00, 0x01, 0x01, 0x08, 0xc7, 0xf4, 0xf2, 0xf4, 0xf4, 0xf4, 0xf4, 0xf4, 0xf4, 0xf2, 0xcc, 0x61,
    0x00, 0x03, 0x01, 0x01, 0x00, 0x00, 0x00, 0x00, 0x00, 0x00, 0x00, 0x00, 0x00, 0x0b, 0x0b, 0x0b,
    0x0b, 0x0b, 0x0b, 0x0b, 0x0b, 0x0b, 0x00, 0x00, 0x00, 0x00, 0x00, 0x00, 0x03, 0x00, 0x00, 0x00,
    0x00, 0x00, 0x01, 0x10, 0x0e, 0x0b, 0x0b, 0x0b, 0x0b, 0x0b, 0x0b, 0x0b, 0x0b, 0x0b, 0x0f, 0x12,
    0x0f, 0x0f, 0x10, 0x01, 0x00, 0x02, 0x00, 0x00, 0x01, 0x07, 0xc7, 0xf3, 0xf2, 0xf4, 0xf4, 0xf4,
    0xf4, 0xf4, 0xf4, 0xf4, 0xf4, 0xf4, 0xf3, 0xf3, 0xf3, 0xf3, 0xf1, 0xd2, 0x61, 0x00, 0x02, 0x00,
    0x01, 0x07, 0xc7, 0xf3, 0xf2, 0xf4, 0xf4, 0xf4, 0xf4, 0xf4, 0xf3, 0xf3, 0xf3, 0xf3, 0xf3, 0xf5,
    0xf6, 0xf3, 0xf3, 0xff, 0xff, 0x61, 0x00, 0x03, 0x00, 0x00, 0x01, 0x0e, 0x0b, 0x0b, 0x0b, 0x0b,
    0x0b, 0x0b, 0x0f, 0x12, 0x0f, 0x0f, 0x0f, 0x03, 0x04, 0x12, 0x13, 0x6e, 0xfc, 0xde, 0x06, 0x01,
    0x00, 0x01, 0x00, 0x00, 0x0b, 0x0b, 0x0b, 0x0b, 0x0b, 0x0b, 0x00, 0x00, 0x00, 0x00, 0x00, 0x72,
    0xa8, 0x00, 0x00, 0x00, 0xf2, 0xf8, 0x15, 0x00, 0x01, 0x00, 0x08, 0xc7, 0xf4, 0xf2, 0xf4, 0xf4,
    0xf4, 0xf2, 0xd3, 0x62, 0x00, 0x04, 0x01, 0xd3, 0xff, 0x7f, 0x18, 0x77, 0xfc, 0xdf, 0x07, 0x01,
    0x01, 0x00, 0x07, 0xc6, 0xf3, 0xf1, 0xf5, 0xf6, 0xf3, 0xf3, 0xff, 0xff, 0x61, 0x00, 0x00, 0x52,
    0xff, 0xff, 0xf6, 0xff, 0xff, 0x65, 0x00, 0x03, 0x00, 0x00, 0x00, 0x01, 0x0f, 0x0f, 0x03, 0x04,
    0x12, 0x13, 0x6e, 0xfc, 0xdd, 0x06, 0x01, 0x00, 0x56, 0xc3, 0xef, 0xd1, 0x64, 0x00, 0x02, 0x00,
    0x00, 0x00, 0x00, 0x00, 0x00, 0x00, 0x72, 0xa8, 0x00, 0x00, 0x00, 0xf2, 0xf7, 0x15, 0x00, 0x03,
    0x00, 0x00, 0x10, 0x01, 0x00, 0x01, 0x00, 0x00, 0x00, 0x00, 0x00, 0x01, 0x03, 0x01, 0xd3, 0xff,
    0x7f, 0x18, 0x77, 0xfc, 0xde, 0x07, 0x01, 0x01, 0x03, 0x01, 0x00, 0x00, 0x03, 0x00, 0x00, 0x00,
    0x00, 0x00, 0x00, 0x00, 0x03, 0x00, 0x52, 0xff, 0xff, 0xf6, 0xff, 0xff, 0x64, 0x00, 0x03, 0x00,
    0x00, 0x00, 0x01, 0x01, 0x00, 0x00, 0x00, 0x00, 0x00, 0x00, 0x00, 0x00, 0x00, 0x01, 0x00, 0x56,
    0xc3, 0xf0, 0xd2, 0x64, 0x00, 0x02, 0x00, 0x00, 0x00, 0x00, 0x00, 0x00, 0x00, 0x00, 0x00, 0x00,
    0x00, 0x00, 0x00, 0x00, 0x00, 0x00, 0x01, 0x00, 0x00, 0x10, 0x01, 0x00, 0x01, 0x00, 0x00, 0x00,
    0x00, 0x00, 0x00, 0x00, 0x00, 0x00, 0x00, 0x00, 0x00, 0x00, 0x00, 0x00, 0x00, 0x00, 0x00, 0x03,
    0x01, 0x00, 0x00, 0x03, 0x00, 0x00, 0x00, 0x00, 0x00, 0x00, 0x00, 0x00, 0x00, 0x00, 0x00, 0x00,
};

/* x 18px */
static const uint8_t icon_x_18_map[] = {
    0x00, 0x00, 0x00, 0x00, 0x00, 0x00, 0x00, 0x00, 0x00, 0x00, 0x00, 0x00, 0x00, 0x00, 0x00, 0x00,
    0x00, 0x00, 0x00, 0x00, 0x00, 0x00, 0x03, 0x00, 0x00, 0x00, 0x00, 0x00, 0x00, 0x00, 0x00, 0x03,
    0x00, 0x00, 0x00, 0x00, 0x00, 0x00, 0x00, 0x00, 0x00, 0x01, 0x00, 0x00, 0x00, 0x00, 0x00, 0x00,
    0x01, 0x00, 0x00, 0x00, 0x00, 0x00, 0x00, 0x00, 0x00, 0x06, 0x36, 0x00, 0x01, 0x01, 0x00, 0x00,
    0x01, 0x01, 0x00, 0x36, 0x06, 0x00, 0x00, 0x00, 0x00, 0x02, 0x00, 0x33, 0xff, 0x84, 0x00, 0x04,
    0x01, 0x01, 0x04, 0x00, 0x84, 0xff, 0x32, 0x00, 0x02, 0x00, 0x00, 0x00, 0x02, 0x05, 0x83, 0xff,
    0x82, 0x00, 0x04, 0x04, 0x00, 0x82, 0xff, 0x83, 0x05, 0x02, 0x00, 0x00, 0x00, 0x00, 0x00, 0x01,
    0x00, 0x82, 0xff, 0x82, 0x00, 0x00, 0x82, 0xff, 0x82, 0x00, 0x01, 0x00, 0x00, 0x00, 0x00, 0x00,
    0x00, 0x01, 0x04, 0x00, 0x82, 0xff, 0x7b, 0x7b, 0xff, 0x82, 0x00, 0x04, 0x01, 0x00, 0x00, 0x00,
    0x00, 0x00, 0x00, 0x00, 0x01, 0x04, 0x00, 0x7b, 0xff, 0xff, 0x7b, 0x00, 0x04, 0x01, 0x00, 0x00,
    0x00, 0x00, 0x00, 0x00, 0x00, 0x00, 0x01, 0x04, 0x00, 0x7b, 0xff, 0xff, 0x7b, 0x00, 0x04, 0x01,
    0x00, 0x00, 0x00, 0x00, 0x00, 0x00, 0x00, 0x01, 0x04, 0x00, 0x82, 0xff, 0x7b, 0x7b, 0xff, 0x82,
    0x00, 0x04, 0x01, 0x00, 0x00, 0x00, 0x00, 0x00, 0x00, 0x01, 0x00, 0x82, 0xff, 0x82, 0x00, 0x00,
    0x82, 0xff, 0x82, 0x00, 0x01, 0x00, 0x00, 0x00, 0x00, 0x00, 0x02, 0x04, 0x84, 0xff, 0x82, 0x00,
    0x04, 0x04, 0x00, 0x82, 0xff, 0x84, 0x04, 0x02, 0x00, 0x00, 0x00, 0x02, 0x00, 0x32, 0xff, 0x83,
    0x00, 0x04, 0x01, 0x01, 0x04, 0x00, 0x83, 0xff, 0x33, 0x00, 0x02, 0x00, 0x00, 0x00, 0x00, 0x06,
    0x30, 0x00, 0x01, 0x01, 0x00, 0x00, 0x01, 0x01, 0x00, 0x2f, 0x06, 0x00, 0x00, 0x00, 0x00, 0x00,
    0x00, 0x00, 0x00, 0x01, 0x00, 0x00, 0x00, 0x00, 0x00, 0x00, 0x01, 0x00, 0x00, 0x00, 0x00, 0x00,
    0x00, 0x00, 0x00, 0x00, 0x02, 0x00, 0x00, 0x00, 0x00, 0x00, 0x00, 0x00, 0x00, 0x02, 0x00, 0x00,
    0x00, 0x00, 0x00, 0x00, 0x00, 0x00, 0x00, 0x00, 0x00, 0x00, 0x00, 0x00, 0x00, 0x00, 0x00, 0x00,
    0x00, 0x00, 0x00, 0x00,
};

/* x 22px */
static const uint8_t icon_x_22_map[] = {
    0x00, 0x00, 0x00, 0x00, 0x00, 0x00, 0x00, 0x00, 0x00, 0x00, 0x00, 0x00, 0x00, 0x00, 0x00, 0x00,
    0x00, 0x00, 0x00, 0x00, 0x00, 0x00, 0x00, 0x00, 0x00, 0x00, 0x00, 0x00, 0x00, 0x00, 0x00, 0x00,
    0x00, 0x00, 0x00, 0x00, 0x00, 0x00, 0x00, 0x00, 0x00, 0x00, 0x00, 0x00, 0x00, 0x00, 0x00, 0x00,
    0x01, 0x04, 0x01, 0x00, 0x00, 0x00, 0x00, 0x00, 0x00, 0x00, 0x00, 0x01, 0x04, 0x01, 0x00, 0x00,
    0x00, 0x00, 0x00, 0x00, 0x00, 0x00, 0x00, 0x00, 0x00, 0x01, 0x00, 0x00, 0x00, 0x00, 0x00, 0x00,
    0x01, 0x00, 0x00, 0x00, 0x00, 0x00, 0x00, 0x00, 0x00, 0x00, 0x01, 0x00, 0x11, 0x67, 0x09, 0x00,
    0x02, 0x00, 0x00, 0x00, 0x00, 0x02, 0x00, 0x09, 0x67, 0x11, 0x00, 0x01, 0x00, 0x00, 0x00, 0x00,
    0x04, 0x00, 0x63, 0xff, 0xb1, 0x07, 0x00, 0x02, 0x00, 0x00, 0x02, 0x00, 0x07, 0xb1, 0xff, 0x62,
    0x00, 0x04, 0x00, 0x00, 0x00, 0x00, 0x01, 0x02, 0x10, 0xb0, 0xff, 0xb1, 0x07, 0x00, 0x02, 0x02,
    0x00, 0x07, 0xb1, 0xff, 0xb0, 0x10, 0x02, 0x01, 0x00, 0x00, 0x00, 0x00, 0x00, 0x01, 0x00, 0x07,
    0xb1, 0xff, 0xb1, 0x07, 0x01, 0x01, 0x07, 0xb1, 0xff, 0xb1, 0x07, 0x00, 0x01, 0x00, 0x00, 0x00,
    0x00, 0x00, 0x00, 0x00, 0x02, 0x00, 0x07, 0xb1, 0xff, 0xb2, 0x02, 0x02, 0xb2, 0xff, 0xb1, 0x07,
    0x00, 0x02, 0x00, 0x00, 0x00, 0x00, 0x00, 0x00, 0x00, 0x00, 0x00, 0x02, 0x00, 0x07, 0xb2, 0xff,
    0xad, 0xad, 0xff, 0xb2, 0x07, 0x00, 0x02, 0x00, 0x00, 0x00, 0x00, 0x00, 0x00, 0x00, 0x00, 0x00,
    0x00, 0x00, 0x02, 0x01, 0x06, 0xac, 0xff, 0xff, 0xac, 0x06, 0x01, 0x02, 0x00, 0x00, 0x00, 0x00,
    0x00, 0x00, 0x00, 0x00, 0x00, 0x00, 0x00, 0x00, 0x02, 0x01, 0x06, 0xac, 0xff, 0xff, 0xac, 0x06,
    0x01, 0x02, 0x00, 0x00, 0x00, 0x00, 0x00, 0x00, 0x00, 0x00, 0x00, 0x00, 0x00, 0x02, 0x00, 0x07,
    0xb2, 0xff, 0xad, 0xad, 0xff, 0xb2, 0x07, 0x00, 0x02, 0x00, 0x00, 0x00, 0x00, 0x00, 0x00, 0x00,
    0x00, 0x00, 0x02, 0x00, 0x07, 0xb1, 0xff, 0xb2, 0x02, 0x02, 0xb2, 0xff, 0xb1, 0x07, 0x00, 0x02,
    0x00, 0x00, 0x00, 0x00, 0x00, 0x00, 0x00, 0x01, 0x00, 0x07, 0xb1, 0xff, 0xb1, 0x07, 0x01, 0x01,
    0x07, 0xb1, 0xff, 0xb1, 0x07, 0x00, 0x01, 0x00, 0x00, 0x00, 0x00, 0x00, 0x01, 0x02, 0x0f, 0xb0,
    0xff, 0xb1, 0x07, 0x00, 0x02, 0x02, 0x00, 0x07, 0xb1, 0xff, 0xb0, 0x0f, 0x02, 0x01, 0x00, 0x00,
    0x00, 0x00, 0x04, 0x00, 0x62, 0xff, 0xb0, 0x07, 0x00, 0x02, 0x00, 0x00, 0x02, 0x00, 0x07, 0xb0,
    0xff, 0x62, 0x00, 0x04, 0x00, 0x00, 0x00, 0x00, 0x01, 0x00, 0x12, 0x60, 0x08, 0x00, 0x02, 0x00,
    0x00, 0x00, 0x00, 0x02, 0x00, 0x08, 0x5f, 0x11, 0x00, 0x01, 0x00, 0x00, 0x00, 0x00, 0x00, 0x00,
    0x00, 0x00, 0x00, 0x01, 0x00, 0x00, 0x00, 0x00, 0x00, 0x00, 0x01, 0x00, 0x00, 0x00, 0x00, 0x00,
    0x00, 0x00, 0x00, 0x00, 0x00, 0x00, 0x01, 0x04, 0x01, 0x00, 0x00, 0x00, 0x00, 0x00, 0x00, 0x00,
    0x00, 0x01, 0x04, 0x01, 0x00, 0x00, 0x00, 0x00, 0x00, 0x00, 0x00, 0x00, 0x00, 0x00, 0x00, 0x00,
    0x00, 0x00, 0x00, 0x00, 0x00, 0x00, 0x00, 0x00, 0x00, 0x00, 0x00, 0x00, 0x00, 0x00, 0x00, 0x00,
    0x00, 0x00, 0x00, 0x00, 0x00, 0x00, 0x00, 0x00, 0x00, 0x00, 0x00, 0x00, 0x00, 0x00, 0x00, 0x00,
    0x00, 0x00, 0x00, 0x00,
};

/* 每个 (图标, 尺寸) 一份描述符：LVGL 会长期持有这个指针，不能共用一份 */
static const lv_image_dsc_t qz_icon_glyphs[] = {
    { .header = { .magic = LV_IMAGE_HEADER_MAGIC, .cf = LV_COLOR_FORMAT_A8, .w = 16, .h = 16, .stride = 16 }, .data_size = 256, .data = icon_activity_16_map },
    { .header = { .magic = LV_IMAGE_HEADER_MAGIC, .cf = LV_COLOR_FORMAT_A8, .w = 20, .h = 20, .stride = 20 }, .data_size = 400, .data = icon_activity_20_map },
    { .header = { .magic = LV_IMAGE_HEADER_MAGIC, .cf = LV_COLOR_FORMAT_A8, .w = 16, .h = 16, .stride = 16 }, .data_size = 256, .data = icon_alert_triangle_16_map },
    { .header = { .magic = LV_IMAGE_HEADER_MAGIC, .cf = LV_COLOR_FORMAT_A8, .w = 20, .h = 20, .stride = 20 }, .data_size = 400, .data = icon_alert_triangle_20_map },
    { .header = { .magic = LV_IMAGE_HEADER_MAGIC, .cf = LV_COLOR_FORMAT_A8, .w = 14, .h = 14, .stride = 14 }, .data_size = 196, .data = icon_arrow_down_14_map },
    { .header = { .magic = LV_IMAGE_HEADER_MAGIC, .cf = LV_COLOR_FORMAT_A8, .w = 20, .h = 20, .stride = 20 }, .data_size = 400, .data = icon_arrow_down_20_map },
    { .header = { .magic = LV_IMAGE_HEADER_MAGIC, .cf = LV_COLOR_FORMAT_A8, .w = 14, .h = 14, .stride = 14 }, .data_size = 196, .data = icon_arrow_up_14_map },
    { .header = { .magic = LV_IMAGE_HEADER_MAGIC, .cf = LV_COLOR_FORMAT_A8, .w = 20, .h = 20, .stride = 20 }, .data_size = 400, .data = icon_arrow_up_20_map },
    { .header = { .magic = LV_IMAGE_HEADER_MAGIC, .cf = LV_COLOR_FORMAT_A8, .w = 16, .h = 16, .stride = 16 }, .data_size = 256, .data = icon_battery_1_16_map },
    { .header = { .magic = LV_IMAGE_HEADER_MAGIC, .cf = LV_COLOR_FORMAT_A8, .w = 20, .h = 20, .stride = 20 }, .data_size = 400, .data = icon_battery_1_20_map },
    { .header = { .magic = LV_IMAGE_HEADER_MAGIC, .cf = LV_COLOR_FORMAT_A8, .w = 16, .h = 16, .stride = 16 }, .data_size = 256, .data = icon_battery_2_16_map },
    { .header = { .magic = LV_IMAGE_HEADER_MAGIC, .cf = LV_COLOR_FORMAT_A8, .w = 20, .h = 20, .stride = 20 }, .data_size = 400, .data = icon_battery_2_20_map },
    { .header = { .magic = LV_IMAGE_HEADER_MAGIC, .cf = LV_COLOR_FORMAT_A8, .w = 16, .h = 16, .stride = 16 }, .data_size = 256, .data = icon_battery_3_16_map },
    { .header = { .magic = LV_IMAGE_HEADER_MAGIC, .cf = LV_COLOR_FORMAT_A8, .w = 20, .h = 20, .stride = 20 }, .data_size = 400, .data = icon_battery_3_20_map },
    { .header = { .magic = LV_IMAGE_HEADER_MAGIC, .cf = LV_COLOR_FORMAT_A8, .w = 16, .h = 16, .stride = 16 }, .data_size = 256, .data = icon_battery_4_16_map },
    { .header = { .magic = LV_IMAGE_HEADER_MAGIC, .cf = LV_COLOR_FORMAT_A8, .w = 20, .h = 20, .stride = 20 }, .data_size = 400, .data = icon_battery_4_20_map },
    { .header = { .magic = LV_IMAGE_HEADER_MAGIC, .cf = LV_COLOR_FORMAT_A8, .w = 16, .h = 16, .stride = 16 }, .data_size = 256, .data = icon_battery_off_16_map },
    { .header = { .magic = LV_IMAGE_HEADER_MAGIC, .cf = LV_COLOR_FORMAT_A8, .w = 20, .h = 20, .stride = 20 }, .data_size = 400, .data = icon_battery_off_20_map },
    { .header = { .magic = LV_IMAGE_HEADER_MAGIC, .cf = LV_COLOR_FORMAT_A8, .w = 16, .h = 16, .stride = 16 }, .data_size = 256, .data = icon_bell_16_map },
    { .header = { .magic = LV_IMAGE_HEADER_MAGIC, .cf = LV_COLOR_FORMAT_A8, .w = 20, .h = 20, .stride = 20 }, .data_size = 400, .data = icon_bell_20_map },
    { .header = { .magic = LV_IMAGE_HEADER_MAGIC, .cf = LV_COLOR_FORMAT_A8, .w = 16, .h = 16, .stride = 16 }, .data_size = 256, .data = icon_bolt_16_map },
    { .header = { .magic = LV_IMAGE_HEADER_MAGIC, .cf = LV_COLOR_FORMAT_A8, .w = 20, .h = 20, .stride = 20 }, .data_size = 400, .data = icon_bolt_20_map },
    { .header = { .magic = LV_IMAGE_HEADER_MAGIC, .cf = LV_COLOR_FORMAT_A8, .w = 16, .h = 16, .stride = 16 }, .data_size = 256, .data = icon_bulb_16_map },
    { .header = { .magic = LV_IMAGE_HEADER_MAGIC, .cf = LV_COLOR_FORMAT_A8, .w = 20, .h = 20, .stride = 20 }, .data_size = 400, .data = icon_bulb_20_map },
    { .header = { .magic = LV_IMAGE_HEADER_MAGIC, .cf = LV_COLOR_FORMAT_A8, .w = 16, .h = 16, .stride = 16 }, .data_size = 256, .data = icon_chart_bar_16_map },
    { .header = { .magic = LV_IMAGE_HEADER_MAGIC, .cf = LV_COLOR_FORMAT_A8, .w = 20, .h = 20, .stride = 20 }, .data_size = 400, .data = icon_chart_bar_20_map },
    { .header = { .magic = LV_IMAGE_HEADER_MAGIC, .cf = LV_COLOR_FORMAT_A8, .w = 16, .h = 16, .stride = 16 }, .data_size = 256, .data = icon_check_16_map },
    { .header = { .magic = LV_IMAGE_HEADER_MAGIC, .cf = LV_COLOR_FORMAT_A8, .w = 20, .h = 20, .stride = 20 }, .data_size = 400, .data = icon_check_20_map },
    { .header = { .magic = LV_IMAGE_HEADER_MAGIC, .cf = LV_COLOR_FORMAT_A8, .w = 18, .h = 18, .stride = 18 }, .data_size = 324, .data = icon_chevron_left_18_map },
    { .header = { .magic = LV_IMAGE_HEADER_MAGIC, .cf = LV_COLOR_FORMAT_A8, .w = 22, .h = 22, .stride = 22 }, .data_size = 484, .data = icon_chevron_left_22_map },
    { .header = { .magic = LV_IMAGE_HEADER_MAGIC, .cf = LV_COLOR_FORMAT_A8, .w = 14, .h = 14, .stride = 14 }, .data_size = 196, .data = icon_chevron_right_14_map },
    { .header = { .magic = LV_IMAGE_HEADER_MAGIC, .cf = LV_COLOR_FORMAT_A8, .w = 18, .h = 18, .stride = 18 }, .data_size = 324, .data = icon_chevron_right_18_map },
    { .header = { .magic = LV_IMAGE_HEADER_MAGIC, .cf = LV_COLOR_FORMAT_A8, .w = 16, .h = 16, .stride = 16 }, .data_size = 256, .data = icon_circle_check_16_map },
    { .header = { .magic = LV_IMAGE_HEADER_MAGIC, .cf = LV_COLOR_FORMAT_A8, .w = 20, .h = 20, .stride = 20 }, .data_size = 400, .data = icon_circle_check_20_map },
    { .header = { .magic = LV_IMAGE_HEADER_MAGIC, .cf = LV_COLOR_FORMAT_A8, .w = 14, .h = 14, .stride = 14 }, .data_size = 196, .data = icon_clock_14_map },
    { .header = { .magic = LV_IMAGE_HEADER_MAGIC, .cf = LV_COLOR_FORMAT_A8, .w = 20, .h = 20, .stride = 20 }, .data_size = 400, .data = icon_clock_20_map },
    { .header = { .magic = LV_IMAGE_HEADER_MAGIC, .cf = LV_COLOR_FORMAT_A8, .w = 16, .h = 16, .stride = 16 }, .data_size = 256, .data = icon_cloud_16_map },
    { .header = { .magic = LV_IMAGE_HEADER_MAGIC, .cf = LV_COLOR_FORMAT_A8, .w = 24, .h = 24, .stride = 24 }, .data_size = 576, .data = icon_cloud_24_map },
    { .header = { .magic = LV_IMAGE_HEADER_MAGIC, .cf = LV_COLOR_FORMAT_A8, .w = 40, .h = 40, .stride = 40 }, .data_size = 1600, .data = icon_cloud_40_map },
    { .header = { .magic = LV_IMAGE_HEADER_MAGIC, .cf = LV_COLOR_FORMAT_A8, .w = 96, .h = 96, .stride = 96 }, .data_size = 9216, .data = icon_cloud_96_map },
    { .header = { .magic = LV_IMAGE_HEADER_MAGIC, .cf = LV_COLOR_FORMAT_A8, .w = 16, .h = 16, .stride = 16 }, .data_size = 256, .data = icon_cloud_fog_16_map },
    { .header = { .magic = LV_IMAGE_HEADER_MAGIC, .cf = LV_COLOR_FORMAT_A8, .w = 24, .h = 24, .stride = 24 }, .data_size = 576, .data = icon_cloud_fog_24_map },
    { .header = { .magic = LV_IMAGE_HEADER_MAGIC, .cf = LV_COLOR_FORMAT_A8, .w = 40, .h = 40, .stride = 40 }, .data_size = 1600, .data = icon_cloud_fog_40_map },
    { .header = { .magic = LV_IMAGE_HEADER_MAGIC, .cf = LV_COLOR_FORMAT_A8, .w = 96, .h = 96, .stride = 96 }, .data_size = 9216, .data = icon_cloud_fog_96_map },
    { .header = { .magic = LV_IMAGE_HEADER_MAGIC, .cf = LV_COLOR_FORMAT_A8, .w = 16, .h = 16, .stride = 16 }, .data_size = 256, .data = icon_cloud_rain_16_map },
    { .header = { .magic = LV_IMAGE_HEADER_MAGIC, .cf = LV_COLOR_FORMAT_A8, .w = 24, .h = 24, .stride = 24 }, .data_size = 576, .data = icon_cloud_rain_24_map },
    { .header = { .magic = LV_IMAGE_HEADER_MAGIC, .cf = LV_COLOR_FORMAT_A8, .w = 40, .h = 40, .stride = 40 }, .data_size = 1600, .data = icon_cloud_rain_40_map },
    { .header = { .magic = LV_IMAGE_HEADER_MAGIC, .cf = LV_COLOR_FORMAT_A8, .w = 96, .h = 96, .stride = 96 }, .data_size = 9216, .data = icon_cloud_rain_96_map },
    { .header = { .magic = LV_IMAGE_HEADER_MAGIC, .cf = LV_COLOR_FORMAT_A8, .w = 16, .h = 16, .stride = 16 }, .data_size = 256, .data = icon_cloud_snow_16_map },
    { .header = { .magic = LV_IMAGE_HEADER_MAGIC, .cf = LV_COLOR_FORMAT_A8, .w = 24, .h = 24, .stride = 24 }, .data_size = 576, .data = icon_cloud_snow_24_map },
    { .header = { .magic = LV_IMAGE_HEADER_MAGIC, .cf = LV_COLOR_FORMAT_A8, .w = 40, .h = 40, .stride = 40 }, .data_size = 1600, .data = icon_cloud_snow_40_map },
    { .header = { .magic = LV_IMAGE_HEADER_MAGIC, .cf = LV_COLOR_FORMAT_A8, .w = 96, .h = 96, .stride = 96 }, .data_size = 9216, .data = icon_cloud_snow_96_map },
    { .header = { .magic = LV_IMAGE_HEADER_MAGIC, .cf = LV_COLOR_FORMAT_A8, .w = 16, .h = 16, .stride = 16 }, .data_size = 256, .data = icon_cloud_storm_16_map },
    { .header = { .magic = LV_IMAGE_HEADER_MAGIC, .cf = LV_COLOR_FORMAT_A8, .w = 24, .h = 24, .stride = 24 }, .data_size = 576, .data = icon_cloud_storm_24_map },
    { .header = { .magic = LV_IMAGE_HEADER_MAGIC, .cf = LV_COLOR_FORMAT_A8, .w = 40, .h = 40, .stride = 40 }, .data_size = 1600, .data = icon_cloud_storm_40_map },
    { .header = { .magic = LV_IMAGE_HEADER_MAGIC, .cf = LV_COLOR_FORMAT_A8, .w = 96, .h = 96, .stride = 96 }, .data_size = 9216, .data = icon_cloud_storm_96_map },
    { .header = { .magic = LV_IMAGE_HEADER_MAGIC, .cf = LV_COLOR_FORMAT_A8, .w = 16, .h = 16, .stride = 16 }, .data_size = 256, .data = icon_cpu_16_map },
    { .header = { .magic = LV_IMAGE_HEADER_MAGIC, .cf = LV_COLOR_FORMAT_A8, .w = 20, .h = 20, .stride = 20 }, .data_size = 400, .data = icon_cpu_20_map },
    { .header = { .magic = LV_IMAGE_HEADER_MAGIC, .cf = LV_COLOR_FORMAT_A8, .w = 16, .h = 16, .stride = 16 }, .data_size = 256, .data = icon_database_16_map },
    { .header = { .magic = LV_IMAGE_HEADER_MAGIC, .cf = LV_COLOR_FORMAT_A8, .w = 20, .h = 20, .stride = 20 }, .data_size = 400, .data = icon_database_20_map },
    { .header = { .magic = LV_IMAGE_HEADER_MAGIC, .cf = LV_COLOR_FORMAT_A8, .w = 16, .h = 16, .stride = 16 }, .data_size = 256, .data = icon_device_desktop_16_map },
    { .header = { .magic = LV_IMAGE_HEADER_MAGIC, .cf = LV_COLOR_FORMAT_A8, .w = 20, .h = 20, .stride = 20 }, .data_size = 400, .data = icon_device_desktop_20_map },
    { .header = { .magic = LV_IMAGE_HEADER_MAGIC, .cf = LV_COLOR_FORMAT_A8, .w = 16, .h = 16, .stride = 16 }, .data_size = 256, .data = icon_download_16_map },
    { .header = { .magic = LV_IMAGE_HEADER_MAGIC, .cf = LV_COLOR_FORMAT_A8, .w = 20, .h = 20, .stride = 20 }, .data_size = 400, .data = icon_download_20_map },
    { .header = { .magic = LV_IMAGE_HEADER_MAGIC, .cf = LV_COLOR_FORMAT_A8, .w = 16, .h = 16, .stride = 16 }, .data_size = 256, .data = icon_droplet_16_map },
    { .header = { .magic = LV_IMAGE_HEADER_MAGIC, .cf = LV_COLOR_FORMAT_A8, .w = 24, .h = 24, .stride = 24 }, .data_size = 576, .data = icon_droplet_24_map },
    { .header = { .magic = LV_IMAGE_HEADER_MAGIC, .cf = LV_COLOR_FORMAT_A8, .w = 16, .h = 16, .stride = 16 }, .data_size = 256, .data = icon_eye_16_map },
    { .header = { .magic = LV_IMAGE_HEADER_MAGIC, .cf = LV_COLOR_FORMAT_A8, .w = 20, .h = 20, .stride = 20 }, .data_size = 400, .data = icon_eye_20_map },
    { .header = { .magic = LV_IMAGE_HEADER_MAGIC, .cf = LV_COLOR_FORMAT_A8, .w = 16, .h = 16, .stride = 16 }, .data_size = 256, .data = icon_eye_off_16_map },
    { .header = { .magic = LV_IMAGE_HEADER_MAGIC, .cf = LV_COLOR_FORMAT_A8, .w = 20, .h = 20, .stride = 20 }, .data_size = 400, .data = icon_eye_off_20_map },
    { .header = { .magic = LV_IMAGE_HEADER_MAGIC, .cf = LV_COLOR_FORMAT_A8, .w = 16, .h = 16, .stride = 16 }, .data_size = 256, .data = icon_file_text_16_map },
    { .header = { .magic = LV_IMAGE_HEADER_MAGIC, .cf = LV_COLOR_FORMAT_A8, .w = 20, .h = 20, .stride = 20 }, .data_size = 400, .data = icon_file_text_20_map },
    { .header = { .magic = LV_IMAGE_HEADER_MAGIC, .cf = LV_COLOR_FORMAT_A8, .w = 16, .h = 16, .stride = 16 }, .data_size = 256, .data = icon_folder_16_map },
    { .header = { .magic = LV_IMAGE_HEADER_MAGIC, .cf = LV_COLOR_FORMAT_A8, .w = 20, .h = 20, .stride = 20 }, .data_size = 400, .data = icon_folder_20_map },
    { .header = { .magic = LV_IMAGE_HEADER_MAGIC, .cf = LV_COLOR_FORMAT_A8, .w = 16, .h = 16, .stride = 16 }, .data_size = 256, .data = icon_help_circle_16_map },
    { .header = { .magic = LV_IMAGE_HEADER_MAGIC, .cf = LV_COLOR_FORMAT_A8, .w = 24, .h = 24, .stride = 24 }, .data_size = 576, .data = icon_help_circle_24_map },
    { .header = { .magic = LV_IMAGE_HEADER_MAGIC, .cf = LV_COLOR_FORMAT_A8, .w = 40, .h = 40, .stride = 40 }, .data_size = 1600, .data = icon_help_circle_40_map },
    { .header = { .magic = LV_IMAGE_HEADER_MAGIC, .cf = LV_COLOR_FORMAT_A8, .w = 16, .h = 16, .stride = 16 }, .data_size = 256, .data = icon_home_16_map },
    { .header = { .magic = LV_IMAGE_HEADER_MAGIC, .cf = LV_COLOR_FORMAT_A8, .w = 20, .h = 20, .stride = 20 }, .data_size = 400, .data = icon_home_20_map },
    { .header = { .magic = LV_IMAGE_HEADER_MAGIC, .cf = LV_COLOR_FORMAT_A8, .w = 16, .h = 16, .stride = 16 }, .data_size = 256, .data = icon_info_circle_16_map },
    { .header = { .magic = LV_IMAGE_HEADER_MAGIC, .cf = LV_COLOR_FORMAT_A8, .w = 20, .h = 20, .stride = 20 }, .data_size = 400, .data = icon_info_circle_20_map },
    { .header = { .magic = LV_IMAGE_HEADER_MAGIC, .cf = LV_COLOR_FORMAT_A8, .w = 16, .h = 16, .stride = 16 }, .data_size = 256, .data = icon_keyboard_16_map },
    { .header = { .magic = LV_IMAGE_HEADER_MAGIC, .cf = LV_COLOR_FORMAT_A8, .w = 20, .h = 20, .stride = 20 }, .data_size = 400, .data = icon_keyboard_20_map },
    { .header = { .magic = LV_IMAGE_HEADER_MAGIC, .cf = LV_COLOR_FORMAT_A8, .w = 20, .h = 20, .stride = 20 }, .data_size = 400, .data = icon_layout_grid_20_map },
    { .header = { .magic = LV_IMAGE_HEADER_MAGIC, .cf = LV_COLOR_FORMAT_A8, .w = 26, .h = 26, .stride = 26 }, .data_size = 676, .data = icon_layout_grid_26_map },
    { .header = { .magic = LV_IMAGE_HEADER_MAGIC, .cf = LV_COLOR_FORMAT_A8, .w = 20, .h = 20, .stride = 20 }, .data_size = 400, .data = icon_list_20_map },
    { .header = { .magic = LV_IMAGE_HEADER_MAGIC, .cf = LV_COLOR_FORMAT_A8, .w = 26, .h = 26, .stride = 26 }, .data_size = 676, .data = icon_list_26_map },
    { .header = { .magic = LV_IMAGE_HEADER_MAGIC, .cf = LV_COLOR_FORMAT_A8, .w = 14, .h = 14, .stride = 14 }, .data_size = 196, .data = icon_map_pin_14_map },
    { .header = { .magic = LV_IMAGE_HEADER_MAGIC, .cf = LV_COLOR_FORMAT_A8, .w = 20, .h = 20, .stride = 20 }, .data_size = 400, .data = icon_map_pin_20_map },
    { .header = { .magic = LV_IMAGE_HEADER_MAGIC, .cf = LV_COLOR_FORMAT_A8, .w = 20, .h = 20, .stride = 20 }, .data_size = 400, .data = icon_microphone_20_map },
    { .header = { .magic = LV_IMAGE_HEADER_MAGIC, .cf = LV_COLOR_FORMAT_A8, .w = 26, .h = 26, .stride = 26 }, .data_size = 676, .data = icon_microphone_26_map },
    { .header = { .magic = LV_IMAGE_HEADER_MAGIC, .cf = LV_COLOR_FORMAT_A8, .w = 16, .h = 16, .stride = 16 }, .data_size = 256, .data = icon_palette_16_map },
    { .header = { .magic = LV_IMAGE_HEADER_MAGIC, .cf = LV_COLOR_FORMAT_A8, .w = 20, .h = 20, .stride = 20 }, .data_size = 400, .data = icon_palette_20_map },
    { .header = { .magic = LV_IMAGE_HEADER_MAGIC, .cf = LV_COLOR_FORMAT_A8, .w = 16, .h = 16, .stride = 16 }, .data_size = 256, .data = icon_pencil_16_map },
    { .header = { .magic = LV_IMAGE_HEADER_MAGIC, .cf = LV_COLOR_FORMAT_A8, .w = 20, .h = 20, .stride = 20 }, .data_size = 400, .data = icon_pencil_20_map },
    { .header = { .magic = LV_IMAGE_HEADER_MAGIC, .cf = LV_COLOR_FORMAT_A8, .w = 16, .h = 16, .stride = 16 }, .data_size = 256, .data = icon_photo_16_map },
    { .header = { .magic = LV_IMAGE_HEADER_MAGIC, .cf = LV_COLOR_FORMAT_A8, .w = 20, .h = 20, .stride = 20 }, .data_size = 400, .data = icon_photo_20_map },
    { .header = { .magic = LV_IMAGE_HEADER_MAGIC, .cf = LV_COLOR_FORMAT_A8, .w = 18, .h = 18, .stride = 18 }, .data_size = 324, .data = icon_player_play_18_map },
    { .header = { .magic = LV_IMAGE_HEADER_MAGIC, .cf = LV_COLOR_FORMAT_A8, .w = 22, .h = 22, .stride = 22 }, .data_size = 484, .data = icon_player_play_22_map },
    { .header = { .magic = LV_IMAGE_HEADER_MAGIC, .cf = LV_COLOR_FORMAT_A8, .w = 16, .h = 16, .stride = 16 }, .data_size = 256, .data = icon_plug_16_map },
    { .header = { .magic = LV_IMAGE_HEADER_MAGIC, .cf = LV_COLOR_FORMAT_A8, .w = 20, .h = 20, .stride = 20 }, .data_size = 400, .data = icon_plug_20_map },
    { .header = { .magic = LV_IMAGE_HEADER_MAGIC, .cf = LV_COLOR_FORMAT_A8, .w = 18, .h = 18, .stride = 18 }, .data_size = 324, .data = icon_plus_18_map },
    { .header = { .magic = LV_IMAGE_HEADER_MAGIC, .cf = LV_COLOR_FORMAT_A8, .w = 22, .h = 22, .stride = 22 }, .data_size = 484, .data = icon_plus_22_map },
    { .header = { .magic = LV_IMAGE_HEADER_MAGIC, .cf = LV_COLOR_FORMAT_A8, .w = 16, .h = 16, .stride = 16 }, .data_size = 256, .data = icon_power_16_map },
    { .header = { .magic = LV_IMAGE_HEADER_MAGIC, .cf = LV_COLOR_FORMAT_A8, .w = 20, .h = 20, .stride = 20 }, .data_size = 400, .data = icon_power_20_map },
    { .header = { .magic = LV_IMAGE_HEADER_MAGIC, .cf = LV_COLOR_FORMAT_A8, .w = 18, .h = 18, .stride = 18 }, .data_size = 324, .data = icon_refresh_18_map },
    { .header = { .magic = LV_IMAGE_HEADER_MAGIC, .cf = LV_COLOR_FORMAT_A8, .w = 22, .h = 22, .stride = 22 }, .data_size = 484, .data = icon_refresh_22_map },
    { .header = { .magic = LV_IMAGE_HEADER_MAGIC, .cf = LV_COLOR_FORMAT_A8, .w = 18, .h = 18, .stride = 18 }, .data_size = 324, .data = icon_repeat_18_map },
    { .header = { .magic = LV_IMAGE_HEADER_MAGIC, .cf = LV_COLOR_FORMAT_A8, .w = 22, .h = 22, .stride = 22 }, .data_size = 484, .data = icon_repeat_22_map },
    { .header = { .magic = LV_IMAGE_HEADER_MAGIC, .cf = LV_COLOR_FORMAT_A8, .w = 16, .h = 16, .stride = 16 }, .data_size = 256, .data = icon_rotate_16_map },
    { .header = { .magic = LV_IMAGE_HEADER_MAGIC, .cf = LV_COLOR_FORMAT_A8, .w = 20, .h = 20, .stride = 20 }, .data_size = 400, .data = icon_rotate_20_map },
    { .header = { .magic = LV_IMAGE_HEADER_MAGIC, .cf = LV_COLOR_FORMAT_A8, .w = 20, .h = 20, .stride = 20 }, .data_size = 400, .data = icon_settings_20_map },
    { .header = { .magic = LV_IMAGE_HEADER_MAGIC, .cf = LV_COLOR_FORMAT_A8, .w = 26, .h = 26, .stride = 26 }, .data_size = 676, .data = icon_settings_26_map },
    { .header = { .magic = LV_IMAGE_HEADER_MAGIC, .cf = LV_COLOR_FORMAT_A8, .w = 16, .h = 16, .stride = 16 }, .data_size = 256, .data = icon_shield_16_map },
    { .header = { .magic = LV_IMAGE_HEADER_MAGIC, .cf = LV_COLOR_FORMAT_A8, .w = 20, .h = 20, .stride = 20 }, .data_size = 400, .data = icon_shield_20_map },
    { .header = { .magic = LV_IMAGE_HEADER_MAGIC, .cf = LV_COLOR_FORMAT_A8, .w = 16, .h = 16, .stride = 16 }, .data_size = 256, .data = icon_sparkles_16_map },
    { .header = { .magic = LV_IMAGE_HEADER_MAGIC, .cf = LV_COLOR_FORMAT_A8, .w = 20, .h = 20, .stride = 20 }, .data_size = 400, .data = icon_sparkles_20_map },
    { .header = { .magic = LV_IMAGE_HEADER_MAGIC, .cf = LV_COLOR_FORMAT_A8, .w = 16, .h = 16, .stride = 16 }, .data_size = 256, .data = icon_sun_16_map },
    { .header = { .magic = LV_IMAGE_HEADER_MAGIC, .cf = LV_COLOR_FORMAT_A8, .w = 24, .h = 24, .stride = 24 }, .data_size = 576, .data = icon_sun_24_map },
    { .header = { .magic = LV_IMAGE_HEADER_MAGIC, .cf = LV_COLOR_FORMAT_A8, .w = 40, .h = 40, .stride = 40 }, .data_size = 1600, .data = icon_sun_40_map },
    { .header = { .magic = LV_IMAGE_HEADER_MAGIC, .cf = LV_COLOR_FORMAT_A8, .w = 96, .h = 96, .stride = 96 }, .data_size = 9216, .data = icon_sun_96_map },
    { .header = { .magic = LV_IMAGE_HEADER_MAGIC, .cf = LV_COLOR_FORMAT_A8, .w = 16, .h = 16, .stride = 16 }, .data_size = 256, .data = icon_thermometer_16_map },
    { .header = { .magic = LV_IMAGE_HEADER_MAGIC, .cf = LV_COLOR_FORMAT_A8, .w = 24, .h = 24, .stride = 24 }, .data_size = 576, .data = icon_thermometer_24_map },
    { .header = { .magic = LV_IMAGE_HEADER_MAGIC, .cf = LV_COLOR_FORMAT_A8, .w = 16, .h = 16, .stride = 16 }, .data_size = 256, .data = icon_timer_16_map },
    { .header = { .magic = LV_IMAGE_HEADER_MAGIC, .cf = LV_COLOR_FORMAT_A8, .w = 20, .h = 20, .stride = 20 }, .data_size = 400, .data = icon_timer_20_map },
    { .header = { .magic = LV_IMAGE_HEADER_MAGIC, .cf = LV_COLOR_FORMAT_A8, .w = 16, .h = 16, .stride = 16 }, .data_size = 256, .data = icon_tool_16_map },
    { .header = { .magic = LV_IMAGE_HEADER_MAGIC, .cf = LV_COLOR_FORMAT_A8, .w = 20, .h = 20, .stride = 20 }, .data_size = 400, .data = icon_tool_20_map },
    { .header = { .magic = LV_IMAGE_HEADER_MAGIC, .cf = LV_COLOR_FORMAT_A8, .w = 16, .h = 16, .stride = 16 }, .data_size = 256, .data = icon_trash_16_map },
    { .header = { .magic = LV_IMAGE_HEADER_MAGIC, .cf = LV_COLOR_FORMAT_A8, .w = 20, .h = 20, .stride = 20 }, .data_size = 400, .data = icon_trash_20_map },
    { .header = { .magic = LV_IMAGE_HEADER_MAGIC, .cf = LV_COLOR_FORMAT_A8, .w = 16, .h = 16, .stride = 16 }, .data_size = 256, .data = icon_user_16_map },
    { .header = { .magic = LV_IMAGE_HEADER_MAGIC, .cf = LV_COLOR_FORMAT_A8, .w = 20, .h = 20, .stride = 20 }, .data_size = 400, .data = icon_user_20_map },
    { .header = { .magic = LV_IMAGE_HEADER_MAGIC, .cf = LV_COLOR_FORMAT_A8, .w = 16, .h = 16, .stride = 16 }, .data_size = 256, .data = icon_volume_16_map },
    { .header = { .magic = LV_IMAGE_HEADER_MAGIC, .cf = LV_COLOR_FORMAT_A8, .w = 20, .h = 20, .stride = 20 }, .data_size = 400, .data = icon_volume_20_map },
    { .header = { .magic = LV_IMAGE_HEADER_MAGIC, .cf = LV_COLOR_FORMAT_A8, .w = 16, .h = 16, .stride = 16 }, .data_size = 256, .data = icon_wifi_16_map },
    { .header = { .magic = LV_IMAGE_HEADER_MAGIC, .cf = LV_COLOR_FORMAT_A8, .w = 20, .h = 20, .stride = 20 }, .data_size = 400, .data = icon_wifi_20_map },
    { .header = { .magic = LV_IMAGE_HEADER_MAGIC, .cf = LV_COLOR_FORMAT_A8, .w = 16, .h = 16, .stride = 16 }, .data_size = 256, .data = icon_wind_16_map },
    { .header = { .magic = LV_IMAGE_HEADER_MAGIC, .cf = LV_COLOR_FORMAT_A8, .w = 24, .h = 24, .stride = 24 }, .data_size = 576, .data = icon_wind_24_map },
    { .header = { .magic = LV_IMAGE_HEADER_MAGIC, .cf = LV_COLOR_FORMAT_A8, .w = 18, .h = 18, .stride = 18 }, .data_size = 324, .data = icon_x_18_map },
    { .header = { .magic = LV_IMAGE_HEADER_MAGIC, .cf = LV_COLOR_FORMAT_A8, .w = 22, .h = 22, .stride = 22 }, .data_size = 484, .data = icon_x_22_map },
};

static const struct {
    qz_icon_t icon;
    int px;
    unsigned glyph;
} qz_icon_index[] = {
    { QZ_ICON_ACTIVITY, 16, 0 },
    { QZ_ICON_ACTIVITY, 20, 1 },
    { QZ_ICON_ALERT_TRIANGLE, 16, 2 },
    { QZ_ICON_ALERT_TRIANGLE, 20, 3 },
    { QZ_ICON_ARROW_DOWN, 14, 4 },
    { QZ_ICON_ARROW_DOWN, 20, 5 },
    { QZ_ICON_ARROW_UP, 14, 6 },
    { QZ_ICON_ARROW_UP, 20, 7 },
    { QZ_ICON_BATTERY_1, 16, 8 },
    { QZ_ICON_BATTERY_1, 20, 9 },
    { QZ_ICON_BATTERY_2, 16, 10 },
    { QZ_ICON_BATTERY_2, 20, 11 },
    { QZ_ICON_BATTERY_3, 16, 12 },
    { QZ_ICON_BATTERY_3, 20, 13 },
    { QZ_ICON_BATTERY_4, 16, 14 },
    { QZ_ICON_BATTERY_4, 20, 15 },
    { QZ_ICON_BATTERY_OFF, 16, 16 },
    { QZ_ICON_BATTERY_OFF, 20, 17 },
    { QZ_ICON_BELL, 16, 18 },
    { QZ_ICON_BELL, 20, 19 },
    { QZ_ICON_BOLT, 16, 20 },
    { QZ_ICON_BOLT, 20, 21 },
    { QZ_ICON_BULB, 16, 22 },
    { QZ_ICON_BULB, 20, 23 },
    { QZ_ICON_CHART_BAR, 16, 24 },
    { QZ_ICON_CHART_BAR, 20, 25 },
    { QZ_ICON_CHECK, 16, 26 },
    { QZ_ICON_CHECK, 20, 27 },
    { QZ_ICON_CHEVRON_LEFT, 18, 28 },
    { QZ_ICON_CHEVRON_LEFT, 22, 29 },
    { QZ_ICON_CHEVRON_RIGHT, 14, 30 },
    { QZ_ICON_CHEVRON_RIGHT, 18, 31 },
    { QZ_ICON_CIRCLE_CHECK, 16, 32 },
    { QZ_ICON_CIRCLE_CHECK, 20, 33 },
    { QZ_ICON_CLOCK, 14, 34 },
    { QZ_ICON_CLOCK, 20, 35 },
    { QZ_ICON_CLOUD, 16, 36 },
    { QZ_ICON_CLOUD, 24, 37 },
    { QZ_ICON_CLOUD, 40, 38 },
    { QZ_ICON_CLOUD, 96, 39 },
    { QZ_ICON_CLOUD_FOG, 16, 40 },
    { QZ_ICON_CLOUD_FOG, 24, 41 },
    { QZ_ICON_CLOUD_FOG, 40, 42 },
    { QZ_ICON_CLOUD_FOG, 96, 43 },
    { QZ_ICON_CLOUD_RAIN, 16, 44 },
    { QZ_ICON_CLOUD_RAIN, 24, 45 },
    { QZ_ICON_CLOUD_RAIN, 40, 46 },
    { QZ_ICON_CLOUD_RAIN, 96, 47 },
    { QZ_ICON_CLOUD_SNOW, 16, 48 },
    { QZ_ICON_CLOUD_SNOW, 24, 49 },
    { QZ_ICON_CLOUD_SNOW, 40, 50 },
    { QZ_ICON_CLOUD_SNOW, 96, 51 },
    { QZ_ICON_CLOUD_STORM, 16, 52 },
    { QZ_ICON_CLOUD_STORM, 24, 53 },
    { QZ_ICON_CLOUD_STORM, 40, 54 },
    { QZ_ICON_CLOUD_STORM, 96, 55 },
    { QZ_ICON_CPU, 16, 56 },
    { QZ_ICON_CPU, 20, 57 },
    { QZ_ICON_DATABASE, 16, 58 },
    { QZ_ICON_DATABASE, 20, 59 },
    { QZ_ICON_DEVICE_DESKTOP, 16, 60 },
    { QZ_ICON_DEVICE_DESKTOP, 20, 61 },
    { QZ_ICON_DOWNLOAD, 16, 62 },
    { QZ_ICON_DOWNLOAD, 20, 63 },
    { QZ_ICON_DROPLET, 16, 64 },
    { QZ_ICON_DROPLET, 24, 65 },
    { QZ_ICON_EYE, 16, 66 },
    { QZ_ICON_EYE, 20, 67 },
    { QZ_ICON_EYE_OFF, 16, 68 },
    { QZ_ICON_EYE_OFF, 20, 69 },
    { QZ_ICON_FILE_TEXT, 16, 70 },
    { QZ_ICON_FILE_TEXT, 20, 71 },
    { QZ_ICON_FOLDER, 16, 72 },
    { QZ_ICON_FOLDER, 20, 73 },
    { QZ_ICON_HELP_CIRCLE, 16, 74 },
    { QZ_ICON_HELP_CIRCLE, 24, 75 },
    { QZ_ICON_HELP_CIRCLE, 40, 76 },
    { QZ_ICON_HOME, 16, 77 },
    { QZ_ICON_HOME, 20, 78 },
    { QZ_ICON_INFO_CIRCLE, 16, 79 },
    { QZ_ICON_INFO_CIRCLE, 20, 80 },
    { QZ_ICON_KEYBOARD, 16, 81 },
    { QZ_ICON_KEYBOARD, 20, 82 },
    { QZ_ICON_LAYOUT_GRID, 20, 83 },
    { QZ_ICON_LAYOUT_GRID, 26, 84 },
    { QZ_ICON_LIST, 20, 85 },
    { QZ_ICON_LIST, 26, 86 },
    { QZ_ICON_MAP_PIN, 14, 87 },
    { QZ_ICON_MAP_PIN, 20, 88 },
    { QZ_ICON_MICROPHONE, 20, 89 },
    { QZ_ICON_MICROPHONE, 26, 90 },
    { QZ_ICON_PALETTE, 16, 91 },
    { QZ_ICON_PALETTE, 20, 92 },
    { QZ_ICON_PENCIL, 16, 93 },
    { QZ_ICON_PENCIL, 20, 94 },
    { QZ_ICON_PHOTO, 16, 95 },
    { QZ_ICON_PHOTO, 20, 96 },
    { QZ_ICON_PLAYER_PLAY, 18, 97 },
    { QZ_ICON_PLAYER_PLAY, 22, 98 },
    { QZ_ICON_PLUG, 16, 99 },
    { QZ_ICON_PLUG, 20, 100 },
    { QZ_ICON_PLUS, 18, 101 },
    { QZ_ICON_PLUS, 22, 102 },
    { QZ_ICON_POWER, 16, 103 },
    { QZ_ICON_POWER, 20, 104 },
    { QZ_ICON_REFRESH, 18, 105 },
    { QZ_ICON_REFRESH, 22, 106 },
    { QZ_ICON_REPEAT, 18, 107 },
    { QZ_ICON_REPEAT, 22, 108 },
    { QZ_ICON_ROTATE, 16, 109 },
    { QZ_ICON_ROTATE, 20, 110 },
    { QZ_ICON_SETTINGS, 20, 111 },
    { QZ_ICON_SETTINGS, 26, 112 },
    { QZ_ICON_SHIELD, 16, 113 },
    { QZ_ICON_SHIELD, 20, 114 },
    { QZ_ICON_SPARKLES, 16, 115 },
    { QZ_ICON_SPARKLES, 20, 116 },
    { QZ_ICON_SUN, 16, 117 },
    { QZ_ICON_SUN, 24, 118 },
    { QZ_ICON_SUN, 40, 119 },
    { QZ_ICON_SUN, 96, 120 },
    { QZ_ICON_THERMOMETER, 16, 121 },
    { QZ_ICON_THERMOMETER, 24, 122 },
    { QZ_ICON_TIMER, 16, 123 },
    { QZ_ICON_TIMER, 20, 124 },
    { QZ_ICON_TOOL, 16, 125 },
    { QZ_ICON_TOOL, 20, 126 },
    { QZ_ICON_TRASH, 16, 127 },
    { QZ_ICON_TRASH, 20, 128 },
    { QZ_ICON_USER, 16, 129 },
    { QZ_ICON_USER, 20, 130 },
    { QZ_ICON_VOLUME, 16, 131 },
    { QZ_ICON_VOLUME, 20, 132 },
    { QZ_ICON_WIFI, 16, 133 },
    { QZ_ICON_WIFI, 20, 134 },
    { QZ_ICON_WIND, 16, 135 },
    { QZ_ICON_WIND, 24, 136 },
    { QZ_ICON_X, 18, 137 },
    { QZ_ICON_X, 22, 138 },
};

const lv_image_dsc_t *qz_icon(qz_icon_t icon, int px)
{
    int best = -1;
    size_t index;

    for (index = 0; index < sizeof(qz_icon_index) / sizeof(qz_icon_index[0]); index++) {
        const int candidate = qz_icon_index[index].px;
        if (qz_icon_index[index].icon != icon) continue;
        if (best < 0) {
            best = (int)index;
        } else if (candidate >= px && (qz_icon_index[best].px < px || candidate < qz_icon_index[best].px)) {
            best = (int)index; /* 不小于要求尺寸里最小的那一档 */
        } else if (qz_icon_index[best].px < px && candidate > qz_icon_index[best].px) {
            best = (int)index; /* 都比要求小：取最大的 */
        }
    }
    if (best < 0) return NULL;
    return &qz_icon_glyphs[qz_icon_index[best].glyph];
}
